#{"t_start": 1686127034.0516982, "env_id": null}
r,l,t
0.751378,11,1.769767
0.722357,11,1.805586
-1.7898,24,1.849134
0.742571,10,1.868084
0.729062,11,1.888031
0.763003,10,1.905982
0.754933,10,1.923935
0.757081,10,1.94089
-1.839323,22,1.979784
-1.836888,22,2.018507
-1.756396,21,2.055515
0.7538,10,2.074462
0.745094,10,2.093411
0.776575,9,2.112361
0.822119,8,2.126325
-1.799571,19,2.159236
0.807827,8,2.174197
0.826031,7,2.187162
0.855157,7,2.199129
0.831308,7,2.212094
0.842951,7,2.22506
0.81594,8,2.241018
0.829493,7,2.254011
-1.727454,17,2.282905
-1.734142,17,2.313919
0.788526,8,2.327857
0.826986,8,2.342814
0.843211,7,2.355779
0.809716,8,2.369743
0.826417,8,2.383705
0.816411,8,2.397793
0.811594,8,2.412753
0.835733,7,2.425719
0.821251,7,2.439681
0.811452,8,2.453644
0.821409,7,2.46663
0.840322,7,2.478578
0.833525,7,2.491543
0.849726,7,2.504511
0.85948,6,2.516479
0.859896,6,2.528446
0.86032,6,2.539417
0.872109,6,2.550388
0.859573,6,2.561358
0.86881,6,2.573326
0.884333,6,2.583299
0.861358,6,2.597262
0.883945,6,2.60923
0.889272,6,2.620908
0.856312,6,2.631882
0.857578,6,2.643849
0.885096,6,2.653822
0.883749,6,2.664793
0.880056,6,2.675763
0.872067,6,2.686734
0.873994,6,2.696707
-1.705709,15,2.723635
0.843493,7,2.736601
0.863998,6,2.747572
0.864506,6,2.758542
0.86438,6,2.769512
0.848456,7,2.782478
0.876543,6,2.793449
0.872992,6,2.80442
-1.771761,16,2.832898
0.822176,7,2.845864
0.851522,7,2.858829
-1.715527,16,2.887777
0.853146,7,2.900717
0.824088,7,2.912684
0.820688,7,2.926167
0.850436,7,2.939133
0.858096,7,2.952099
0.860826,7,2.967058
0.83286,7,2.983015
0.847219,7,2.995981
0.841415,7,3.00947
-1.775563,16,3.038302
0.832232,7,3.050742
0.869241,6,3.062343
0.832019,7,3.075874
0.855043,7,3.088659
0.85438,7,3.101872
0.83018,7,3.114093
0.845632,7,3.126546
0.855955,7,3.140675
0.832409,7,3.153521
0.865794,6,3.164847
0.871965,6,3.175818
0.866148,6,3.187314
0.867398,6,3.199762
0.856092,6,3.211963
0.868011,6,3.223341
0.878081,6,3.235783
0.853066,6,3.247708
0.863143,6,3.258392
0.873795,6,3.269444
0.84687,6,3.281123
0.859739,6,3.293439
0.8446,7,3.30562
0.863,6,3.316971
0.852683,6,3.328817
0.838926,7,3.341295
-1.703547,15,3.368593
0.865889,6,3.380595
0.868383,6,3.392578
0.858618,6,3.403602
0.881385,6,3.415176
0.874613,6,3.42631
0.8835,6,3.437747
0.885615,6,3.449152
0.856417,6,3.460122
0.873238,6,3.471093
0.878239,6,3.482064
0.856653,6,3.494031
0.854953,6,3.505003
0.862456,6,3.516491
0.856849,6,3.527461
-1.801559,15,3.554389
0.841899,7,3.567354
0.852622,6,3.579322
0.87947,6,3.590293
0.859721,6,3.601264
0.859396,6,3.613232
0.884802,6,3.6252
0.888204,6,3.637169
0.869,6,3.648139
0.866184,6,3.65911
0.886401,6,3.67008
0.89693,5,3.680053
0.856678,6,3.691024
0.865817,6,3.702992
0.862161,6,3.713964
0.861831,6,3.725449
-1.770544,15,3.752379
0.863877,6,3.764346
0.85441,6,3.776314
0.843729,7,3.788283
0.878204,6,3.799253
0.881763,6,3.810223
0.879477,6,3.822192
0.833397,7,3.835185
0.862047,6,3.847124
0.870538,6,3.858095
0.877777,6,3.869066
0.880383,6,3.880036
-1.714638,15,3.906965
0.836797,7,3.91993
0.856816,6,3.9309
0.850742,6,3.942869
0.847641,6,3.953839
0.857632,6,3.964809
0.885676,6,3.976778
0.851148,6,3.987748
0.872795,6,3.999717
0.859131,6,4.010687
-1.764967,15,4.036618
0.873349,6,4.048586
0.881742,6,4.059556
0.856414,6,4.070527
0.862497,6,4.081498
0.882278,6,4.092469
0.862582,6,4.103439
0.867884,6,4.114681
0.878641,6,4.125651
0.865249,6,4.136621
-1.816349,16,4.165544
0.88275,6,4.177512
0.870764,6,4.188483
0.855407,6,4.199453
0.869544,6,4.211823
0.888525,6,4.222766
0.866653,6,4.235731
0.879686,6,4.246703
0.867678,6,4.259667
0.869865,6,4.270639
0.858982,6,4.282606
0.846182,7,4.294574
0.871701,6,4.306547
0.83588,7,4.318514
0.856302,6,4.330483
0.839902,7,4.343447
-1.720945,15,4.369379
0.867437,6,4.381347
0.85739,6,4.392317
0.872584,6,4.403288
0.873584,6,4.415271
0.880622,6,4.426226
0.854488,7,4.439192
0.843562,7,4.452158
0.8503,7,4.464125
0.834131,7,4.478088
0.876183,6,4.489059
0.872521,6,4.501027
0.877441,6,4.512562
0.840261,7,4.526525
0.856032,6,4.537495
0.8563,6,4.55046
0.878248,6,4.562434
0.884532,6,4.573406
0.879283,6,4.584376
0.86834,6,4.596344
-1.716357,15,4.625142
0.855595,6,4.636113
0.862719,6,4.648081
0.871451,6,4.661046
0.854527,6,4.672018
0.87127,6,4.683985
0.836886,7,4.697947
0.864102,6,4.709916
-1.681912,15,4.737842
0.874311,6,4.749824
0.851126,7,4.764769
0.87192,6,4.777734
0.855316,6,4.789704
-1.696421,15,4.819136
0.853757,6,4.831103
0.857121,6,4.845066
0.866912,6,4.858032
0.849812,6,4.87
0.863271,6,4.881967
-1.746027,15,4.911888
-1.788417,16,4.943802
0.868683,6,4.955771
0.844031,7,4.969734
0.869173,6,4.981702
-1.779086,16,5.013616
-1.808986,17,5.045533
0.837048,7,5.058498
0.835923,7,5.071464
0.873645,6,5.083432
0.866798,6,5.0954
0.87115,6,5.106372
0.866098,6,5.117341
0.848152,6,5.129309
-1.730742,15,5.158232
0.873831,6,5.169203
0.848153,7,5.182168
0.842598,7,5.195133
0.86387,6,5.207101
0.870895,6,5.219069
0.857501,6,5.232033
0.850054,7,5.24501
0.865062,6,5.256969
0.837449,7,5.269933
0.871511,6,5.280904
0.853818,6,5.292872
0.873378,6,5.303843
0.862781,6,5.315329
0.864303,6,5.3263
0.882687,6,5.33727
-1.689016,15,5.3632
0.869072,6,5.374172
0.855468,6,5.385141
0.832244,7,5.398107
0.846501,7,5.410075
0.860949,6,5.422043
0.874952,6,5.433013
0.830984,7,5.444981
0.828554,7,5.457946
0.858384,7,5.469915
0.831052,7,5.482882
0.845753,7,5.495847
-1.745385,17,5.526281
0.832088,8,5.540243
0.827565,8,5.554902
0.83139,7,5.573852
0.856492,7,5.586844
0.855074,7,5.599781
0.854979,7,5.809767
0.831837,7,5.824727
0.830849,7,5.840684
0.871713,6,5.852652
0.839844,7,5.867613
0.865839,6,5.881575
0.833702,7,5.896534
0.841253,7,5.911495
0.866391,6,5.924478
0.864037,6,5.93844
0.873738,6,5.950409
0.846833,7,5.964371
0.829903,7,5.979331
0.854251,6,5.993294
0.838976,7,6.007257
0.874815,6,6.017755
0.837356,7,6.03072
0.884227,6,6.040693
0.877359,6,6.052662
0.877256,6,6.063632
0.84454,7,6.076598
0.853732,6,6.088567
0.833462,7,6.100533
0.847789,6,6.112502
0.871805,6,6.123513
0.860891,6,6.134483
0.88028,6,6.145454
0.864406,6,6.157422
0.869313,6,6.167903
0.848994,6,6.179871
0.867353,6,6.190842
0.858448,6,6.201813
0.85949,6,6.214778
0.870163,6,6.227913
0.879859,6,6.23988
0.884448,6,6.251848
0.85546,6,6.263816
0.890656,6,6.274815
0.871685,6,6.285758
0.883969,6,6.297727
0.866897,6,6.309694
0.869711,6,6.320695
0.878842,6,6.332663
0.86419,6,6.345629
0.858425,6,6.357597
0.856859,6,6.368178
0.895721,5,6.378123
0.853476,6,6.389094
0.877015,6,6.400065
0.868487,6,6.411036
0.862781,6,6.422009
0.888105,6,6.432979
0.862364,6,6.446942
0.870224,6,6.458939
0.879096,6,6.46935
0.872499,6,6.48032
0.862501,6,6.491292
0.875421,6,6.502263
0.861735,6,6.513235
-1.767815,15,6.540052
0.875708,6,6.550026
0.852212,6,6.561994
0.861587,6,6.573964
0.885501,6,6.584935
0.875084,6,6.596903
0.854547,6,6.607874
0.857579,6,6.619791
0.862486,6,6.630762
0.886191,6,6.641732
0.880191,6,6.652703
0.843181,7,6.664671
0.879658,6,6.675678
0.871157,6,6.68761
0.875901,6,6.69858
-1.774659,15,6.726029
0.879598,6,6.737997
-1.789074,15,6.765922
-1.737476,15,6.793847
0.853321,6,6.804818
0.851299,6,6.817303
0.857921,6,6.827759
0.857086,6,6.838731
0.866689,6,6.850698
0.877192,6,6.861669
0.864106,6,6.871642
0.857536,6,6.88361
0.862387,6,6.894581
0.875313,6,6.905551
0.881943,6,6.917413
0.871997,6,6.929381
0.880152,6,6.941348
0.870101,6,6.953316
0.843434,7,6.967279
0.840966,7,6.980968
0.865075,6,6.993933
0.868358,6,7.005901
0.881469,6,7.016453
0.854182,6,7.028421
0.880362,6,7.039392
0.86436,6,7.050361
0.869118,6,7.063328
0.851446,6,7.0743
0.873964,6,7.08528
0.879832,6,7.098234
0.883885,6,7.110203
0.851898,6,7.121258
0.854484,6,7.133227
0.887872,6,7.145193
0.878849,6,7.164143
0.896038,5,7.176112
0.866059,6,7.188078
0.861332,6,7.200047
0.861918,6,7.211017
0.864979,6,7.222084
0.878509,6,7.234051
0.870899,6,7.245022
0.881801,6,7.255992
0.862668,6,7.266963
0.878664,6,7.277934
0.867817,6,7.288904
-1.78211,15,7.315965
0.864674,6,7.32693
0.864276,6,7.337901
0.845812,7,7.349869
0.840241,7,7.362834
-1.704242,15,7.389762
0.851237,7,7.40173
-1.7034,16,7.430228
-1.750913,17,7.461144
0.809062,8,7.476105
0.84047,7,7.488072
0.821012,7,7.502035
0.811186,8,7.51737
0.808879,8,7.539313
0.842847,7,7.557297
0.859436,7,7.572224
0.855364,7,7.589179
0.831022,7,7.605137
0.824612,7,7.618627
0.85692,7,7.632621
0.834746,7,7.647551
0.817911,7,7.664529
0.858343,7,7.678468
0.87128,6,7.691432
0.871807,6,7.7034
0.833064,7,7.716876
0.86868,6,7.729837
0.834861,7,7.745794
0.818383,7,7.763748
0.838506,7,7.779705
0.864805,6,7.792669
0.832586,7,7.805635
0.86977,6,7.81681
0.868416,6,7.828775
0.850762,7,7.842821
-1.750765,16,7.871524
0.836789,7,7.884487
0.845483,7,7.897452
-1.783043,16,7.927372
-1.705281,16,7.956295
0.842135,7,7.969615
0.843814,7,7.983578
0.830591,7,7.996543
0.845063,7,8.008511
0.866861,6,8.020479
0.835128,7,8.033445
0.862131,6,8.044415
0.871885,6,8.057381
0.865839,6,8.068352
0.876734,6,8.079835
0.86097,6,8.090806
0.875383,6,8.101776
0.858107,6,8.112746
0.875944,6,8.124444
0.878733,6,8.135415
0.868875,6,8.147383
0.857486,6,8.158354
0.887871,6,8.169324
0.863332,6,8.180894
0.846991,6,8.192864
-1.686771,15,8.219792
-1.725252,16,8.251707
0.835499,7,8.264672
0.823527,7,8.279631
0.827512,7,8.293595
0.877495,6,8.304566
0.839171,7,8.317532
0.859911,6,8.329779
0.852406,7,8.342744
0.85292,7,8.355709
-1.712579,16,8.387624
0.835865,7,8.403582
0.8717,6,8.416547
0.841242,7,8.432505
0.8719,6,8.446467
0.833027,7,8.464419
0.865692,6,8.483368
0.863468,6,8.499326
0.856313,6,8.515282
0.874782,6,8.530243
0.888695,6,8.544205
0.875791,6,8.557171
0.870465,6,8.570137
-1.707256,15,8.605043
-1.718537,16,8.638953
0.826866,7,8.653913
0.861676,7,8.667875
0.829605,7,8.682837
0.874222,6,8.697794
0.831512,7,8.713752
-1.751148,17,8.748245
0.870166,6,8.762207
0.874751,6,8.77617
0.860101,6,8.788137
-1.672482,15,8.817061
0.8634,6,8.82903
0.856603,6,8.840998
0.851958,6,8.852964
-1.756779,15,8.879892
0.853348,6,8.89186
0.883498,6,8.90283
0.861459,6,8.915538
0.851869,6,8.926507
-1.693371,15,8.953434
0.85189,6,8.965402
0.870976,6,8.976373
0.855535,6,8.987344
0.867751,6,8.999311
0.86284,6,9.011279
0.863587,6,9.02225
0.856395,6,9.034218
0.8607,6,9.046187
0.86484,6,9.059154
0.85446,6,9.071768
0.864209,6,9.083738
0.854118,6,9.094708
0.875041,6,9.106241
0.882667,6,9.117938
0.869308,6,9.12939
0.870397,6,9.141851
0.871154,6,9.153414
0.849651,6,9.165809
0.871464,6,9.177776
0.874937,6,9.188486
0.852847,6,9.200908
0.876439,6,9.213645
0.859838,6,9.226125
0.865343,6,9.239231
0.860774,6,9.251019
0.839527,7,9.264487
0.830201,7,9.277597
0.832011,7,9.291696
0.858034,7,9.304083
0.845377,7,9.317619
0.826849,7,9.331581
0.865072,6,9.343549
0.864613,6,9.355517
-1.783307,16,9.38444
-1.757935,16,9.41436
0.853818,7,9.426718
0.856904,6,9.438686
0.880467,6,9.449658
0.841109,7,9.462644
-1.734559,16,9.491058
0.858785,7,9.504025
0.850295,7,9.517987
0.815199,8,9.531949
0.8154,8,9.546909
0.810262,8,9.560872
0.817631,8,9.575833
0.831163,7,9.589795
0.859086,7,9.60276
-1.779923,17,9.632851
-1.729949,17,9.663769
0.817617,8,9.678729
0.838482,7,9.690845
0.861924,7,9.70381
0.837747,7,9.716777
0.86639,6,9.728771
0.852147,7,9.741735
0.872083,6,9.75306
0.866207,6,9.764029
0.85439,6,9.775998
0.870992,6,9.787498
0.863666,6,9.800464
0.852284,7,9.813429
-1.788525,16,10.066876
0.875587,6,10.080838
0.846497,7,10.097793
0.832508,7,10.11375
0.829026,7,10.129491
0.84887,7,10.14445
0.83672,7,10.160408
0.823673,7,10.177363
0.840719,7,10.192828
0.836037,7,10.207788
0.830086,7,10.223745
0.827352,8,10.241697
0.830422,7,10.25566
0.814053,8,10.270619
0.839765,7,10.283585
0.830041,7,10.29655
0.84981,7,10.309516
0.836445,7,10.323479
0.829497,8,10.339075
0.826601,8,10.353061
0.830402,7,10.367
0.841881,7,10.379965
0.81049,8,10.393928
0.805512,8,10.408888
0.807289,8,10.423848
0.817414,7,10.436971
0.832527,7,10.45094
-1.717201,17,10.482854
-1.715702,17,10.512774
0.843457,7,10.525739
0.842667,7,10.537708
0.8555,7,10.550673
0.85359,7,10.563638
-1.788895,17,10.594556
0.809776,8,10.609515
0.812124,8,10.624476
0.814848,8,10.638438
0.83399,7,10.651814
0.85111,7,10.664728
0.857845,7,10.677692
0.843964,7,10.690658
0.830906,7,10.704621
0.848264,7,10.716589
0.830512,7,10.729554
-1.811367,17,10.761469
0.822624,7,10.774434
0.838913,7,10.7874
0.875009,6,10.79837
0.865016,6,10.810339
0.873788,6,10.822307
0.862625,6,10.834275
0.845131,7,10.84724
-1.765037,16,10.876163
0.834559,7,10.889127
0.824175,7,10.902093
0.869262,6,10.914061
0.846534,7,10.927027
0.872776,6,10.937997
0.867399,6,10.948968
0.83338,7,10.961934
0.832658,7,10.975895
0.837428,7,10.988861
0.860024,7,11.001827
0.856108,7,11.015818
0.852954,7,11.028779
-1.793593,17,11.058674
0.842411,7,11.071641
0.869851,6,11.083607
0.852611,7,11.096574
0.855164,7,11.108541
0.859349,7,11.121849
0.850349,7,11.133819
-1.707673,16,11.161745
0.8381,8,11.175707
0.801199,8,11.191665
0.782167,9,11.207622
0.765917,9,11.224577
0.825406,8,11.240594
0.788399,9,11.256553
0.803175,8,11.271513
0.818957,8,11.285475
0.792277,8,11.300436
0.779191,9,11.315396
0.802251,8,11.331353
-1.709278,17,11.365263
0.840781,7,11.378227
-1.799817,18,11.412138
-1.787449,19,11.452055
0.768847,9,11.470981
0.811276,8,11.486937
0.804592,8,11.502921
0.799864,8,11.518878
0.802518,8,11.533839
0.815488,8,11.549796
0.82328,7,11.563783
0.826896,7,11.57772
0.813807,8,11.592681
0.808782,8,11.608638
0.806797,8,11.623626
-1.73478,18,11.658012
-1.779866,18,11.690924
0.811215,8,11.706882
0.820695,8,11.722521
0.784717,9,11.739475
0.835374,8,11.755432
0.821885,8,11.771389
0.802196,8,11.792333
0.808604,8,11.807774
0.824272,7,11.820739
0.840748,7,11.833704
0.834214,7,11.848669
0.842022,7,11.861634
0.867013,6,11.87859
0.868173,6,11.893549
0.872285,6,11.906204
0.844326,7,11.919168
0.853277,6,11.931136
0.859242,6,11.943078
0.833436,7,11.957041
0.864422,6,11.968013
0.854682,6,11.980977
0.858244,6,11.992945
0.852119,6,12.003916
0.864588,6,12.017661
0.867963,6,12.030626
0.874155,6,12.042131
0.879555,6,12.053101
0.884291,6,12.065069
0.872355,6,12.077037
-1.695633,15,12.104965
-1.727251,16,12.136881
0.859272,7,12.150842
0.827735,7,12.165802
0.840199,7,12.180762
0.833553,7,12.194725
0.838728,7,12.20769
0.852937,7,12.221288
0.835366,7,12.236753
0.862749,7,12.250716
-1.743626,17,12.28319
0.817476,7,12.296155
0.84002,7,12.309121
0.839287,7,12.322087
0.838909,7,12.335662
0.833073,7,12.348627
0.872388,6,12.359598
0.864652,6,12.37057
0.863073,6,12.382536
0.856871,6,12.393509
0.850736,6,12.405477
0.856996,6,12.416446
0.881548,6,12.428061
0.883383,6,12.439032
0.859091,6,12.450004
0.875821,6,12.46197
0.872203,6,12.473938
0.859763,6,12.485907
0.879938,6,12.496877
0.880323,6,12.509403
0.851264,6,12.521372
0.855949,6,12.532853
0.867491,6,12.54482
-1.688106,15,12.572745
0.861107,7,12.585711
0.867197,6,12.597679
0.839288,7,12.610644
0.855402,7,12.623612
0.840934,7,12.637264
0.852526,7,12.650229
0.832816,7,12.663195
0.867725,6,12.675771
0.853341,7,12.687739
0.846121,7,12.701701
-1.733193,16,12.730624
0.850174,7,12.743589
0.854403,7,12.757552
0.862549,7,12.770516
0.834677,7,12.78448
0.8376,7,12.797446
0.858977,7,12.811408
0.836862,7,12.824905
0.85325,7,12.836983
0.830867,7,12.851302
0.856192,7,12.865265
0.832618,7,12.879228
0.858668,7,12.891724
0.850578,7,12.905686
0.87118,6,12.920647
0.834266,7,12.936897
0.84809,7,12.951852
0.851814,7,12.965815
0.854501,7,12.985808
0.836453,7,13.00571
0.844854,7,13.020669
0.860565,7,13.036973
0.856321,7,13.054921
0.83674,7,13.073871
0.850544,7,13.090826
0.835902,7,13.106783
0.840013,7,13.121744
0.859615,6,13.136728
0.841346,7,13.154802
0.865005,6,13.169763
0.849862,6,13.184721
0.882562,6,13.200679
0.875856,6,13.214642
0.868941,6,13.228631
0.867435,6,13.241589
-1.775182,15,13.27548
0.861718,6,13.289443
0.884314,6,13.302408
0.854272,6,13.31637
0.874496,6,13.329334
0.8328,7,13.345293
0.873999,6,13.36125
0.865122,6,13.377206
0.866516,6,13.392167
0.848901,7,13.407128
0.83771,7,13.423084
0.859705,6,13.435246
0.839192,7,13.452201
0.875141,6,13.465166
0.879078,6,13.478131
0.858216,6,13.491096
0.87132,6,13.504061
-1.815921,16,13.541144
-1.797961,16,13.575053
0.855997,6,13.588018
0.847411,6,13.600984
0.862322,6,13.61794
0.871587,6,13.633897
0.878622,6,13.648886
0.874746,6,13.663846
0.866638,6,13.678806
0.836605,7,13.696758
0.864599,7,13.715708
0.840767,7,13.732661
0.873138,6,13.746024
0.85978,6,13.760985
0.868498,6,13.775943
0.851394,7,13.793896
0.853857,7,13.811848
0.868735,6,13.826807
0.843063,7,13.845268
0.877845,6,13.85923
0.85831,6,13.873192
0.84322,7,13.888152
0.8428,7,13.906104
0.868324,6,13.91907
0.853597,7,13.935028
0.837571,7,13.950119
0.831952,7,13.965078
-1.775898,16,14.000982
0.863576,6,14.014952
0.847166,6,14.030904
0.871492,6,14.045861
-1.694882,15,14.079772
0.845468,7,14.095729
0.850243,7,14.110688
0.839487,7,14.126646
0.855006,7,14.141606
0.851988,7,14.157563
0.844166,7,14.173523
0.833643,7,14.189478
0.86363,6,14.202443
0.861256,6,14.216407
0.865155,6,14.231366
0.879559,6,14.24533
0.860975,6,14.477707
0.845061,7,14.494661
0.853274,6,14.509453
0.837833,7,14.526408
0.849674,6,14.543362
0.846635,6,14.558829
0.855061,6,14.574787
0.87545,6,14.590743
0.842258,7,14.608695
0.878015,6,14.623656
0.863059,6,14.638242
0.86946,6,14.654706
-1.716487,15,14.687619
0.870865,6,14.700584
0.864949,6,14.713549
0.884002,6,14.726515
0.85537,6,14.740005
0.857027,6,14.753648
0.864751,6,14.766614
0.882616,6,14.780576
0.869221,6,14.793542
0.874316,6,14.807504
0.862981,6,14.820469
0.850444,6,14.833435
0.881288,6,14.84826
0.866691,6,14.861226
0.881493,6,14.875188
0.86648,6,14.887157
-1.770167,15,14.921065
0.86523,6,14.935028
0.853566,6,14.946996
-1.683366,15,14.97891
0.836531,7,14.993872
0.858374,7,15.009828
0.873518,6,15.021798
0.87088,6,15.035759
-1.820218,17,15.070695
0.827168,7,15.086651
0.846659,7,15.102609
0.875374,6,15.114577
0.832986,7,15.129538
0.863853,7,15.144497
0.846173,7,15.159461
0.850531,7,15.173423
0.839476,7,15.188384
0.838848,7,15.202345
0.848128,7,15.21631
-1.726673,16,15.254207
0.856796,7,15.269168
-1.808116,17,15.304075
0.83042,7,15.319034
0.824467,7,15.33502
-1.710784,16,15.367903
0.846685,7,15.38386
0.838978,7,15.399819
0.804049,8,15.416774
0.815745,8,15.431733
0.797696,8,15.446693
0.82124,8,15.46265
0.839829,7,15.476613
0.850847,7,15.490577
0.827628,7,15.504538
0.848266,7,15.518006
0.847408,7,15.530971
0.826677,7,15.543938
0.840192,7,15.557899
0.833607,7,15.570865
0.838147,7,15.584828
0.836182,7,15.597793
0.826979,7,15.610759
0.836932,7,15.624721
0.860633,7,15.638683
0.858168,7,15.651649
0.837834,7,15.664614
0.870804,6,15.675584
0.86694,6,15.686555
0.858885,6,15.697526
0.866177,6,15.709494
0.868343,6,15.720059
0.876175,6,15.731028
0.887409,6,15.741999
0.877329,6,15.75297
0.839556,7,15.764947
0.852208,6,15.776907
0.878134,6,15.787877
-1.78736,15,15.814804
0.858329,6,15.825775
0.860398,6,15.836746
0.854382,6,15.847716
0.884238,6,15.858686
-1.725952,15,15.885615
0.873094,6,15.89661
0.855763,6,15.908553
0.860261,7,15.92152
0.857577,6,15.932489
0.873091,6,15.942977
0.836071,7,15.955943
0.845501,7,15.968908
0.8554,7,15.981873
0.849674,7,15.993841
0.872003,6,16.004813
0.831894,7,16.017131
0.849879,6,16.029098
0.854766,6,16.039661
0.855632,6,16.05163
0.880442,6,16.0626
0.843866,7,16.074569
0.873012,6,16.085539
0.850422,6,16.096511
0.862684,6,16.107481
0.865775,6,16.118957
0.854792,6,16.129927
0.849529,6,16.140899
0.878329,6,16.151897
0.857049,6,16.163862
0.870454,6,16.174808
0.869929,6,16.185778
0.865485,6,16.19675
0.871099,6,16.20772
0.881465,6,16.217692
0.879092,6,16.229661
0.856875,6,16.241629
0.860846,6,16.2526
0.861233,6,16.26357
0.860411,6,16.27454
0.87814,6,16.285513
0.867646,6,16.296484
0.868064,6,16.307454
0.87624,6,16.318424
0.876848,6,16.329394
-1.757655,15,16.356322
0.857455,6,16.367293
0.855922,6,16.378264
0.860946,6,16.389258
0.873481,6,16.399207
0.86413,6,16.411176
0.851739,6,16.422147
0.873687,6,16.433117
0.860564,6,16.443114
0.855261,6,16.454733
0.864196,6,16.465698
0.862415,6,16.477266
0.850786,6,16.488237
0.854451,6,16.499207
0.862179,6,16.510179
0.874525,6,16.521149
0.882647,6,16.532811
0.85642,6,16.544435
0.859316,6,16.555413
0.878237,6,16.56638
-1.714634,15,16.59231
0.85951,6,16.603281
0.877042,6,16.615249
0.87872,6,16.626219
-1.714075,15,16.652154
0.854638,7,16.664122
0.847726,6,16.67609
0.871775,6,16.687061
0.87423,6,16.698031
0.87635,6,16.708004
0.882215,6,16.718975
0.880285,6,16.729604
0.87536,6,16.741545
0.871346,6,16.752518
0.851606,6,16.763487
0.83893,7,16.776452
0.863997,6,16.787505
0.847228,6,16.798476
0.837725,7,16.811441
0.832984,7,16.823409
0.848084,7,16.835791
0.851623,7,16.848757
0.829419,7,16.861016
0.874026,6,16.871987
0.875688,6,16.883466
0.832589,7,16.895434
0.876374,6,16.906404
0.847733,7,16.918372
0.865985,6,16.929344
0.839921,7,16.942308
0.855087,6,16.953279
0.866185,6,16.964242
0.856355,6,16.976211
0.867153,6,16.987182
0.866991,6,16.99915
0.880175,6,17.01012
0.877245,6,17.02109
0.856318,6,17.032063
0.85098,6,17.043679
0.840719,7,17.056653
-1.79269,16,17.086325
0.865176,7,17.098293
0.839468,7,17.110261
0.862894,7,17.123226
0.857503,7,17.135959
0.814433,8,17.149921
0.826955,7,17.163884
0.84006,7,17.175853
0.834701,7,17.188817
0.860532,7,17.200787
0.84318,7,17.213751
0.827337,7,17.226718
0.870044,6,17.238687
0.841437,7,17.250655
0.857393,6,17.262623
0.839473,7,17.274591
0.873084,6,17.285562
0.83949,7,17.298527
0.874812,6,17.309498
0.842102,7,17.321465
0.872948,6,17.332438
0.839564,7,17.345187
0.841671,7,17.357156
0.874497,6,17.368125
-1.676075,15,17.395054
-1.711693,15,17.420985
-1.768208,16,17.44993
0.866708,6,17.460901
-1.753272,16,17.488826
0.873478,6,17.499797
0.832725,7,17.512762
0.843698,7,17.525728
-1.727165,16,17.552631
0.831777,7,17.565596
0.854989,6,17.577564
0.881779,6,17.587539
0.852816,6,17.598509
-1.693853,15,17.624439
0.86792,6,17.63641
0.868778,6,17.647382
0.877124,6,17.658351
0.86521,6,17.669322
0.843434,7,17.68129
0.874032,6,17.692263
0.856338,6,17.703232
0.864579,6,17.715199
0.87083,6,17.726172
0.853686,6,17.736396
0.878934,6,17.747367
0.884012,6,17.758337
0.880139,6,17.770305
0.873946,6,17.781275
0.886167,6,17.793244
0.888004,6,17.803217
0.856909,6,17.814188
0.88554,6,17.825166
0.880047,6,17.836468
0.875582,6,17.847384
0.872826,6,17.858355
0.877873,6,17.868328
-1.780368,15,17.894287
0.868873,6,17.90523
0.867057,6,17.917199
0.834657,7,17.929166
0.85815,6,17.940936
0.880875,6,17.950909
0.885416,6,17.96188
0.850345,6,17.97285
0.872085,6,17.984819
0.855545,6,17.99579
0.883238,6,18.005763
0.883369,6,18.017731
0.885728,6,18.028702
0.885013,6,18.039124
0.871128,6,18.050094
0.879649,6,18.061065
0.882794,6,18.072036
0.86329,6,18.083006
0.870132,6,18.093976
0.861244,6,18.104947
0.884195,6,18.116915
0.849382,6,18.127405
0.882859,6,18.138294
0.852665,6,18.149265
0.870131,6,18.160235
0.885189,6,18.170208
0.856718,6,18.182177
0.886712,6,18.192149
0.891041,6,18.20312
0.851522,6,18.214092
0.883876,6,18.225175
0.850386,6,18.237303
0.848457,6,18.248245
0.852801,6,18.259216
0.863574,6,18.270187
0.873814,6,18.281157
0.873173,6,18.292128
0.877587,6,18.3031
0.847219,7,18.316064
0.835697,7,18.329314
0.86175,6,18.340811
-1.809359,16,18.368737
0.842743,7,18.381702
0.864881,6,18.564922
0.857971,7,18.580878
0.856315,7,18.595839
0.854075,7,18.610798
0.840685,7,18.626755
0.834729,7,18.642713
0.873591,6,18.656676
0.841055,7,18.671636
0.833142,7,18.686596
0.806466,8,18.705545
0.84952,7,18.72153
0.808205,8,18.739845
0.811781,8,18.757798
0.836986,7,18.770761
0.837983,7,18.784724
-1.723575,17,18.817637
0.842037,7,18.8316
0.871159,6,18.844565
0.827543,7,18.857532
0.836274,7,18.870495
-1.778352,16,18.901413
0.871448,6,18.913868
0.829773,7,18.927858
0.854552,7,18.940796
0.865892,6,18.951766
0.864182,6,18.964732
0.849086,7,18.977697
0.841728,7,18.990662
0.847239,7,19.00263
-1.796304,17,19.034545
-1.817618,18,19.068015
0.815969,8,19.082975
0.848368,7,19.09594
0.846312,7,19.109903
0.820256,8,19.124863
0.841751,7,19.137337
0.836291,8,19.153323
0.792318,8,19.168254
0.825085,8,19.184212
0.853989,7,19.197178
0.813746,8,19.212137
0.851735,7,19.226101
0.853371,7,19.24106
0.816423,8,19.25602
0.801025,8,19.271756
0.843416,7,19.284722
0.810462,8,19.299682
0.82578,7,19.312648
0.824088,7,19.32661
0.822884,7,19.340572
0.834059,7,19.353538
0.827347,7,19.36666
0.838812,7,19.380616
0.845982,7,19.392584
0.867227,6,19.404552
0.839388,7,19.417519
0.859324,6,19.429486
0.838161,7,19.443448
0.841126,7,19.460402
0.870617,6,19.473368
0.853652,6,19.486334
0.880022,6,19.499298
0.859294,6,19.512265
0.872867,6,19.524232
0.846078,7,19.542184
0.847364,7,19.558141
0.861402,6,19.571107
-1.683888,15,19.601063
0.852838,6,19.612995
0.874806,6,19.62596
0.869122,6,19.637931
0.864603,6,19.651893
0.869258,6,19.667851
0.863416,6,19.682811
0.876613,6,19.69478
0.861379,6,19.705782
0.85245,6,19.716753
-1.688113,15,19.744678
-1.153429,8,19.759639
0.884522,6,19.770608
0.870598,6,19.782577
0.871452,6,19.795542
0.852971,7,19.808507
0.87361,6,19.819479
0.874248,6,19.831446
0.866058,6,19.843414
0.865288,6,19.854385
0.834697,7,19.86735
-1.773507,16,19.895275
0.822044,7,19.910236
0.853198,7,19.923201
0.844412,7,19.936796
0.821223,7,19.950758
0.827525,7,19.964721
0.815727,8,19.980678
0.81042,8,19.999653
0.802316,8,20.015585
0.831822,7,20.030545
0.84792,7,20.044509
0.825971,7,20.060466
0.805562,8,20.082408
0.818351,7,20.099361
0.826019,7,20.115319
0.843286,7,20.130278
0.833966,7,20.144241
0.8294,7,20.158203
0.849839,7,20.172167
0.8296,7,20.187127
0.827647,7,20.203084
0.838786,7,20.216049
0.863315,7,20.231009
0.863402,6,20.243975
0.830651,7,20.257937
0.860577,7,20.270902
0.837905,7,20.283868
0.868047,6,20.295836
0.876432,6,20.307804
0.830401,7,20.320769
0.829886,7,20.333735
0.854638,7,20.347697
0.864197,6,20.359665
0.860362,6,20.371634
-1.805002,16,20.400556
0.873762,6,20.412905
0.841448,7,20.42587
0.848659,7,20.43868
0.876243,6,20.450647
0.856913,6,20.461617
0.840681,7,20.47558
0.871437,6,20.486552
0.828679,7,20.500514
0.865499,6,20.511484
0.859448,6,20.523453
0.855573,6,20.53542
0.849343,6,20.547253
0.855672,6,20.559221
0.851854,6,20.570191
0.869556,6,20.581905
0.868962,6,20.593873
0.876293,6,20.604844
-1.728004,15,20.63277
0.855386,6,20.644739
0.859817,6,20.656706
0.851385,6,20.667676
0.854644,6,20.680641
-1.756468,16,20.711559
0.87169,6,20.724524
0.847879,7,20.737489
0.861096,6,20.748964
0.861622,6,20.76193
0.825342,7,20.777888
0.850481,7,20.791851
0.869141,6,20.803819
0.838502,7,20.81778
0.855954,6,20.830745
0.864757,6,20.842221
0.877267,6,20.853723
0.882702,6,20.866688
0.881921,6,20.877658
0.874902,6,20.889626
0.876119,6,20.901594
0.87811,6,20.912565
0.86151,6,20.924533
0.869976,6,20.935503
0.883641,6,20.94698
-1.81662,16,20.973908
0.877183,6,20.984904
0.840475,7,20.99787
0.83693,7,21.010835
0.830981,7,21.0238
0.876166,6,21.034771
0.857316,6,21.046897
0.862074,6,21.05806
0.863176,6,21.07006
0.847389,7,21.082253
0.852358,6,21.094221
0.867614,6,21.107186
0.86195,6,21.119154
0.859181,6,21.130125
0.862739,6,21.141096
0.84241,7,21.154597
0.872189,6,21.165568
0.874755,6,21.176241
0.856587,7,21.188201
0.845323,7,21.20138
0.84503,7,21.214348
0.837956,7,21.227314
0.872,6,21.239305
0.861553,6,21.249912
0.862648,6,21.261879
0.834312,7,21.273847
0.837857,7,21.287297
0.852888,7,21.300262
0.868813,6,21.311233
0.878911,6,21.322204
0.846506,7,21.335169
0.8768,6,21.346139
0.875663,6,21.35711
0.868207,6,21.368082
0.849992,6,21.380049
-1.731435,16,21.407973
0.838536,7,21.420939
0.829341,7,21.433905
0.849331,7,21.44687
0.864497,6,21.457841
0.826986,7,21.470806
0.870449,6,21.481777
0.845457,7,21.494742
0.843687,7,21.50671
0.858681,6,21.51768
0.837483,7,21.530646
0.852642,7,21.542613
-1.69415,16,21.571336
0.833341,7,21.584301
0.839286,7,21.59627
0.867253,6,21.60824
0.850835,7,21.621203
0.870579,6,21.633171
0.838758,7,21.646137
0.833818,7,21.659102
0.818082,7,21.672067
0.858112,7,21.684036
0.833878,7,21.697998
0.842374,7,21.709967
0.854423,7,21.722931
0.822846,7,21.735896
0.845973,7,21.747843
0.823488,7,21.760809
0.853584,7,21.773774
0.838687,7,21.78674
0.872033,6,21.797711
0.868853,6,21.80868
0.837653,7,21.821646
0.83436,7,21.834612
0.844097,7,21.847543
0.876443,6,21.858513
0.869398,6,21.869484
0.840286,7,21.881453
0.853789,6,21.892423
0.867591,6,21.90439
0.839204,7,21.917356
0.84812,6,21.928327
0.870793,6,21.939296
0.870434,6,21.950785
0.871587,6,21.961756
-1.78995,16,21.989682
0.858887,6,22.000652
0.870168,6,22.011623
0.873427,6,22.021621
0.876776,6,22.032568
0.875275,6,22.044535
0.859283,6,22.055466
0.838863,7,22.067434
0.860219,6,22.078404
0.872172,6,22.089375
0.866211,6,22.100345
0.878934,6,22.111316
0.859717,6,22.123286
0.866814,6,22.134254
-1.754384,15,22.160186
0.855697,6,22.172153
0.86847,6,22.182127
0.885159,6,22.194177
0.872093,6,22.20415
0.873237,6,22.216118
0.88314,6,22.228086
0.875339,6,22.239057
0.894594,5,22.248416
0.882877,6,22.259387
0.895315,5,22.26936
0.895658,5,22.278336
0.885949,6,22.289307
0.858199,6,22.300277
0.86432,6,22.311248
0.86454,6,22.322393
0.857806,6,22.333364
0.853184,6,22.344335
0.870661,6,22.355205
0.849578,6,22.365686
0.848505,6,22.377654
0.858492,6,22.389714
0.862661,6,22.400684
0.848825,6,22.411654
0.86328,6,22.423676
0.876097,6,22.433649
0.871358,6,22.444624
0.857386,6,22.455594
0.869407,6,22.467561
0.865777,6,22.478531
0.856172,7,22.490499
0.871051,6,22.501469
0.873687,6,22.513438
