#{"t_start": 1686077374.544132, "env_id": null}
r,l,t
4.008835,34,0.217432
3.812389,23,0.302564
4.67446,27,0.397762
4.558003,26,0.485845
4.419347,26,0.574844
23.19399,238,1.511666
133.95526,470,3.480418
2.558581,18,3.553009
11.98308,83,3.893187
3.839553,23,3.971835
4.077621,24,4.062191
4.627512,27,4.191715
4.700073,29,4.319261
6.049978,37,4.464897
4.524199,26,4.563425
4.24879,25,4.648993
3.21245,20,4.71871
4.66736,27,4.818177
5.82116,38,5.044744
3.577153,22,5.137215
6.185842,36,5.284737
3.904537,23,5.380055
4.535551,29,5.477501
4.133638,25,5.565398
5.619224,34,5.684719
5.951215,35,5.834598
3.724496,22,5.945462
3.323491,22,6.029796
4.179649,25,6.118559
3.756512,23,6.196799
4.334981,26,6.288313
13.422647,85,6.589678
96.8526,425,8.96824
4.780746,40,9.124281
4.189036,25,9.214921
51.136976,345,10.460402
6.640847,43,10.614566
4.118761,24,10.701235
5.482234,33,10.830063
3.671193,24,10.919255
1.752871,15,10.993432
3.252304,21,11.072779
3.819586,23,11.154432
12.936092,137,11.640694
7.457335,58,11.839454
3.703582,23,11.920781
4.307585,26,12.018353
4.764256,28,12.12301
3.639325,22,12.203287
22.538085,219,12.985601
7.12624,41,13.123202
3.93863,24,13.202152
6.854405,41,13.342268
5.257402,30,13.447219
5.882506,33,13.574485
6.381067,35,13.694317
4.283386,25,13.778212
5.593799,32,13.883465
3.981636,24,13.96386
4.008355,24,14.047038
4.456139,26,14.138102
14.03139,195,14.799994
1.983236,15,14.851846
5.025623,45,15.015752
3.364418,21,15.086809
14.797904,331,16.441065
4.454919,28,16.535666
14.617035,221,17.291768
5.138155,30,17.405115
3.684515,22,17.485686
8.317325,63,17.706948
4.47535,26,17.798247
4.461194,26,17.89006
5.748684,33,18.004143
249.878625,612,20.129804
8.251769,56,20.341595
6.987974,43,20.504493
4.779216,28,20.614952
6.813534,41,20.756086
9.424433,59,20.955585
13.351734,128,21.40404
3.2545,22,21.477376
183.480655,471,23.063471
122.897122,319,24.418552
1.625064,13,24.467129
69.458482,335,25.716203
16.191035,104,26.175806
3.273806,21,26.251182
4.630383,27,26.346793
5.506199,31,26.451048
82.066553,524,28.345891
5.029829,29,28.457074
21.27073,282,29.461621
22.633921,176,30.056547
20.550619,148,30.557415
8.345781,49,30.717426
2.597501,18,30.779331
12.022437,68,31.01486
45.19234,316,32.366361
29.492895,221,33.158664
8.343824,48,33.324879
61.620187,308,35.507498
69.068247,353,37.004726
4.58501,26,37.109856
8.601478,91,37.458982
20.192339,174,38.32944
2.894316,19,38.408144
16.910759,111,38.883684
4.151609,25,39.007387
11.173733,148,39.613253
5.795542,34,39.783726
12.033623,75,40.196202
3.485571,22,40.309287
4.299233,25,40.429258
6.140368,97,41.034747
74.775563,529,42.988369
70.060499,475,44.711377
5.489966,30,44.827933
32.645411,170,45.464356
15.027765,99,45.848802
16.467085,117,46.276846
15.429157,144,46.81258
7.877102,49,46.998181
36.293538,194,47.677152
5.757707,32,47.787318
32.474295,179,48.408577
10.232266,101,49.024248
42.931278,228,49.861365
42.597157,225,50.871261
25.472878,145,51.583854
27.289456,163,52.283216
9.361077,80,52.58503
49.131539,206,53.342276
164.348076,667,55.7002
4.440875,26,55.788917
3.086992,20,55.858239
19.442919,144,56.388848
4.693874,27,56.48641
12.691168,69,56.972889
4.245536,25,57.07475
4.741539,27,57.172685
42.354777,260,58.178137
35.200761,164,58.768226
6.884168,38,58.90459
6.228854,35,59.031161
5.286616,30,59.139085
135.867027,572,61.132261
8.209725,59,61.350669
30.244873,176,61.974718
7.266771,43,62.12318
5.45538,31,62.230898
29.125939,149,62.76248
17.57819,173,63.382389
2.392091,16,63.439901
4.38491,25,63.529346
36.614168,251,64.661447
10.214916,57,64.862276
4.458517,26,64.951841
7.795182,42,65.103224
4.690325,28,65.204609
87.392869,333,66.666433
27.591463,132,67.27067
37.119688,330,68.520636
11.809599,78,68.814225
5.518221,31,68.930104
33.240584,164,69.550512
28.594796,227,70.467489
21.115711,199,71.187715
4.461396,26,71.278699
22.72508,134,72.166617
4.64338,27,72.298118
10.944384,58,72.520187
4.658922,27,72.622178
4.326009,26,72.719283
211.566006,585,75.170722
5.011855,29,75.272634
6.508266,38,75.404107
10.715829,92,75.723191
7.600335,43,75.876108
6.41021,40,76.028587
4.021024,24,76.112356
4.502274,26,76.202686
10.832649,69,76.443688
8.170319,48,76.614444
4.44286,26,76.704549
5.208145,29,76.804436
9.326714,51,76.986402
4.007815,24,77.080045
4.124103,25,77.166046
5.319305,30,77.271485
6.931221,39,77.410649
6.563271,40,77.54538
4.027943,24,77.627782
5.236513,31,77.737766
5.121174,31,77.847476
10.041073,67,78.083717
4.351474,27,78.175282
4.002711,25,78.260422
3.622291,23,78.339476
4.614693,27,78.435428
4.460075,26,78.530213
8.083744,49,78.736807
5.335685,30,78.840142
18.981376,119,79.248808
5.18662,30,79.356159
5.147231,30,79.461916
9.861559,61,79.674391
4.312166,25,79.76198
6.33608,35,79.885958
6.704996,37,80.018879
3.949326,25,80.199053
4.921648,28,80.366917
5.062057,29,80.468678
14.896134,159,81.405657
10.343778,55,81.601313
3.25018,21,81.680578
6.99689,39,82.173625
8.513906,51,82.379126
3.557759,22,82.469513
4.543306,26,82.569731
5.184205,31,82.688133
6.452405,36,82.826803
7.082779,42,82.986871
7.269907,42,83.162853
3.963752,26,83.25596
8.206982,45,83.423029
11.459909,71,83.682538
4.694102,27,83.778253
8.333818,50,84.096579
5.583883,31,84.220211
8.21448,103,84.640876
39.056409,354,85.935872
4.552351,26,86.031856
5.660232,33,86.159354
9.42971,62,86.391457
9.686294,53,86.591159
4.767536,27,86.69003
4.961017,29,86.803239
6.34887,38,86.950689
4.187405,25,87.050443
4.77841,27,87.181335
5.214386,30,87.295132
7.844917,44,87.45612
6.527646,36,87.585331
5.786584,33,87.707171
11.136984,76,87.984428
15.90333,152,88.525662
42.65091,294,89.794317
4.52603,26,89.887594
4.899106,28,89.988161
4.611523,26,90.080668
4.426204,25,90.168006
4.751885,27,90.271205
4.607663,27,90.381364
4.913063,28,90.484029
4.326232,25,90.578695
4.637909,27,90.681971
5.521995,30,90.790595
5.404016,30,90.898495
4.007702,24,90.987918
4.697211,27,91.08529
4.744829,27,91.189032
4.350979,25,91.283639
4.442683,25,91.372835
4.608716,26,91.462823
4.40916,25,91.548166
5.307607,30,91.653635
5.124522,29,91.756319
5.705352,32,91.871085
4.899314,28,91.97374
4.117536,24,92.06849
5.678354,32,92.179665
4.864,28,92.272374
4.590277,27,92.366999
4.866123,28,92.466535
5.616081,31,92.575919
5.551344,32,92.687255
5.062989,28,92.786051
4.695972,27,92.880875
4.416394,27,92.973221
4.494914,26,93.067643
4.326199,25,93.162122
4.540662,26,93.260075
4.711603,27,93.362708
5.508523,32,93.478607
5.911813,33,93.592731
4.959265,29,93.692031
4.516235,26,93.788624
4.367784,25,93.879692
5.57456,32,94.001945
4.84161,28,94.105325
5.061882,29,94.208191
5.634108,32,94.322516
4.579349,26,94.41379
5.123,29,94.518699
4.468148,26,94.616989
7.557976,41,94.764722
5.456009,31,94.876019
4.491171,26,94.967268
4.493835,26,95.056747
4.955617,28,95.156258
4.55802,26,95.250207
4.916113,28,95.350157
5.356237,31,95.464131
5.181253,29,95.570767
4.714232,27,95.667545
5.04549,28,95.766972
4.82426,27,95.863122
7.641351,41,96.016612
4.775374,28,96.123319
5.309849,30,96.232277
4.356254,25,96.328641
4.405388,25,96.418103
4.813929,28,96.515076
4.396663,25,96.60682
4.445218,25,96.7906
5.106003,29,96.987613
4.778734,28,97.377987
5.854263,33,97.5052
7.539605,48,97.834026
4.175055,27,98.02825
4.765671,28,98.374581
5.078208,29,98.568374
4.073966,24,98.730032
4.311694,25,98.864875
4.547951,27,99.035384
4.038581,25,99.140147
4.466165,26,99.239635
6.186266,39,99.38711
6.116052,35,99.52314
4.368586,25,99.621055
3.950329,23,99.713155
5.058063,29,99.826604
4.518854,27,99.930519
4.821019,29,100.050539
4.308239,25,100.145902
4.647837,27,100.247721
3.871277,25,100.342176
6.646801,37,100.481822
5.235506,30,100.59219
5.273111,30,100.782909
4.551857,27,100.902315
4.491232,26,101.024459
4.331147,26,101.151497
4.311875,25,101.257614
4.924582,28,101.382767
4.570084,26,101.493683
4.718653,28,101.600738
4.911079,28,101.705848
5.231904,30,101.830107
8.234385,45,102.018016
8.147431,45,102.202319
5.539155,32,102.351058
10.004772,84,102.820864
4.650599,27,102.944842
4.520597,26,103.082333
4.378568,25,103.205225
5.966133,34,103.382195
4.629205,27,103.520848
7.913395,47,103.843745
5.720803,32,104.024717
4.673082,27,104.181503
6.711946,38,104.353214
7.578351,44,104.553964
7.63623,42,104.760616
4.927028,28,104.91168
6.123459,36,105.105295
3.332455,21,105.220044
5.021031,29,105.357881
5.091304,29,105.469793
4.394755,25,105.579861
4.429976,26,105.684433
4.989956,28,105.801969
4.617936,28,105.922809
4.381553,25,106.039584
4.528012,29,106.16005
5.619071,31,106.283456
5.048375,29,106.402789
4.611584,26,106.50364
4.649345,27,106.620241
6.070166,34,106.753305
5.10248,31,106.869377
6.712942,37,107.047646
6.815534,38,107.438485
4.71022,27,107.537957
4.466732,26,107.630045
4.135389,24,107.723559
5.878245,33,107.856422
5.124232,29,107.965438
6.322146,38,108.113502
4.409711,26,108.224217
4.533323,26,108.323978
4.824201,28,108.459401
4.875292,28,108.581072
4.896555,28,108.703205
4.453435,26,108.874368
4.742549,27,109.004996
6.036428,34,109.165984
5.718931,32,109.290406
6.294329,35,109.427633
4.701831,27,109.535648
5.477727,31,109.652702
4.584621,26,109.748176
6.058019,34,109.896473
4.902544,28,110.013387
4.194192,24,110.116394
6.020855,34,110.264753
4.707546,27,110.3755
3.923463,23,110.468943
4.186018,24,110.567226
4.835737,28,110.682843
4.419705,26,110.784126
4.477648,26,110.88417
4.315516,25,110.983375
4.182365,24,111.079244
5.299389,32,111.204699
4.455382,26,111.304891
4.72731,27,111.411935
6.172038,34,111.544237
8.763594,51,111.743499
6.550409,39,111.888942
4.178183,24,111.981315
4.692493,27,112.103007
4.839258,28,112.227346
4.214259,24,112.334957
5.103242,30,112.452945
4.025654,24,112.543984
4.493104,26,112.649007
4.599589,26,112.754828
6.636418,38,112.953198
5.263831,30,113.127092
4.769385,27,113.264832
4.353851,25,113.449665
5.036618,29,113.606184
6.556324,38,113.769329
6.84525,39,113.923328
6.185853,35,114.068384
5.10996,30,114.186734
3.946069,23,114.283731
5.011032,30,114.39201
6.528611,42,114.543402
4.640693,28,114.647239
4.637725,27,114.764989
4.455455,26,114.860319
4.856573,28,114.985337
5.494577,31,115.115069
6.610402,36,115.256216
4.522788,26,115.357671
4.498642,26,115.456164
5.145748,29,115.566408
6.081989,34,115.710217
4.126502,24,115.803521
4.646447,27,115.901422
4.485428,26,116.223424
5.615038,32,116.338578
4.3898,25,116.426043
4.399289,26,116.520011
4.780515,27,116.616802
4.425594,26,116.703719
4.909527,28,116.80012
5.435759,31,116.909409
4.551964,26,117.019887
4.245842,25,117.123043
4.078724,24,117.213813
5.035572,29,117.319814
5.126861,29,117.416423
5.186122,30,117.518369
4.601237,26,117.61245
4.870455,28,117.710428
4.656673,27,117.807861
5.620028,31,117.918027
4.381135,25,118.012779
4.387466,25,118.107413
4.507827,26,118.198069
4.585273,26,118.293052
5.008828,30,118.407233
4.573379,28,118.544379
4.916316,29,118.648313
4.209037,24,118.730167
4.622517,27,118.818399
4.82852,28,118.912085
4.406649,26,119.004049
4.519872,26,119.105621
5.137273,30,119.210241
4.371634,26,119.321707
5.127666,29,119.441709
4.665105,27,119.536695
4.473358,26,119.633387
4.836399,29,119.731615
4.589028,27,119.82202
4.102798,24,119.902279
4.54381,26,119.989011
4.259689,25,120.075843
4.503949,26,120.162141
4.542883,27,120.251674
4.130152,24,120.334535
4.357277,26,120.423651
4.74563,28,120.521782
6.549206,37,120.64687
4.460186,26,120.734889
4.361362,25,120.826078
4.383703,25,120.926973
6.012555,34,121.062022
4.177754,25,121.155226
4.549623,26,121.261928
4.214747,25,121.353638
4.361254,26,121.447986
4.244623,25,121.539711
4.50162,26,121.639986
4.752015,28,121.743247
4.297589,25,121.833834
4.716358,27,121.93377
6.438937,37,122.078015
4.60213,26,122.188188
4.874249,28,122.312239
5.006778,29,122.437545
4.352785,25,122.547337
4.485988,27,122.663218
4.576773,26,122.768892
4.391887,25,122.871782
3.977069,23,122.953926
5.278658,31,123.066885
6.541872,37,123.200431
4.350918,25,123.305827
5.601448,34,123.426039
4.453348,26,123.515722
4.275418,25,123.602952
4.903812,28,123.694636
4.820055,28,124.038322
4.558459,26,124.128243
4.390614,25,124.232258
6.682706,38,124.389903
4.671635,27,124.479541
4.917017,28,124.577199
4.406155,26,124.666902
5.509185,31,124.774579
4.346838,25,124.877761
5.566319,32,124.996886
4.226224,24,125.090011
4.819104,28,125.197076
4.054649,24,125.28702
5.517177,31,125.408051
4.221578,24,125.5
4.313075,25,125.595836
4.580778,27,125.69503
4.443082,26,125.785271
4.528523,26,125.888141
4.273402,25,125.977745
4.758785,27,126.089941
4.440873,25,126.188167
4.45146,26,126.346939
5.158925,29,126.447248
3.923567,23,126.531373
4.651861,27,126.628313
4.489563,26,126.721281
5.302986,30,126.828868
5.392181,30,126.932257
5.974384,34,127.052705
5.740307,32,127.168073
4.607376,27,127.262344
4.50946,26,127.355532
4.85004,28,127.454833
4.681588,27,127.547075
4.666248,27,127.641565
4.878802,28,127.741414
3.71702,22,127.822151
6.123236,35,127.945173
4.544857,26,128.039639
5.491128,31,128.15721
4.466548,26,128.251308
3.993916,23,128.336744
5.254804,30,128.441269
4.291114,25,128.527997
4.547804,26,128.617727
4.465235,26,128.711202
5.020546,29,128.811734
4.993271,28,128.906235
4.303563,25,128.992216
4.302463,25,129.090972
4.908719,28,129.187215
4.660059,27,129.294955
5.032887,29,129.41262
5.235823,30,129.537881
4.980417,28,129.652021
5.232128,31,129.787158
5.075309,29,129.936136
4.59098,26,130.067248
5.594857,32,130.19419
4.781567,27,130.299357
4.287983,25,130.404322
4.822926,27,130.514491
5.14391,30,130.63123
4.675854,27,130.736096
5.288343,30,130.858057
4.511826,26,130.96022
4.829539,28,131.070545
4.69097,27,131.173811
4.595228,26,131.281088
3.925504,23,131.380943
4.308484,25,131.47836
4.435208,26,131.580892
4.686818,27,131.687345
4.938432,28,132.039768
4.312846,25,132.141469
3.796798,23,132.227768
4.451245,26,132.324659
4.358729,26,132.423526
4.77517,27,132.532522
4.411287,26,132.624936
4.446896,26,132.725451
4.332032,25,132.816144
4.99017,28,132.926779
5.995336,34,133.043693
4.758554,27,133.14183
4.510748,26,133.232237
5.021046,28,133.335418
4.172845,24,133.41677
4.589408,27,133.513265
4.52018,26,133.602435
4.38843,26,133.690953
4.20375,25,133.773881
4.170236,24,133.858038
4.302771,25,133.941635
4.753003,27,134.032342
4.402792,25,134.119031
4.712919,27,134.209544
4.215583,25,134.293508
4.382853,25,134.381141
4.360925,25,134.466937
4.743441,27,134.557366
4.368925,25,134.640608
4.885134,28,134.734416
4.310363,25,134.821813
4.12936,24,134.903443
4.343282,25,134.986271
4.741138,27,135.077122
4.796409,28,135.17039
6.00729,33,135.292042
4.406497,26,135.393883
4.543143,26,135.48125
4.899362,28,135.575408
4.70523,29,135.672225
4.528832,26,135.760619
4.816484,27,135.887411
4.431677,25,135.991853
5.643924,32,136.136152
4.414596,25,136.277803
4.426372,26,136.577704
4.596458,26,136.709733
4.440549,25,136.807644
4.284191,25,136.894627
3.982833,23,136.975367
4.833099,27,137.06841
4.648361,27,137.158074
4.70526,27,137.24672
4.16604,25,137.333077
4.392784,25,137.420701
4.561636,26,137.507593
4.909295,28,137.60143
4.715411,27,137.694154
3.902997,23,137.771439
4.229364,25,137.860128
5.136621,29,137.95706
4.35289,25,138.046213
4.566492,26,138.140945
5.139532,29,138.239232
4.379412,25,138.324481
4.052294,24,138.417404
5.313501,30,138.535488
4.952593,28,138.630179
4.453929,26,138.72004
4.886245,28,138.865034
4.389895,25,138.949997
4.209143,25,139.069276
5.12097,29,139.166579
4.742342,27,139.257717
5.919246,33,139.372799
4.888867,28,139.46803
5.083161,29,139.565763
6.253023,35,139.904391
5.046373,29,140.004648
4.55472,26,140.099508
4.450268,26,140.190365
4.715966,27,140.288779
4.553387,26,140.388482
4.315675,25,140.482668
4.179096,24,140.587212
4.356902,25,140.732406
4.27087,25,140.836232
4.283867,25,140.921537
3.882079,23,141.012768
4.583109,26,141.105199
4.213326,24,141.190168
4.313884,25,141.274997
4.13286,24,141.360754
4.460988,26,141.449979
4.408456,25,141.533448
5.391902,30,141.635231
4.676273,27,141.728034
4.272938,25,141.817786
4.658375,27,141.911882
4.231932,24,142.006513
4.348523,26,142.123694
4.312816,25,142.221879
4.264866,25,142.316625
5.222476,30,142.433437
4.364317,25,142.535223
4.365257,25,142.637644
5.182646,29,142.757021
4.639339,26,142.870048
4.377739,25,142.976406
3.601188,22,143.063469
4.428359,25,143.17156
5.381469,31,143.305405
4.207476,24,143.402317
4.432817,25,143.498665
4.394275,25,143.593113
4.530144,26,143.69441
4.365257,25,143.784241
4.660957,27,143.878248
4.483706,26,143.970214
4.540649,26,144.066607
4.386359,25,144.15531
4.551067,26,144.244658
4.364336,25,144.338001
4.361139,25,144.432223
4.503444,26,144.521937
4.601993,26,144.612243
4.303846,25,144.693922
4.131017,24,144.774853
3.705988,22,144.848953
4.496825,26,144.936476
4.7616,27,145.026338
5.301981,30,145.130147
4.672259,27,145.22055
4.508859,26,145.310347
3.937467,23,145.389608
4.365257,25,145.474501
4.671087,27,145.568581
4.224579,24,145.648945
4.450401,26,145.734868
5.005038,29,145.830123
4.828389,27,145.921104
4.937403,28,146.016775
3.767283,23,146.093347
4.636307,27,146.182025
4.136641,24,146.265855
4.133234,24,146.346249
5.039554,28,146.439951
4.522574,26,146.526406
4.300561,25,146.609322
4.507787,26,146.694301
4.240781,25,146.777686
4.456538,26,146.864193
4.520988,26,146.950396
4.345795,25,147.033718
4.361856,25,147.116255
3.683905,22,147.188578
4.227607,24,147.26939
4.480727,26,147.58223
4.617383,27,147.67096
4.427858,25,147.754765
4.665087,27,147.843248
4.542301,26,147.930971
4.195663,25,148.026806
3.541774,22,148.101274
4.308512,25,148.18433
4.307722,25,148.267601
4.648665,26,148.357016
4.418149,25,148.449807
4.784063,27,148.547
4.345307,25,148.640365
4.192893,24,148.721709
4.459009,26,148.812891
5.648842,32,148.92257
4.338942,25,149.006194
4.5441,26,149.096181
4.486198,26,149.18259
4.573864,27,149.278904
4.365257,25,149.364116
4.802459,27,149.454921
4.361318,25,149.537324
4.363126,25,149.619907
4.314683,25,149.703253
4.40271,25,149.786549
4.267737,25,149.869227
4.123953,24,149.949877
4.377007,25,150.03356
4.081839,24,150.114176
4.401546,25,150.196947
4.798642,27,150.286923
4.28343,25,150.373828
4.391231,25,150.463614
4.462531,26,150.550133
4.490244,26,150.642698
4.533759,26,150.73144
4.273422,25,150.81463
4.632329,26,150.900625
4.653918,27,150.995313
4.265598,25,151.0878
4.683611,27,151.187143
4.186004,25,151.288819
4.393655,25,151.376638
4.084838,24,151.457195
4.439775,26,151.551364
4.470594,26,151.638531
4.432476,25,151.724967
4.912429,28,151.82556
4.447077,25,151.926876
4.053854,24,152.016872
4.455127,26,152.103961
4.480607,26,152.189215
4.800007,27,152.282003
4.970008,28,152.376572
4.171803,24,152.457366
4.409873,25,152.539287
4.395849,25,152.624081
4.455212,26,152.721216
5.404099,31,152.847849
5.565569,31,152.952382
4.618706,27,153.053164
4.462303,26,153.159312
4.2589,25,153.250074
4.673681,27,153.346314
4.203709,24,153.443715
4.859406,28,153.561328
4.339029,25,153.667366
4.525455,26,153.773995
4.531276,26,153.874465
5.424842,31,154.02647
4.434449,25,154.210345
4.84799,28,154.336772
4.375488,25,154.447848
4.643205,27,154.573994
4.391327,25,154.689936
4.634561,26,154.799966
4.037081,24,154.899637
4.650476,27,155.023529
4.6173,26,155.398173
4.486489,26,155.51861
5.00859,29,155.627252
4.309191,25,155.712547
4.359768,25,155.796395
4.406419,25,155.886363
4.688147,27,155.994183
4.488885,26,156.103831
4.309587,25,156.227954
4.753568,27,156.359721
4.471139,26,156.46139
4.160043,24,156.582093
4.270733,25,156.734554
4.222497,24,156.8198
4.129505,24,156.909001
4.842202,28,157.021154
4.398758,25,157.111855
4.322381,25,157.206598
4.294059,25,157.296811
4.470318,26,157.388955
4.76354,29,157.487318
4.504149,26,157.575546
4.67245,27,157.668144
4.497326,26,157.758768
4.011003,24,157.844039
4.470987,26,157.93284
4.185948,24,158.1935
5.102368,29,158.321983
4.300869,25,158.41189
4.622606,27,158.512048
5.134921,29,158.617997
4.730055,27,158.729148
4.025598,24,158.834695
4.201772,24,158.922004
4.989274,28,159.02095
4.406542,25,159.110755
4.402033,25,159.194429
7.38489,44,159.345117
3.739562,22,159.421496
5.392671,31,159.526351
4.384573,25,159.613948
4.475982,26,159.703321
4.656555,27,159.803167
4.302158,25,159.89731
4.435735,25,159.987377
4.226244,24,160.074545
4.347397,26,160.166056
4.365257,25,160.249813
4.64088,27,160.340964
4.288091,25,160.427274
4.410261,26,160.516102
4.357986,25,160.601404
4.127545,24,160.682663
4.119091,24,160.764875
4.512217,26,160.849377
4.671574,27,160.940416
5.129616,30,161.052848
4.55139,26,161.151941
4.343047,25,161.235832
4.365566,25,161.319737
5.375766,33,161.428153
4.854157,28,161.5728
4.472709,26,161.662452
4.258457,25,161.749756
5.016329,28,161.844364
4.940776,28,161.936126
4.403981,25,162.11645
4.468891,26,162.338115
4.414181,26,162.430616
4.868633,28,162.526575
4.170195,24,162.62421
4.572504,26,162.741446
4.399073,25,162.850768
4.398254,25,162.93733
3.939236,23,163.018036
4.195021,24,163.101551
4.62826,27,163.195227
4.281423,25,163.283424
4.444298,25,163.597139
4.44302,26,163.687741
4.29966,25,163.775377
6.449256,36,163.90412
4.260702,25,163.989734
4.365256,25,164.077145
4.349506,25,164.162889
4.402715,25,164.248579
4.382547,25,164.335922
4.119788,24,164.423006
4.29235,25,164.519942
4.32033,25,164.60761
4.441251,26,164.702948
3.991995,23,164.783086
4.438832,26,164.878652
4.315824,25,164.965249
5.247095,30,165.067323
4.657946,27,165.161901
4.90127,28,165.254116
4.440883,26,165.342484
4.400079,26,165.429617
4.577822,27,165.522008
4.400566,26,165.627434
4.134449,24,165.729932
4.281894,25,165.830219
4.396093,25,165.929047
4.392087,25,166.027621
4.540723,26,166.121748
4.659385,27,166.222501
4.434522,26,166.310988
3.935928,23,166.390078
4.302026,25,166.475471
4.015107,24,166.557674
4.472817,26,166.644079
5.261584,29,166.743166
4.947295,28,166.838188
4.069287,24,166.920963
4.332101,25,167.006392
4.576414,26,167.097677
4.530485,26,167.189326
4.271273,25,167.284627
4.314475,25,167.384111
4.425509,25,167.494366
4.596387,26,167.600871
4.572911,26,167.700585
5.267304,30,167.822415
5.683071,32,167.949777
7.765278,45,168.122305
4.392914,25,168.221518
4.382115,25,168.318891
4.167213,24,168.401349
4.608921,26,168.488715
4.536469,27,168.580743
4.872439,28,168.673935
4.022254,24,168.753021
4.464455,26,168.844816
4.316856,25,168.993747
4.555062,26,169.097049
4.574457,26,169.213293
5.184101,29,169.340057
4.921693,28,169.462479
4.354034,25,169.572165
4.22635,25,169.680936
4.688064,27,169.803347
4.503219,26,169.909753
4.390487,25,169.993978
4.03017,24,170.088363
4.177716,24,170.190018
4.343758,25,170.277418
4.58946,26,170.369671
4.47601,26,170.473642
4.601014,27,170.592026
5.809486,34,170.722978
5.029776,29,170.82215
5.263033,30,170.930729
4.380854,25,171.035199
5.780555,32,171.155387
4.646346,27,171.247033
4.21167,24,171.567239
4.099187,25,171.661374
4.329551,25,171.747052
4.378961,26,171.850014
3.893312,23,171.938284
4.77191,27,172.051129
5.273734,30,172.171244
4.19082,24,172.263886
5.165429,30,172.383283
4.768872,28,172.50097
3.918924,23,172.594286
4.716369,27,172.695035
4.187049,24,172.78676
6.632076,37,172.93201
4.9001,28,173.034192
4.136024,24,173.129272
4.593143,26,173.229695
4.397873,25,173.321626
4.455347,26,173.415744
4.85235,29,173.522202
4.426604,25,173.616915
4.133337,24,173.704176
4.594104,26,173.795479
4.488033,26,173.890895
4.068839,24,173.979634
4.796413,28,174.085507
5.256434,30,174.188954
4.296414,25,174.271983
5.549778,32,174.377556
4.805017,27,174.467019
4.787836,28,174.561207
4.730671,27,174.653487
4.527798,26,174.741759
5.384863,33,174.852094
4.672378,27,174.941739
4.747395,27,175.038496
6.537461,37,175.166296
4.515743,26,175.264113
4.454017,26,175.356985
4.543763,26,175.453333
4.601262,26,175.547627
5.031955,29,175.651565
5.625648,31,175.757997
4.800615,27,175.850793
4.580798,26,175.939847
4.422178,25,176.026584
4.957272,30,176.134221
4.195814,25,176.233826
6.813663,43,176.424212
5.054351,29,176.547001
6.124125,35,176.675937
4.431816,26,176.768689
4.121522,24,176.854558
5.469107,33,176.969809
4.99508,28,177.064243
5.182801,29,177.175515
4.114882,24,177.275711
4.275454,25,177.367807
4.336591,25,177.455212
4.710036,27,177.548912
4.296757,25,177.640447
4.390672,25,177.726113
4.981273,28,177.83039
4.660749,26,177.94833
4.646745,27,178.071502
5.050427,29,178.170859
4.727045,27,178.267278
3.892786,23,178.358649
4.399577,25,178.44775
4.572256,27,178.538232
5.940646,33,178.649767
6.583049,37,178.773349
3.94272,23,178.850236
4.539622,26,178.937035
4.293627,25,179.246369
4.417838,25,179.334207
6.436597,38,179.460288
4.384019,25,179.550361
3.979454,24,179.651654
4.562421,26,179.761229
4.367113,25,179.846972
4.541529,26,179.935448
4.403977,25,180.019162
4.343684,25,180.109529
5.32396,30,180.234352
4.807885,27,180.347187
4.513107,26,180.439024
4.405862,26,180.539615
4.215677,25,180.633503
4.888829,28,180.732658
4.648483,27,180.83736
3.987564,23,180.929883
4.424448,26,181.089482
4.38575,25,181.218156
4.444837,26,181.319365
5.007323,29,181.435053
4.630375,27,181.53483
3.655691,22,181.617462
4.716349,27,181.720111
4.453592,26,181.820272
4.705343,27,181.917021
4.913385,28,182.029061
4.843971,28,182.132627
4.322161,25,182.228424
4.342116,25,182.317356
4.394357,25,182.402656
4.587847,27,182.496541
4.530366,26,182.584509
3.773158,22,182.659285
4.3755,25,182.743557
4.375603,25,182.82931
4.473254,26,182.915924
5.486992,31,183.020078
5.805862,33,183.130506
4.640075,27,183.223232
4.473719,26,183.3113
4.69353,27,183.402569
5.026487,28,183.499729
5.402735,34,183.615529
4.969203,28,183.710811
4.944796,28,183.80348
5.048436,28,183.89633
4.401501,25,183.985442
5.112408,29,184.088793
5.312615,31,184.19283
4.54565,26,184.280346
5.302954,30,184.380758
5.38816,30,184.485486
4.405076,25,184.57177
4.605258,26,184.660715
4.505888,26,184.746984
4.268519,25,184.833908
5.133338,30,184.936761
4.78687,28,185.032182
4.022084,24,185.116199
3.94224,23,185.192736
4.443069,25,185.278144
6.228208,36,185.403508
4.627972,26,185.492924
4.072042,25,185.576792
4.252958,25,185.663211
3.972501,24,185.743794
4.589125,27,185.836387
4.244994,25,185.920455
4.334138,26,186.009609
4.010898,24,186.089607
4.584843,27,186.178066
4.430936,25,186.263187
4.515846,26,186.350633
4.285627,25,186.434506
4.036528,24,186.51833
4.597944,26,186.828935
4.477742,26,186.91673
4.498058,26,187.007811
4.346181,25,187.092302
4.572548,26,187.180289
4.682505,30,187.282589
3.98498,23,187.361612
4.759295,28,187.45465
4.658532,27,187.548012
4.266498,25,187.63565
4.767783,27,187.739109
4.799131,28,187.836678
4.325426,25,187.925245
4.405685,25,188.013697
4.850116,28,188.113532
4.441941,25,188.2023
4.79563,27,188.292633
4.667564,27,188.399639
4.390297,25,188.484968
4.508394,26,188.572481
4.788519,28,188.664422
4.716228,27,188.751992
4.462563,26,188.837192
4.942909,28,188.929769
4.248439,25,189.017738
5.36394,30,189.123984
5.53906,32,189.229969
4.420249,26,189.327224
3.981051,23,189.41636
4.514057,26,189.51901
3.860383,23,189.604417
4.471353,26,189.701475
4.518838,26,189.788317
4.569321,26,189.881566
4.074898,24,190.018111
4.45093,26,190.133357
4.418298,26,190.225412
4.540952,26,190.317212
4.638292,27,190.412167
4.162602,24,190.509866
4.37744,25,190.60666
4.971684,28,190.703137
5.166369,30,190.802937
5.433989,31,190.93062
4.304664,25,191.043449
7.27771,41,191.183714
5.103017,29,191.28245
4.682209,27,191.374477
5.410715,30,191.491314
3.995023,24,191.573786
4.531177,26,191.662103
5.476865,31,191.768674
4.564373,26,191.875561
4.578146,26,191.975862
5.678378,32,192.094427
4.449234,26,192.188595
5.316749,31,192.301563
4.180424,25,192.409241
4.599246,26,192.52124
4.392633,25,192.63112
4.334673,25,192.746639
3.768253,23,192.845689
6.125248,36,192.974945
5.415511,31,193.08746
5.638197,31,193.216397
6.054122,36,193.364154
4.396095,25,193.446816
4.933483,28,193.54284
3.137587,20,193.611927
3.932106,23,193.690873
3.86954,23,193.769426
4.549133,26,193.859051
4.931096,28,193.950834
5.698214,32,194.058999
4.934806,28,194.155816
3.942754,23,194.23315
4.850597,28,194.54274
5.054623,29,194.638744
5.105375,30,194.73885
5.302592,30,194.838646
4.418778,26,194.926269
4.671968,28,195.020753
4.349947,25,195.105562
4.971967,29,195.203317
4.37741,25,195.293292
4.67404,27,195.394098
4.758877,27,195.496887
4.429885,25,195.586643
4.345196,26,195.679828
4.868475,28,195.786889
4.203848,24,195.870631
4.915071,28,195.969877
4.958931,28,196.077438
4.32671,25,196.170664
4.307925,26,196.259712
4.446356,25,196.347276
5.779221,32,196.470479
4.429768,25,196.563354
4.098909,24,196.646582
5.030258,28,196.740508
3.979753,24,196.819975
4.504078,26,196.90422
4.383299,25,196.987138
5.067034,29,197.081709
4.514483,26,197.169442
4.405403,25,197.258658
4.537186,26,197.350051
4.610644,26,197.43642
4.627458,26,197.521603
4.288515,26,197.60655
5.304038,30,197.703431
4.655042,27,197.791565
7.039166,42,197.927582
4.683968,27,198.016906
6.035343,35,198.132131
4.385175,25,198.212145
4.399543,26,198.300708
4.596551,26,198.385496
4.375605,25,198.468397
5.278896,30,198.569271
4.840742,27,198.660778
6.598586,37,198.784101
4.612627,26,198.873599
4.7777,28,198.998097
4.516518,26,199.085459
4.931635,28,199.176358
5.699266,33,199.283711
4.055912,24,199.362701
3.635822,22,199.436131
4.819946,27,199.524498
4.435291,25,199.606574
4.273258,25,199.688742
4.344253,25,199.788359
4.61514,26,199.896025
4.735057,27,200.004169
4.643321,27,200.120802
3.724049,22,200.20711
4.450177,26,200.307302
4.546585,26,200.406854
4.975737,29,200.510976
4.935414,28,200.611743
4.787866,27,200.701305
4.536944,26,200.791881
4.00948,24,200.87394
3.774267,23,200.949316
4.773711,28,201.04131
5.677206,33,201.150414
4.755701,27,201.240139
5.180805,30,201.364822
4.998169,29,201.473179
4.464153,26,201.581573
4.997361,28,201.888502
4.578979,26,201.979494
4.609824,27,202.122859
4.774244,27,202.217579
4.446256,25,202.313099
5.403804,30,202.432911
4.154367,24,202.527923
4.467432,26,202.633389
4.628608,26,202.751448
4.555588,26,202.882341
4.450166,26,202.989597
5.461981,32,203.128099
4.292739,25,203.230078
4.275388,25,203.328258
4.33777,25,203.422955
4.103057,24,203.512326
6.233608,35,203.627903
4.805925,27,203.717748
4.47087,26,203.803206
4.354901,25,203.884431
4.518764,26,203.974156
4.564601,27,204.067602
4.530867,26,204.154937
6.407192,37,204.279562
4.820859,28,204.37127
4.354955,25,204.454075
4.175734,24,204.53479
4.833934,28,204.633969
5.188866,29,204.729614
4.27052,25,204.810706
4.444017,25,204.897537
4.336038,25,204.982325
4.907337,28,205.075054
4.419223,26,205.162764
4.285933,26,205.253502
4.578216,26,205.344133
4.207766,24,205.42517
4.175218,24,205.50934
5.171474,29,205.615599
5.455915,31,205.741666
4.44468,26,205.845506
4.201716,24,205.94853
4.306659,25,206.044233
4.301886,25,206.139582
4.853824,27,206.250657
4.342635,25,206.35131
4.475066,26,206.452547
4.770065,28,206.564983
4.774577,28,206.687774
4.846217,28,206.872896
4.536216,27,206.977418
3.796964,23,207.072651
4.043741,24,207.175292
4.404521,25,207.273314
4.870554,29,207.379986
4.407589,26,207.472972
4.204325,25,207.565823
4.386151,25,207.657186
5.811276,33,207.777215
7.105881,40,207.927665
4.503806,26,208.030937
4.354124,26,208.115752
4.117635,25,208.198755
3.139368,20,208.268891
4.357461,25,208.362587
4.414937,25,208.442817
4.402038,26,208.528051
4.601756,26,208.643697
3.730194,22,208.724371
5.517284,31,208.860662
4.333875,26,208.99746
4.392229,25,209.129059
4.743233,27,209.258598
4.561691,26,209.371029
4.786231,27,209.462631
4.251063,25,209.546726
4.563587,26,209.637319
4.644018,26,209.732774
4.802798,27,210.054527
5.131812,30,210.152993
4.129848,24,210.231724
4.535881,26,210.319662
4.900873,28,210.409455
4.442953,26,210.492282
4.878139,28,210.58392
4.391159,25,210.665225
4.637406,28,210.758411
4.192718,25,210.847736
4.701015,27,210.944468
4.261515,25,211.038535
4.07922,24,211.135345
4.357951,25,211.220089
4.554261,26,211.312948
4.429028,26,211.398168
4.355238,25,211.482606
4.804535,27,211.583496
4.26458,25,211.675008
4.212881,24,211.76772
4.647392,27,211.865609
4.651389,27,211.960916
4.42802,26,212.076644
4.667475,28,212.173202
4.748627,27,212.268157
7.471439,42,212.431369
5.670096,32,212.562367
4.347988,25,212.656383
4.379024,25,212.766474
4.876759,29,212.888852
4.24449,25,212.992972
3.684394,22,213.085803
4.550897,28,213.199191
4.44671,26,213.306888
4.528709,27,213.418528
4.46144,26,213.513872
4.040934,24,213.599535
4.360694,25,213.700203
5.349467,30,213.813743
4.184761,24,213.897304
4.945401,28,213.996015
4.694136,27,214.0889
4.616179,27,214.180136
5.492914,31,214.304191
4.524399,26,214.410361
4.708409,27,214.518636
5.331063,30,214.616244
4.414173,26,214.698992
4.46785,26,214.786879
4.64694,26,214.872878
4.675376,27,214.96158
4.122207,24,215.039946
5.068985,31,215.140216
5.271855,30,215.240353
4.134653,25,215.326467
4.476771,26,215.411054
4.739337,27,215.498322
5.339685,31,215.599926
5.298314,30,215.69796
5.130612,29,215.796391
4.209475,25,215.878038
4.548785,27,215.964999
4.400332,25,216.047763
4.275833,25,216.145737
4.449408,26,216.23142
4.378254,26,216.318896
4.4655,26,216.403004
4.901717,28,216.493032
4.129239,24,216.570394
4.299533,25,216.650972
5.239251,30,216.754042
4.559667,26,216.83982
4.17098,24,216.918745
4.548437,26,217.00816
4.355308,25,217.093846
4.424986,25,217.176423
4.417377,25,217.481394
4.527715,26,217.566805
4.454211,26,217.649679
5.130981,29,217.745505
5.255223,30,217.843093
4.863201,28,217.932904
4.221085,25,218.094654
3.988742,23,218.196477
3.902234,23,218.286546
5.89373,34,218.433782
4.660317,27,218.523065
5.060529,28,218.619127
4.743743,27,218.712002
5.074309,29,218.814655
4.392696,25,218.896577
4.466519,26,218.986134
3.981107,24,219.065101
4.015889,24,219.143768
4.691385,27,219.231056
4.087727,24,219.312131
4.309756,25,219.393601
4.650439,26,219.477287
4.46464,26,219.565661
4.697096,28,219.655628
6.652242,42,219.80253
5.13399,29,219.90657
4.973376,28,220.005407
4.406995,25,220.089112
4.416281,26,220.176357
4.014841,24,220.256935
4.185721,24,220.336478
4.890464,28,220.426412
4.704629,27,220.515031
4.342337,25,220.595881
4.368984,26,220.678591
4.375493,25,220.762603
4.219814,25,220.845589
3.897515,23,220.918952
5.508447,31,221.022953
4.646548,27,221.113548
4.109549,24,221.191326
4.428704,25,221.277918
4.799225,27,221.367161
6.509181,37,221.485623
4.191419,25,221.56782
4.469906,26,221.651833
4.776989,27,221.743803
4.313506,25,221.827235
4.58378,26,221.910993
4.365145,25,221.993725
4.163073,24,222.0724
5.371529,31,222.173188
4.361441,25,222.258306
4.590394,26,222.344188
4.264502,25,222.423551
4.860605,28,222.514655
4.499452,26,222.599002
4.162693,25,222.68018
4.704264,27,222.772913
5.550317,31,222.874182
5.252454,30,222.975513
4.10601,24,223.055796
4.289736,25,223.140794
4.508701,26,223.227061
4.474309,26,223.312909
4.647425,27,223.399657
6.147824,35,223.511903
4.848228,28,223.603936
4.903209,28,223.69427
4.284647,25,223.780255
4.514275,26,223.86553
4.520544,26,223.95036
4.417496,26,224.038798
4.752285,27,224.125372
4.352579,25,224.205389
4.269689,26,224.293718
4.551279,27,224.382527
5.375679,30,224.698487
4.10816,24,224.779326
4.708351,27,224.867563
4.552496,26,224.952128
3.781563,23,225.029518
4.337268,25,225.113653
4.437476,26,225.19833
4.136445,24,225.280038
4.433917,26,225.367198
6.977594,51,225.554798
5.212025,30,225.65778
4.019925,24,225.741004
4.341243,25,225.828531
4.283253,25,225.913779
4.353964,25,226.003309
4.522301,26,226.092349
5.307496,30,226.194752
6.1216,38,226.321816
4.300457,25,226.403027
4.754114,27,226.490111
4.819018,28,226.580647
4.681495,27,226.666595
4.191808,24,226.749431
4.212319,25,226.832427
4.336299,25,226.915302
4.889532,28,227.006868
4.941105,28,227.098036
4.295168,25,227.179308
4.446054,25,227.268178
4.365257,25,227.35383
4.509466,26,227.439708
4.565833,26,227.527178
5.404199,31,227.629103
4.616582,26,227.719856
4.895631,28,227.815813
4.542824,26,227.900251
4.402181,26,227.987585
4.445095,26,228.072274
4.072669,24,228.151884
4.59332,26,228.24243
4.692387,27,228.336306
4.024276,24,228.416239
6.949633,40,228.552356
5.698245,33,228.662632
4.985057,30,228.766381
4.97726,29,228.865504
4.452092,26,228.953109
6.353094,35,229.106653
4.611351,26,229.195687
4.505766,27,229.286185
10.530521,85,229.559802
4.617489,27,229.647381
6.458274,38,229.774003
4.935202,28,229.865947
4.259367,25,229.945674
3.958561,23,230.021211
4.500408,26,230.108087
3.754395,22,230.179253
4.041982,24,230.263555
4.258248,25,230.347689
4.836786,28,230.43851
4.944489,29,230.532791
4.096923,24,230.611526
4.454713,26,230.696101
4.505031,26,230.784417
4.636474,27,230.873542
4.577446,26,230.959016
4.313195,25,231.040224
4.132579,24,231.117293
4.339792,25,231.197877
4.393776,25,231.28291
4.811841,28,231.373883
4.141811,25,231.453353
4.414786,25,231.753512
4.208238,25,231.837889
3.536834,21,231.909334
4.23787,26,232.011505
5.044624,29,232.1421
4.354632,25,232.237773
5.154165,29,232.348713
4.799327,27,232.452501
4.640585,26,232.556664
6.552746,37,232.717436
4.873165,28,232.827247
4.766634,27,232.916151
4.395581,25,233.004637
4.169117,25,233.086489
4.187899,24,233.164834
4.846298,29,233.268177
5.461116,32,233.378109
4.516379,26,233.469939
4.542579,26,233.571333
4.706819,27,233.663311
4.636963,26,233.751247
5.072749,31,233.85502
4.714218,27,233.951772
4.700212,27,234.042983
4.798411,27,234.143089
4.217566,25,234.231634
4.464157,26,234.321495
4.530151,27,234.424959
4.425672,26,234.520279
4.733456,27,234.613356
4.837646,27,234.703242
4.405936,25,234.783388
4.575546,26,234.87069
4.251103,25,234.96491
4.331238,25,235.051881
4.702735,27,235.145722
4.698378,27,235.238906
4.458035,26,235.325903
4.537513,26,235.412547
4.713057,27,235.515986
5.164096,30,235.619558
4.126341,24,235.70405
4.566443,26,235.792775
4.364225,25,235.880769
4.866727,28,235.986479
4.221542,25,236.086547
4.341471,27,236.181998
4.284429,25,236.269519
4.012787,24,236.352617
4.271333,25,236.436219
4.364715,26,236.548817
4.382354,25,236.634424
4.436107,27,236.727101
4.660951,27,236.828383
4.699644,27,236.936985
4.440924,26,237.037513
4.475724,26,237.125976
4.630177,27,237.214943
4.303653,25,237.300927
4.25274,25,237.383538
4.49879,26,237.472287
5.717771,32,237.5802
5.737919,33,237.693697
4.361338,25,237.79084
4.822743,27,237.894173
4.446804,26,238.016071
4.560985,26,238.123644
4.364033,25,238.217513
4.267661,25,238.308078
4.369164,25,238.405949
4.796784,27,238.51135
4.238313,25,238.603678
4.993665,29,238.706807
4.350608,25,238.797669
4.41577,25,238.887077
5.751498,32,239.021012
4.474623,26,239.133683
4.532619,26,239.485078
5.060572,30,239.595131
3.932021,23,239.676819
4.599888,26,239.766851
4.390814,25,239.850095
4.244073,25,239.989125
4.323647,26,240.092355
4.361887,25,240.189236
5.173537,29,240.317214
4.666211,27,240.430548
4.192052,24,240.531679
4.542403,27,240.680868
4.790727,27,240.82165
4.461011,26,240.948876
4.062313,24,241.036172
3.990639,24,241.118083
