#{"t_start": 1686074050.4246552, "env_id": null}
r,l,t
0.0,1,0.026978
0.0,1,0.031462
0.0,1,0.036539
0.0,1,0.041404
-10.0,3,0.053132
0.0,1,0.057121
0.0,1,0.061029
0.0,1,0.064969
-5.0,2,0.072216
0.0,1,0.076044
-5.0,2,0.083088
0.0,1,0.08794
0.0,1,0.092971
0.0,1,0.097289
-5.0,2,0.105717
0.0,1,0.110243
-5.0,2,0.118497
-5.0,2,0.127033
0.0,1,0.131459
0.0,1,0.135896
-5.0,2,0.143878
0.0,1,0.148254
-5.0,2,0.155812
0.0,1,0.159691
0.0,1,0.163467
0.0,1,0.167256
-5.0,2,0.190615
0.0,1,0.195721
0.0,1,0.199916
0.0,1,0.204301
-10.0,3,0.214373
0.0,1,0.218252
0.0,1,0.222132
-5.0,2,0.229118
0.0,1,0.232836
0.0,1,0.23662
0.0,1,0.240558
0.0,1,0.245064
0.0,1,0.249439
0.0,1,0.25362
-5.0,2,0.260557
0.0,1,0.264596
0.0,1,0.268395
0.0,1,0.272137
0.0,1,0.275986
0.0,1,0.279726
0.0,1,0.284411
0.0,1,0.288414
0.0,1,0.292772
0.0,1,0.297295
0.0,1,0.301508
0.0,1,0.305422
0.0,1,0.309134
-5.0,2,0.315858
0.0,1,0.319971
-15.0,4,0.334454
-5.0,2,0.342344
0.0,1,0.346605
0.0,1,0.350658
0.0,1,0.354787
-5.0,2,0.362135
0.0,1,0.365988
0.0,1,0.370087
-5.0,2,0.378312
0.0,1,0.382649
-5.0,2,0.390309
-5.0,2,0.39762
0.0,1,0.401733
0.0,1,0.405677
0.0,1,0.409441
0.0,1,0.413364
0.0,1,0.417314
-10.0,3,0.428604
0.0,1,0.43307
0.0,1,0.437819
0.0,1,0.442065
0.0,1,0.446283
0.0,1,0.450413
0.0,1,0.454959
0.0,1,0.459349
0.0,1,0.464374
-5.0,2,0.471809
-5.0,2,0.479505
0.0,1,0.483654
0.0,1,0.487782
0.0,1,0.491822
0.0,1,0.495931
0.0,1,0.500115
-5.0,2,0.507285
0.0,1,0.511002
0.0,1,0.514833
0.0,1,0.518937
0.0,1,0.523182
-5.0,2,0.530557
-5.0,2,0.538033
0.0,1,0.542345
0.0,1,0.546466
0.0,1,0.550452
0.0,1,0.554949
-5.0,2,0.56183
0.0,1,0.56574
0.0,1,0.569765
0.0,1,0.573944
-5.0,2,0.581536
0.0,1,0.585856
0.0,1,0.589874
0.0,1,0.594824
-5.0,2,0.604
0.0,1,0.608493
-10.0,3,0.621242
0.0,1,0.626318
-5.0,2,0.63465
0.0,1,0.639541
0.0,1,0.644862
-5.0,2,0.655065
0.0,1,0.660105
0.0,1,0.664746
0.0,1,0.670786
-10.0,3,0.683222
0.0,1,0.689719
0.0,1,0.694937
0.0,1,0.699384
0.0,1,0.705213
0.0,1,0.709654
0.0,1,0.713715
0.0,1,0.718896
-5.0,2,0.728458
-5.0,2,0.737314
-5.0,2,0.745995
0.0,1,0.750133
0.0,1,0.755427
0.0,1,0.760555
-5.0,2,0.769306
0.0,1,0.775264
0.0,1,0.780025
-10.0,3,0.792573
0.0,1,0.797353
0.0,1,0.82058
0.0,1,0.824649
0.0,1,0.828602
0.0,1,0.832357
0.0,1,0.836217
0.0,1,0.840053
0.0,1,0.843941
0.0,1,0.847648
0.0,1,0.851601
0.0,1,0.855488
0.0,1,0.859219
0.0,1,0.863032
0.0,1,0.866822
0.0,1,0.87123
0.0,1,0.874906
-5.0,2,0.88181
0.0,1,0.885753
0.0,1,0.889515
0.0,1,0.893292
0.0,1,0.897037
0.0,1,0.900734
-5.0,2,0.908022
-5.0,2,0.91501
0.0,1,0.91883
0.0,1,0.922729
0.0,1,0.926586
-5.0,2,0.933403
0.0,1,0.937903
0.0,1,0.942053
0.0,1,0.945932
0.0,1,0.94968
0.0,1,0.953967
0.0,1,0.95773
-5.0,2,0.964795
-5.0,2,0.971871
0.0,1,0.975667
0.0,1,0.979469
0.0,1,0.983332
0.0,1,0.987136
0.0,1,0.990804
0.0,1,0.994584
0.0,1,0.998338
0.0,1,1.002119
0.0,1,1.00595
0.0,1,1.009706
0.0,1,1.013438
-10.0,3,1.023627
0.0,1,1.027512
0.0,1,1.031315
0.0,1,1.035712
0.0,1,1.039501
0.0,1,1.043445
-10.0,3,1.053664
0.0,1,1.057429
-5.0,2,1.064394
0.0,1,1.068156
0.0,1,1.071854
-5.0,2,1.07887
0.0,1,1.082794
0.0,1,1.087068
0.0,1,1.091113
0.0,1,1.095401
0.0,1,1.100172
0.0,1,1.105307
0.0,1,1.109896
0.0,1,1.114756
0.0,1,1.119406
0.0,1,1.124653
0.0,1,1.129426
0.0,1,1.134426
0.0,1,1.139812
0.0,1,1.146003
0.0,1,1.152153
0.0,1,1.158307
0.0,1,1.16321
0.0,1,1.167662
0.0,1,1.173054
0.0,1,1.177532
0.0,1,1.181623
0.0,1,1.18645
0.0,1,1.191452
0.0,1,1.195617
0.0,1,1.199455
0.0,1,1.204582
0.0,1,1.208617
0.0,1,1.212553
0.0,1,1.216599
0.0,1,1.222323
0.0,1,1.226402
0.0,1,1.230181
0.0,1,1.234595
0.0,1,1.239028
0.0,1,1.243106
0.0,1,1.24714
0.0,1,1.251386
0.0,1,1.255974
0.0,1,1.260342
0.0,1,1.264824
0.0,1,1.270001
0.0,1,1.274492
0.0,1,1.278658
0.0,1,1.282813
0.0,1,1.287469
0.0,1,1.291694
0.0,1,1.29574
-5.0,2,1.303473
0.0,1,1.307546
0.0,1,1.311846
0.0,1,1.315548
0.0,1,1.320512
0.0,1,1.324919
-10.0,3,1.335816
0.0,1,1.340538
0.0,1,1.344731
0.0,1,1.349889
-5.0,2,1.358439
0.0,1,1.362352
0.0,1,1.36617
-5.0,2,1.375203
0.0,1,1.3791
0.0,1,1.383257
0.0,1,1.388142
0.0,1,1.392762
0.0,1,1.396932
0.0,1,1.401425
0.0,1,1.406896
0.0,1,1.411042
0.0,1,1.414925
0.0,1,1.419484
-5.0,2,1.427502
0.0,1,1.431333
-5.0,2,1.440278
0.0,1,1.444275
0.0,1,1.448019
0.0,1,1.45248
0.0,1,1.457137
0.0,1,1.461544
-5.0,2,1.470138
0.0,1,1.474393
0.0,1,1.478456
0.0,1,1.482302
0.0,1,1.486823
-5.0,2,1.494924
0.0,1,1.498738
0.0,1,1.503553
0.0,1,1.507567
0.0,1,1.511347
0.0,1,1.51511
0.0,1,1.519519
0.0,1,1.524243
0.0,1,1.528136
0.0,1,1.53187
0.0,1,1.536313
0.0,1,1.540163
-5.0,2,1.547444
0.0,1,1.551616
0.0,1,1.556353
0.0,1,1.560138
0.0,1,1.564119
0.0,1,1.568397
0.0,1,1.573081
0.0,1,1.577232
0.0,1,1.581634
0.0,1,1.586181
0.0,1,1.590331
0.0,1,1.594218
0.0,1,1.59809
0.0,1,1.602323
0.0,1,1.60638
0.0,1,1.610149
0.0,1,1.613978
0.0,1,1.618342
-5.0,2,1.626171
0.0,1,1.630019
0.0,1,1.634022
-20.0,5,1.652475
0.0,1,1.656712
0.0,1,1.660599
-5.0,2,1.668166
0.0,1,1.673028
0.0,1,1.677219
0.0,1,1.680956
0.0,1,1.685358
-5.0,2,1.694702
0.0,1,1.69883
-5.0,2,1.708163
0.0,1,1.712028
0.0,1,1.715916
-10.0,3,1.728039
0.0,1,1.731944
0.0,1,1.73655
0.0,1,1.740485
-5.0,2,1.747635
0.0,1,1.751726
0.0,1,1.756323
0.0,1,1.760244
0.0,1,1.764225
0.0,1,1.769691
-10.0,3,1.780684
0.0,1,1.784991
0.0,1,1.789293
0.0,1,1.793297
-5.0,2,1.800522
0.0,1,1.805648
-5.0,2,1.813247
-5.0,2,1.821797
-5.0,2,1.828875
0.0,1,1.832692
0.0,1,1.837242
0.0,1,1.841377
0.0,1,1.845445
0.0,1,1.849263
0.0,1,1.854115
0.0,1,1.858283
0.0,1,1.862877
0.0,1,1.866994
0.0,1,1.871637
0.0,1,1.875824
0.0,1,1.879594
0.0,1,1.883919
0.0,1,1.888281
0.0,1,1.892057
0.0,1,1.895886
0.0,1,1.899601
0.0,1,1.904385
0.0,1,1.908491
0.0,1,1.912176
-15.0,4,1.927193
0.0,1,1.930916
0.0,1,1.935272
0.0,1,1.940747
0.0,1,1.945555
0.0,1,1.950194
0.0,1,1.956384
0.0,1,1.961049
0.0,1,1.965387
0.0,1,1.969916
0.0,1,1.974405
0.0,1,1.978446
0.0,1,1.982561
0.0,1,1.986726
0.0,1,1.991331
-5.0,2,2.000216
0.0,1,2.004872
0.0,1,2.009128
-10.0,3,2.020961
-5.0,2,2.028496
0.0,1,2.032428
0.0,1,2.036287
0.0,1,2.040551
-5.0,2,2.048906
0.0,1,2.053869
0.0,1,2.057654
0.0,1,2.061413
0.0,1,2.06525
0.0,1,2.069175
-5.0,2,2.07611
0.0,1,2.079987
0.0,1,2.083993
-5.0,2,2.115736
-10.0,3,2.167609
0.0,1,2.178892
0.0,1,2.18503
0.0,1,2.193029
0.0,1,2.198349
0.0,1,2.20338
0.0,1,2.208093
0.0,1,2.212399
0.0,1,2.217263
0.0,1,2.222742
0.0,1,2.227298
0.0,1,2.231434
0.0,1,2.235763
0.0,1,2.24001
0.0,1,2.244914
0.0,1,2.249985
0.0,1,2.270166
0.0,1,2.274079
0.0,1,2.277995
0.0,1,2.281921
0.0,1,2.286037
0.0,1,2.290189
0.0,1,2.294009
0.0,1,2.29794
0.0,1,2.301968
-15.0,4,2.315686
0.0,1,2.319545
0.0,1,2.323528
-5.0,2,2.331017
0.0,1,2.334869
0.0,1,2.338725
0.0,1,2.342822
0.0,1,2.346776
0.0,1,2.350857
0.0,1,2.354894
0.0,1,2.358706
0.0,1,2.362589
0.0,1,2.366481
0.0,1,2.370313
0.0,1,2.37444
0.0,1,2.378568
0.0,1,2.382404
0.0,1,2.386651
0.0,1,2.390678
0.0,1,2.394907
0.0,1,2.39884
0.0,1,2.40283
0.0,1,2.406775
0.0,1,2.410587
0.0,1,2.414917
0.0,1,2.418862
0.0,1,2.422609
0.0,1,2.426394
0.0,1,2.431377
0.0,1,2.436278
0.0,1,2.441401
0.0,1,2.445718
-5.0,2,2.452829
0.0,1,2.45656
-5.0,2,2.464223
0.0,1,2.468299
0.0,1,2.47259
0.0,1,2.476943
0.0,1,2.481469
0.0,1,2.486056
0.0,1,2.490256
-5.0,2,2.497792
0.0,1,2.502641
0.0,1,2.507807
0.0,1,2.513097
0.0,1,2.518431
0.0,1,2.526055
0.0,1,2.530787
0.0,1,2.535414
-15.0,4,2.551689
0.0,1,2.556195
0.0,1,2.560417
0.0,1,2.568661
0.0,1,2.575455
0.0,1,2.584139
0.0,1,2.591713
-15.0,4,2.610534
0.0,1,2.614414
0.0,1,2.61833
0.0,1,2.622638
0.0,1,2.626533
0.0,1,2.630425
-5.0,2,2.638755
-5.0,2,2.646103
0.0,1,2.650052
0.0,1,2.653977
0.0,1,2.657773
0.0,1,2.661722
0.0,1,2.665583
0.0,1,2.669398
0.0,1,2.673149
0.0,1,2.677369
0.0,1,2.681193
0.0,1,2.685546
0.0,1,2.689288
0.0,1,2.693256
0.0,1,2.696955
0.0,1,2.70136
0.0,1,2.705668
0.0,1,2.709727
0.0,1,2.713616
0.0,1,2.718595
0.0,1,2.724206
0.0,1,2.728255
0.0,1,2.732539
-5.0,2,2.740869
0.0,1,2.74497
0.0,1,2.749236
0.0,1,2.753798
0.0,1,2.758075
0.0,1,2.761936
0.0,1,2.766277
0.0,1,2.770892
0.0,1,2.774914
0.0,1,2.779336
0.0,1,2.783524
0.0,1,2.787932
0.0,1,2.79186
0.0,1,2.796049
0.0,1,2.799841
0.0,1,2.805218
0.0,1,2.810058
0.0,1,2.814383
0.0,1,2.818762
0.0,1,2.823888
0.0,1,2.828536
0.0,1,2.832834
0.0,1,2.837292
-10.0,3,2.848048
0.0,1,2.853009
-5.0,2,2.860647
0.0,1,2.864735
0.0,1,2.869728
0.0,1,2.874595
-5.0,2,2.882272
0.0,1,2.887276
0.0,1,2.891769
0.0,1,2.895574
0.0,1,2.900006
0.0,1,2.90552
-5.0,2,2.912879
0.0,1,2.917545
0.0,1,2.922249
0.0,1,2.926218
0.0,1,2.930161
0.0,1,2.934131
0.0,1,2.939462
0.0,1,2.944206
0.0,1,2.948146
0.0,1,2.952115
0.0,1,2.956218
0.0,1,2.960239
0.0,1,2.964889
0.0,1,2.969156
0.0,1,2.973549
0.0,1,2.977836
0.0,1,2.981844
0.0,1,2.986465
0.0,1,2.990286
0.0,1,2.995288
0.0,1,2.999155
0.0,1,3.004457
0.0,1,3.008478
0.0,1,3.012784
0.0,1,3.017317
-10.0,3,3.029488
0.0,1,3.033982
0.0,1,3.03872
0.0,1,3.043413
0.0,1,3.047272
0.0,1,3.051694
0.0,1,3.05741
0.0,1,3.061748
-5.0,2,3.070525
0.0,1,3.075823
0.0,1,3.080136
0.0,1,3.08503
0.0,1,3.090797
0.0,1,3.096402
0.0,1,3.101522
0.0,1,3.108606
0.0,1,3.112951
0.0,1,3.11729
0.0,1,3.122042
0.0,1,3.126582
-10.0,3,3.137299
0.0,1,3.14103
0.0,1,3.145185
0.0,1,3.148928
0.0,1,3.15281
0.0,1,3.156673
-5.0,2,3.16398
0.0,1,3.168331
0.0,1,3.172695
-5.0,2,3.180543
0.0,1,3.184653
0.0,1,3.190161
0.0,1,3.194235
0.0,1,3.198064
0.0,1,3.202112
0.0,1,3.20631
-5.0,2,3.213499
0.0,1,3.217796
0.0,1,3.221797
0.0,1,3.225865
0.0,1,3.229799
0.0,1,3.233583
-5.0,2,3.240528
0.0,1,3.244767
0.0,1,3.248507
0.0,1,3.252424
-5.0,2,3.260419
0.0,1,3.265426
-5.0,2,3.273752
0.0,1,3.278268
0.0,1,3.28224
0.0,1,3.287174
0.0,1,3.292777
0.0,1,3.296836
0.0,1,3.301351
0.0,1,3.307226
0.0,1,3.311894
0.0,1,3.316816
0.0,1,3.322757
0.0,1,3.329072
0.0,1,3.333717
-10.0,3,3.347601
0.0,1,3.351762
0.0,1,3.357454
0.0,1,3.363005
-5.0,2,3.374794
0.0,1,3.380852
0.0,1,3.386393
0.0,1,3.39221
0.0,1,3.396958
0.0,1,3.40144
0.0,1,3.40668
-5.0,2,3.415511
0.0,1,3.421018
0.0,1,3.449207
0.0,1,3.463098
0.0,1,3.481655
0.0,1,3.500704
-10.0,3,3.513719
0.0,1,3.518253
0.0,1,3.523838
0.0,1,3.528944
0.0,1,3.53296
0.0,1,3.538077
0.0,1,3.543952
0.0,1,3.548136
-10.0,3,3.562496
-5.0,2,3.571385
0.0,1,3.577938
0.0,1,3.582281
0.0,1,3.58783
0.0,1,3.594197
0.0,1,3.598406
0.0,1,3.603139
0.0,1,3.608491
0.0,1,3.612901
-10.0,3,3.625731
0.0,1,3.62998
0.0,1,3.634098
0.0,1,3.639069
0.0,1,3.644414
0.0,1,3.648649
-5.0,2,3.656681
-5.0,2,3.665186
0.0,1,3.669431
0.0,1,3.673677
0.0,1,3.677927
0.0,1,3.681645
0.0,1,3.685677
0.0,1,3.691173
0.0,1,3.695556
0.0,1,3.69954
0.0,1,3.70364
0.0,1,3.707923
0.0,1,3.711765
-5.0,2,3.719297
0.0,1,3.72321
0.0,1,3.727019
0.0,1,3.730828
0.0,1,3.734832
0.0,1,3.738738
0.0,1,3.742881
0.0,1,3.747413
-5.0,2,3.754437
0.0,1,3.758301
0.0,1,3.762186
0.0,1,3.766234
0.0,1,3.77009
0.0,1,3.774183
-5.0,2,3.781082
0.0,1,3.785053
0.0,1,3.789048
-5.0,2,3.797608
0.0,1,3.802485
0.0,1,3.807405
0.0,1,3.81209
0.0,1,3.81627
-5.0,2,3.827281
0.0,1,3.831182
0.0,1,3.835542
0.0,1,3.841364
0.0,1,3.845719
0.0,1,3.8496
0.0,1,3.854105
0.0,1,3.858341
0.0,1,3.863002
0.0,1,3.867357
0.0,1,3.871614
0.0,1,3.875866
0.0,1,3.879823
0.0,1,3.884073
0.0,1,3.888027
0.0,1,3.892053
-5.0,2,3.898964
0.0,1,3.902938
0.0,1,3.906797
0.0,1,3.910595
0.0,1,3.914389
0.0,1,3.918189
0.0,1,3.922005
0.0,1,3.926487
0.0,1,3.930179
0.0,1,3.933937
0.0,1,3.93868
0.0,1,3.943959
0.0,1,3.948264
0.0,1,3.95245
0.0,1,3.956721
0.0,1,3.960665
0.0,1,3.965058
0.0,1,3.969147
-5.0,2,3.976838
0.0,1,3.98094
0.0,1,3.985239
0.0,1,3.9893
0.0,1,3.993178
0.0,1,3.997266
0.0,1,4.001079
0.0,1,4.005299
0.0,1,4.010009
0.0,1,4.014124
0.0,1,4.018399
0.0,1,4.022507
0.0,1,4.026546
0.0,1,4.03111
0.0,1,4.052478
0.0,1,4.056411
0.0,1,4.060612
0.0,1,4.064587
0.0,1,4.068541
0.0,1,4.072385
0.0,1,4.076312
0.0,1,4.080116
0.0,1,4.084173
0.0,1,4.088435
0.0,1,4.09308
0.0,1,4.096883
0.0,1,4.100646
0.0,1,4.104703
0.0,1,4.108723
0.0,1,4.113193
0.0,1,4.117115
-5.0,2,4.124353
0.0,1,4.128069
0.0,1,4.131999
0.0,1,4.135966
-5.0,2,4.143092
0.0,1,4.146994
0.0,1,4.150705
0.0,1,4.154476
-5.0,2,4.161303
-5.0,2,4.168339
0.0,1,4.172055
0.0,1,4.176048
0.0,1,4.180244
0.0,1,4.184404
0.0,1,4.188654
0.0,1,4.192495
0.0,1,4.196919
0.0,1,4.200825
0.0,1,4.204758
0.0,1,4.208548
0.0,1,4.212292
0.0,1,4.215988
-5.0,2,4.223521
0.0,1,4.228069
0.0,1,4.23255
0.0,1,4.23695
-5.0,2,4.244869
0.0,1,4.248636
0.0,1,4.253549
-5.0,2,4.261784
0.0,1,4.265802
0.0,1,4.270772
0.0,1,4.276346
0.0,1,4.280324
0.0,1,4.28495
0.0,1,4.291077
0.0,1,4.296544
0.0,1,4.300898
0.0,1,4.305859
0.0,1,4.310632
0.0,1,4.314862
0.0,1,4.319666
0.0,1,4.325525
0.0,1,4.330177
0.0,1,4.335306
-5.0,2,4.344765
0.0,1,4.348773
0.0,1,4.353589
0.0,1,4.359081
0.0,1,4.363823
0.0,1,4.3705
-10.0,3,4.385663
0.0,1,4.391246
-5.0,2,4.400797
0.0,1,4.406752
0.0,1,4.412206
0.0,1,4.416634
0.0,1,4.422438
0.0,1,4.428117
0.0,1,4.432199
0.0,1,4.437186
0.0,1,4.445536
0.0,1,4.4507
0.0,1,4.456563
0.0,1,4.462112
0.0,1,4.466324
0.0,1,4.471728
0.0,1,4.477969
0.0,1,4.482274
0.0,1,4.487763
0.0,1,4.493857
0.0,1,4.498319
0.0,1,4.502986
0.0,1,4.508488
0.0,1,4.513047
0.0,1,4.518022
0.0,1,4.523435
0.0,1,4.528443
0.0,1,4.532597
-5.0,2,4.541901
0.0,1,4.547014
0.0,1,4.551405
-5.0,2,4.560534
0.0,1,4.564819
0.0,1,4.569307
0.0,1,4.573958
0.0,1,4.578409
0.0,1,4.58282
-5.0,2,4.589992
0.0,1,4.594272
0.0,1,4.598066
0.0,1,4.601919
0.0,1,4.605923
0.0,1,4.609796
0.0,1,4.61491
0.0,1,4.61948
0.0,1,4.623772
0.0,1,4.627913
0.0,1,4.631613
0.0,1,4.635456
0.0,1,4.639134
0.0,1,4.643085
0.0,1,4.647466
-5.0,2,4.654733
0.0,1,4.658734
0.0,1,4.662588
0.0,1,4.666692
-5.0,2,4.673881
-5.0,2,4.681229
0.0,1,4.685248
0.0,1,4.689993
0.0,1,4.694398
0.0,1,4.698782
0.0,1,4.703614
0.0,1,4.707686
0.0,1,4.711672
0.0,1,4.715608
-10.0,3,4.725974
0.0,1,4.729963
0.0,1,4.733838
0.0,1,4.737756
0.0,1,4.742477
0.0,1,4.746681
-5.0,2,4.753532
0.0,1,4.757313
0.0,1,4.76099
0.0,1,4.764797
0.0,1,4.768732
-5.0,2,4.775731
0.0,1,4.779488
0.0,1,4.783563
0.0,1,4.787451
0.0,1,4.79176
0.0,1,4.795528
0.0,1,4.799291
0.0,1,4.815883
0.0,1,4.819873
0.0,1,4.823718
-5.0,2,4.830611
0.0,1,4.834415
0.0,1,4.838214
0.0,1,4.842075
-10.0,3,4.854159
-5.0,2,4.861241
0.0,1,4.865246
0.0,1,4.869137
0.0,1,4.873106
0.0,1,4.876896
0.0,1,4.880575
-5.0,2,4.888349
0.0,1,4.892161
0.0,1,4.895915
-5.0,2,4.902859
-5.0,2,4.909786
0.0,1,4.913566
0.0,1,4.917369
0.0,1,4.921121
0.0,1,4.924962
0.0,1,4.928708
0.0,1,4.933471
0.0,1,4.937476
0.0,1,4.941325
-5.0,2,4.948239
0.0,1,4.952246
0.0,1,4.956083
-10.0,3,4.966163
0.0,1,4.970132
0.0,1,4.974523
0.0,1,4.978322
0.0,1,4.982003
0.0,1,4.986266
0.0,1,4.990051
0.0,1,4.993746
-5.0,2,5.000783
0.0,1,5.004671
0.0,1,5.008503
0.0,1,5.02901
0.0,1,5.03289
0.0,1,5.036626
0.0,1,5.040487
0.0,1,5.044572
0.0,1,5.048293
0.0,1,5.052037
-5.0,2,5.059066
0.0,1,5.062948
0.0,1,5.067355
0.0,1,5.071254
0.0,1,5.075312
0.0,1,5.079204
0.0,1,5.083153
0.0,1,5.087198
0.0,1,5.091496
0.0,1,5.097764
0.0,1,5.102475
0.0,1,5.106968
0.0,1,5.146399
0.0,1,5.165697
0.0,1,5.184718
0.0,1,5.203987
0.0,1,5.208085
0.0,1,5.212183
0.0,1,5.216602
-5.0,2,5.227315
0.0,1,5.231748
0.0,1,5.236208
0.0,1,5.24132
0.0,1,5.2455
0.0,1,5.249371
-5.0,2,5.258721
0.0,1,5.262719
0.0,1,5.266722
-5.0,2,5.275961
0.0,1,5.280245
0.0,1,5.284499
0.0,1,5.288659
0.0,1,5.292325
0.0,1,5.296082
-5.0,2,5.30348
0.0,1,5.307386
0.0,1,5.31121
0.0,1,5.314861
-5.0,2,5.322738
0.0,1,5.326699
0.0,1,5.331288
0.0,1,5.33526
0.0,1,5.33908
0.0,1,5.343248
0.0,1,5.347075
0.0,1,5.350782
0.0,1,5.354514
0.0,1,5.358283
-5.0,2,5.365543
0.0,1,5.369439
0.0,1,5.373467
0.0,1,5.377287
-5.0,2,5.384628
0.0,1,5.388541
0.0,1,5.39242
0.0,1,5.396221
0.0,1,5.399991
-10.0,3,5.410068
0.0,1,5.414712
0.0,1,5.418728
-5.0,2,5.425747
0.0,1,5.429476
0.0,1,5.433256
0.0,1,5.437211
0.0,1,5.442411
-10.0,3,5.453051
0.0,1,5.456949
0.0,1,5.460793
-5.0,2,5.467818
0.0,1,5.471547
0.0,1,5.475393
-5.0,2,5.482325
0.0,1,5.486191
0.0,1,5.4899
0.0,1,5.493573
0.0,1,5.497755
-5.0,2,5.504635
0.0,1,5.508485
-5.0,2,5.515642
-5.0,2,5.522802
0.0,1,5.526677
0.0,1,5.53047
-5.0,2,5.537717
0.0,1,5.541623
0.0,1,5.545471
0.0,1,5.549346
0.0,1,5.553335
0.0,1,5.557153
0.0,1,5.560911
-5.0,2,5.568096
0.0,1,5.571735
0.0,1,5.575665
0.0,1,5.57997
0.0,1,5.584272
0.0,1,5.588128
0.0,1,5.591823
0.0,1,5.595621
-5.0,2,5.602693
0.0,1,5.606774
0.0,1,5.610546
0.0,1,5.614362
0.0,1,5.618367
0.0,1,5.622245
0.0,1,5.626059
0.0,1,5.629878
-5.0,2,5.636944
0.0,1,5.640758
0.0,1,5.644798
0.0,1,5.648696
0.0,1,5.652922
0.0,1,5.657122
0.0,1,5.662316
-5.0,2,5.670643
0.0,1,5.674636
0.0,1,5.67895
0.0,1,5.683327
0.0,1,5.687423
0.0,1,5.691373
-5.0,2,5.698909
-5.0,2,5.706524
0.0,1,5.710435
0.0,1,5.714469
0.0,1,5.71862
0.0,1,5.722699
0.0,1,5.726704
0.0,1,5.73053
0.0,1,5.734517
0.0,1,5.738354
0.0,1,5.742414
0.0,1,5.746487
0.0,1,5.751097
0.0,1,5.755188
0.0,1,5.759275
0.0,1,5.763516
0.0,1,5.767836
0.0,1,5.771717
0.0,1,5.775582
0.0,1,5.779387
0.0,1,5.783244
0.0,1,5.787115
0.0,1,5.791143
0.0,1,5.794966
0.0,1,5.798673
0.0,1,5.802546
-5.0,2,5.809558
0.0,1,5.813446
-5.0,2,5.820401
-10.0,3,5.830847
-5.0,2,5.83863
0.0,1,5.842562
0.0,1,5.84657
0.0,1,5.850413
0.0,1,5.854427
-5.0,2,5.861594
0.0,1,5.865444
0.0,1,5.86952
0.0,1,5.87354
0.0,1,5.877507
0.0,1,5.88122
0.0,1,5.885377
0.0,1,5.88962
-5.0,2,5.899021
0.0,1,5.903635
-5.0,2,5.911401
0.0,1,5.915549
-5.0,2,5.92443
0.0,1,5.928221
0.0,1,5.932214
0.0,1,5.936055
0.0,1,5.941429
0.0,1,5.945941
0.0,1,5.949947
0.0,1,5.953964
0.0,1,5.957882
0.0,1,5.961955
-10.0,3,5.972353
0.0,1,5.976157
-5.0,2,5.98324
0.0,1,5.987201
0.0,1,5.990973
0.0,1,5.99528
-5.0,2,6.002553
0.0,1,6.006441
0.0,1,6.010854
0.0,1,6.014708
0.0,1,6.018683
0.0,1,6.022561
0.0,1,6.026617
-5.0,2,6.034111
0.0,1,6.038271
0.0,1,6.042671
0.0,1,6.046607
0.0,1,6.050779
0.0,1,6.055468
0.0,1,6.05982
0.0,1,6.063791
0.0,1,6.068699
0.0,1,6.074079
0.0,1,6.078516
0.0,1,6.08356
-10.0,3,6.097573
-5.0,2,6.109939
-5.0,2,6.119136
0.0,1,6.124646
0.0,1,6.129002
0.0,1,6.13323
0.0,1,6.138385
0.0,1,6.145099
0.0,1,6.150319
0.0,1,6.158118
0.0,1,6.163941
0.0,1,6.168487
0.0,1,6.173664
-10.0,3,6.186038
0.0,1,6.191368
0.0,1,6.195876
-5.0,2,6.204126
-5.0,2,6.212195
0.0,1,6.216825
0.0,1,6.222781
0.0,1,6.227496
-5.0,2,6.235689
-5.0,2,6.244524
0.0,1,6.248605
-5.0,2,6.257213
-10.0,3,6.268771
0.0,1,6.273048
0.0,1,6.27739
-5.0,2,6.285324
0.0,1,6.289215
0.0,1,6.293403
0.0,1,6.297166
0.0,1,6.30165
0.0,1,6.305686
-5.0,2,6.312951
0.0,1,6.318109
0.0,1,6.322495
0.0,1,6.326688
-5.0,2,6.334457
0.0,1,6.338985
0.0,1,6.343237
0.0,1,6.347228
0.0,1,6.351483
-5.0,2,6.35963
0.0,1,6.363927
0.0,1,6.368354
0.0,1,6.372844
-5.0,2,6.380222
-5.0,2,6.388242
0.0,1,6.392145
0.0,1,6.396366
0.0,1,6.400231
0.0,1,6.404775
0.0,1,6.409273
0.0,1,6.413545
0.0,1,6.41826
-5.0,2,6.426861
0.0,1,6.430883
0.0,1,6.435489
0.0,1,6.441308
-5.0,2,6.449399
0.0,1,6.454359
0.0,1,6.458669
0.0,1,6.463011
0.0,1,6.467589
0.0,1,6.472354
0.0,1,6.477124
0.0,1,6.481562
0.0,1,6.48781
0.0,1,6.493484
0.0,1,6.49773
0.0,1,6.502702
-5.0,2,6.511875
0.0,1,6.516734
0.0,1,6.521807
0.0,1,6.52624
0.0,1,6.530213
-5.0,2,6.537991
0.0,1,6.541987
0.0,1,6.546187
0.0,1,6.55004
0.0,1,6.554179
0.0,1,6.557967
0.0,1,6.561785
0.0,1,6.565708
0.0,1,6.569874
0.0,1,6.573676
0.0,1,6.577472
0.0,1,6.581293
-5.0,2,6.588474
0.0,1,6.592334
0.0,1,6.596757
0.0,1,6.60061
0.0,1,6.604401
-5.0,2,6.611321
0.0,1,6.615039
0.0,1,6.618947
0.0,1,6.622878
0.0,1,6.628218
0.0,1,6.632709
0.0,1,6.636593
0.0,1,6.64031
0.0,1,6.644435
0.0,1,6.648188
0.0,1,6.652052
0.0,1,6.655901
0.0,1,6.659849
-5.0,2,6.66719
0.0,1,6.670978
-5.0,2,6.678993
-5.0,2,6.686514
0.0,1,6.691496
0.0,1,6.695505
0.0,1,6.699488
0.0,1,6.703432
-5.0,2,6.710562
0.0,1,6.714541
-10.0,3,6.725786
0.0,1,6.72989
0.0,1,6.73397
-5.0,2,6.741519
-5.0,2,6.749043
0.0,1,6.75328
-10.0,3,6.766073
0.0,1,6.772444
0.0,1,6.776925
0.0,1,6.780934
0.0,1,6.785594
0.0,1,6.79076
0.0,1,6.795684
0.0,1,6.800334
0.0,1,6.819037
0.0,1,6.824528
0.0,1,6.829765
0.0,1,6.834603
0.0,1,6.839362
0.0,1,6.843853
0.0,1,6.847946
-10.0,3,6.859525
-5.0,2,6.867191
0.0,1,6.872055
0.0,1,6.876699
0.0,1,6.880705
0.0,1,6.886308
0.0,1,6.890686
0.0,1,6.894674
0.0,1,6.898674
0.0,1,6.903406
0.0,1,6.90767
0.0,1,6.911448
0.0,1,6.915369
0.0,1,6.920113
0.0,1,6.924066
0.0,1,6.927746
-5.0,2,6.934878
0.0,1,6.94012
0.0,1,6.944365
0.0,1,6.948089
0.0,1,6.952789
-5.0,2,6.960468
0.0,1,6.964359
0.0,1,6.968575
0.0,1,6.973877
0.0,1,6.977906
0.0,1,6.981641
0.0,1,6.986242
0.0,1,6.990449
-5.0,2,6.997774
0.0,1,7.00199
0.0,1,7.005994
-10.0,3,7.015921
0.0,1,7.020671
0.0,1,7.025078
-5.0,2,7.031948
0.0,1,7.036433
0.0,1,7.040486
-5.0,2,7.04793
0.0,1,7.052234
0.0,1,7.056813
0.0,1,7.061507
0.0,1,7.065509
-5.0,2,7.075089
0.0,1,7.079415
0.0,1,7.084182
0.0,1,7.089449
0.0,1,7.094683
0.0,1,7.099998
0.0,1,7.106261
0.0,1,7.110692
0.0,1,7.115205
0.0,1,7.120583
0.0,1,7.125824
0.0,1,7.130706
0.0,1,7.135925
-15.0,4,7.156987
0.0,1,7.162846
0.0,1,7.168511
0.0,1,7.174239
0.0,1,7.178808
0.0,1,7.183459
0.0,1,7.18914
0.0,1,7.194225
0.0,1,7.19959
0.0,1,7.205003
0.0,1,7.209527
0.0,1,7.213826
0.0,1,7.217995
0.0,1,7.223372
-15.0,4,7.239122
0.0,1,7.245018
0.0,1,7.250013
0.0,1,7.256964
0.0,1,7.263006
0.0,1,7.268954
-5.0,2,7.31775
0.0,1,7.331955
0.0,1,7.347628
0.0,1,7.354394
0.0,1,7.362026
0.0,1,7.36819
0.0,1,7.504531
0.0,1,7.51232
0.0,1,7.519842
0.0,1,7.527448
0.0,1,7.534759
0.0,1,7.554205
0.0,1,7.564858
0.0,1,7.573513
-5.0,2,7.586949
0.0,1,7.594972
0.0,1,7.602481
0.0,1,7.706602
0.0,1,7.713597
0.0,1,7.720929
0.0,1,7.728925
0.0,1,7.734939
0.0,1,7.741255
0.0,1,7.747421
-5.0,2,7.757155
0.0,1,7.761233
0.0,1,7.765396
0.0,1,7.76953
0.0,1,7.773744
-5.0,2,7.781846
0.0,1,7.786518
0.0,1,7.790778
0.0,1,7.796032
0.0,1,7.800441
0.0,1,7.805205
0.0,1,7.843681
0.0,1,7.853707
-5.0,2,7.865183
-5.0,2,7.884655
0.0,1,7.953233
0.0,1,7.959585
0.0,1,7.965371
0.0,1,7.970565
0.0,1,7.976251
0.0,1,7.981816
-10.0,3,7.994869
-5.0,2,8.005876
0.0,1,8.010609
0.0,1,8.017363
0.0,1,8.025245
0.0,1,8.031068
0.0,1,8.035684
0.0,1,8.040434
0.0,1,8.044663
-5.0,2,8.052133
0.0,1,8.056166
0.0,1,8.060564
-5.0,2,8.067643
0.0,1,8.071358
0.0,1,8.07538
0.0,1,8.079072
-5.0,2,8.086244
0.0,1,8.090448
0.0,1,8.096053
0.0,1,8.11103
-5.0,2,8.118863
0.0,1,8.13584
0.0,1,8.140343
-5.0,2,8.148565
0.0,1,8.152573
-5.0,2,8.159547
-5.0,2,8.166673
0.0,1,8.170795
0.0,1,8.175295
-5.0,2,8.182804
0.0,1,8.186878
0.0,1,8.191896
0.0,1,8.196272
0.0,1,8.200601
0.0,1,8.204653
0.0,1,8.208686
0.0,1,8.213354
0.0,1,8.217317
0.0,1,8.221445
0.0,1,8.299514
0.0,1,8.30698
0.0,1,8.312591
0.0,1,8.319014
0.0,1,8.324287
0.0,1,8.329543
-5.0,2,8.338944
0.0,1,8.34443
0.0,1,8.349467
0.0,1,8.355481
0.0,1,8.36005
0.0,1,8.364078
0.0,1,8.369297
-5.0,2,8.440242
0.0,1,8.448246
0.0,1,8.45638
0.0,1,8.464248
-5.0,2,8.480077
-5.0,2,8.493181
0.0,1,8.499209
0.0,1,8.504695
0.0,1,8.509786
-10.0,3,8.522436
0.0,1,8.526824
0.0,1,8.530811
0.0,1,8.535795
0.0,1,8.540259
0.0,1,8.544535
-5.0,2,8.552303
0.0,1,8.556429
0.0,1,8.560096
0.0,1,8.564001
0.0,1,8.568092
0.0,1,8.572715
0.0,1,8.576977
-10.0,3,8.588675
0.0,1,8.59287
0.0,1,8.596988
0.0,1,8.601154
0.0,1,8.60611
0.0,1,8.610253
-5.0,2,8.617935
-5.0,2,8.626464
-5.0,2,8.634229
-5.0,2,8.642951
0.0,1,8.647124
0.0,1,8.651471
0.0,1,8.656024
0.0,1,8.660102
0.0,1,8.664045
0.0,1,8.668397
0.0,1,8.672948
0.0,1,8.677067
0.0,1,8.680851
0.0,1,8.685433
0.0,1,8.691627
0.0,1,8.696397
0.0,1,8.701123
0.0,1,8.705819
0.0,1,8.709955
0.0,1,8.71395
0.0,1,8.718453
0.0,1,8.723965
-10.0,3,8.734754
0.0,1,8.739305
-5.0,2,8.747348
0.0,1,8.751834
0.0,1,8.756442
0.0,1,8.76044
0.0,1,8.764634
0.0,1,8.768973
0.0,1,8.773036
0.0,1,8.776873
0.0,1,8.780718
0.0,1,8.785326
0.0,1,8.789863
0.0,1,8.794325
0.0,1,8.798685
0.0,1,8.803545
0.0,1,8.807827
0.0,1,8.811679
-5.0,2,8.82027
0.0,1,8.824824
0.0,1,8.82866
0.0,1,8.832438
0.0,1,8.83683
0.0,1,8.84097
-5.0,2,8.848469
-5.0,2,8.858207
-5.0,2,8.865691
0.0,1,8.870703
0.0,1,8.875123
0.0,1,8.879329
0.0,1,8.883903
0.0,1,8.888477
0.0,1,8.893261
-10.0,3,8.905828
0.0,1,8.909719
0.0,1,8.914207
0.0,1,8.918646
0.0,1,8.923369
0.0,1,8.927516
-5.0,2,8.934859
0.0,1,8.940365
0.0,1,8.945371
0.0,1,8.950054
0.0,1,8.95485
0.0,1,8.959592
0.0,1,8.96362
0.0,1,8.968372
-5.0,2,8.976911
0.0,1,8.981221
0.0,1,8.987548
0.0,1,8.993497
0.0,1,8.998771
0.0,1,9.004254
0.0,1,9.009308
0.0,1,9.014995
0.0,1,9.020034
0.0,1,9.024655
0.0,1,9.030062
0.0,1,9.034618
0.0,1,9.039593
0.0,1,9.044995
0.0,1,9.049337
-5.0,2,9.058569
0.0,1,9.063399
0.0,1,9.068011
0.0,1,9.073156
0.0,1,9.078279
0.0,1,9.082465
0.0,1,9.088284
0.0,1,9.094409
0.0,1,9.099257
0.0,1,9.1047
0.0,1,9.109415
-10.0,3,9.122011
0.0,1,9.127939
0.0,1,9.132237
0.0,1,9.136765
-5.0,2,9.145616
0.0,1,9.150372
0.0,1,9.155332
-5.0,2,9.162805
0.0,1,9.16703
0.0,1,9.17178
0.0,1,9.176347
0.0,1,9.180797
0.0,1,9.185499
0.0,1,9.191817
0.0,1,9.196659
0.0,1,9.20175
0.0,1,9.206285
0.0,1,9.210802
0.0,1,9.21484
0.0,1,9.2201
0.0,1,9.300067
0.0,1,9.304929
-5.0,2,9.312
-5.0,2,9.319429
-5.0,2,9.326591
0.0,1,9.330573
0.0,1,9.334466
0.0,1,9.338332
0.0,1,9.342745
0.0,1,9.346992
0.0,1,9.351172
0.0,1,9.35509
0.0,1,9.358818
0.0,1,9.362722
0.0,1,9.366432
0.0,1,9.370329
0.0,1,9.374193
0.0,1,9.378692
0.0,1,9.382667
0.0,1,9.386702
0.0,1,9.390729
-5.0,2,9.398142
-5.0,2,9.405416
0.0,1,9.409194
0.0,1,9.412946
0.0,1,9.416819
0.0,1,9.420712
0.0,1,9.424717
0.0,1,9.42861
0.0,1,9.432312
0.0,1,9.436114
0.0,1,9.440702
-5.0,2,9.448748
0.0,1,9.452831
0.0,1,9.456779
0.0,1,9.460612
-5.0,2,9.468532
0.0,1,9.472465
0.0,1,9.476266
0.0,1,9.480265
0.0,1,9.484557
0.0,1,9.489163
-10.0,3,9.500801
-5.0,2,9.508739
0.0,1,9.513025
0.0,1,9.517189
0.0,1,9.521258
0.0,1,9.525288
0.0,1,9.529071
0.0,1,9.532858
0.0,1,9.536779
0.0,1,9.541463
0.0,1,9.546274
0.0,1,9.550386
0.0,1,9.554563
0.0,1,9.558946
0.0,1,9.56287
0.0,1,9.566698
0.0,1,9.570587
0.0,1,9.574309
0.0,1,9.578079
0.0,1,9.581949
0.0,1,9.586038
0.0,1,9.590068
0.0,1,9.594321
0.0,1,9.598796
0.0,1,9.603261
0.0,1,9.607401
0.0,1,9.61141
0.0,1,9.615222
0.0,1,9.619797
0.0,1,9.623771
0.0,1,9.627644
0.0,1,9.631388
0.0,1,9.635137
0.0,1,9.639442
0.0,1,9.643852
-10.0,3,9.654432
0.0,1,9.6582
0.0,1,9.662068
-5.0,2,9.669304
0.0,1,9.673151
0.0,1,9.677101
0.0,1,9.681054
0.0,1,9.684958
0.0,1,9.689204
0.0,1,9.693143
0.0,1,9.697004
0.0,1,9.700778
0.0,1,9.704833
0.0,1,9.708541
0.0,1,9.712199
0.0,1,9.715968
0.0,1,9.719704
0.0,1,9.724152
0.0,1,9.728028
0.0,1,9.731786
0.0,1,9.735772
-20.0,5,9.752686
0.0,1,9.756643
0.0,1,9.760338
0.0,1,9.764144
0.0,1,9.767947
0.0,1,9.771701
-5.0,2,9.778824
0.0,1,9.782641
0.0,1,9.786498
