#{"t_start": 1685852795.541651, "env_id": null}
r,l,t
-41602.064337,78,1.92824
-48897.786337,41,2.008594
-49559.22703,19,2.0421
-49729.313189,27,2.089998
-49583.056675,23,2.131994
-49436.864462,21,2.169893
-48812.832348,17,2.201491
-49728.442831,28,2.251359
-49194.639251,19,2.286266
-49824.115723,12,2.308207
-49405.378439,23,2.350095
-49512.94703,23,2.393978
-48641.086478,32,2.451856
-49638.847688,20,2.48776
-49656.13015,25,2.532351
-49749.605782,22,2.580224
-49096.868624,22,2.62184
-49544.799365,25,2.66615
-49652.497659,22,2.707602
-49463.552977,30,3.035261
-49640.271203,24,3.095283
-48553.431335,47,3.190166
-48415.513645,16,3.220105
-49895.021972,14,3.245819
-47977.093233,59,3.353164
-49723.300214,22,3.39279
-48325.974902,55,3.494008
-49728.347461,22,3.533892
-49400.992978,16,3.564867
-48089.500974,39,3.635187
-49694.074736,23,3.676076
-49431.141227,18,3.712436
-49768.187159,22,3.754555
-49513.534597,24,3.798439
-49908.166908,12,3.820407
-45399.667584,122,4.326642
-49728.688803,23,4.375512
-49237.5004,26,4.422386
-49613.398217,21,4.459804
-46903.739014,76,4.594955
-49525.32861,14,4.623724
-48808.629901,24,4.666115
-49248.716383,32,4.722315
-49063.730039,27,4.773002
-48607.781278,21,4.810852
-46165.171303,33,4.868617
-49193.233224,36,4.93299
-49455.507854,20,4.969815
-49462.95318,17,5.001307
-49393.928418,22,5.041447
-49391.664137,25,5.084845
-49790.944513,23,5.384992
-49219.764267,21,5.431865
-49237.976641,25,5.485355
-49891.439227,10,5.505302
-49449.863165,18,5.544198
-49372.622422,27,5.594987
-49888.6785,15,5.621915
-49362.030733,21,5.658816
-49797.958451,11,5.678763
-49673.804603,11,5.698709
-49053.10216,34,5.760035
-49926.221212,14,5.786086
-48792.488663,22,5.824982
-49077.389598,31,5.88086
-49562.607013,23,5.921726
-49801.426397,24,5.964614
-48678.980474,25,6.010491
-49635.04534,31,6.063723
-49738.837132,15,6.09162
-44101.727316,144,6.617798
-49399.050011,22,6.66168
-49338.400234,27,6.717532
-49471.137381,20,6.758422
-49261.070599,21,6.79732
-49764.119933,18,6.829239
-49448.949214,28,6.879106
-49740.124808,18,6.912018
-49595.028316,26,6.957895
-49543.344041,30,7.01228
-48998.031474,24,7.055359
-49592.535592,21,7.092264
-48697.128379,20,7.128135
-49172.140441,33,7.187002
-49903.233733,11,7.207921
-48838.643743,25,7.252903
-48917.520648,27,7.300805
-47791.07543,43,7.377128
-49550.32135,27,7.424999
-49767.453092,21,7.462898
-49529.246972,23,7.792345
-49565.048881,21,7.837732
-48528.812029,42,7.923226
-49047.513638,24,7.971369
-49547.56763,22,8.009817
-49707.548371,25,8.055035
-48759.294359,58,8.157417
-45727.755251,60,8.26619
-49422.05337,22,8.304064
-43624.719683,129,8.532381
-49202.822964,39,8.601197
-49254.303005,25,8.645618
-48930.682496,24,8.963416
-49344.059613,28,9.021435
-49770.902585,27,9.07529
-48646.623645,27,9.129682
-47106.163201,71,9.262396
-49089.442348,22,9.301309
-49615.600354,15,9.328466
-49669.595106,21,9.366665
-49165.062154,23,9.409743
-46717.9837,32,9.468149
-49280.855765,24,9.510755
-48403.039626,33,9.571537
-44706.1455,62,9.682242
-49656.746091,21,9.719566
-49770.117371,22,9.758017
-46006.153086,109,10.21168
-49570.180977,27,10.267545
-49926.906225,10,10.288489
-48930.30184,38,10.360297
-49423.505876,30,10.412159
-49621.22334,17,10.444073
-48207.627781,46,10.524664
-45179.950772,74,10.65474
-49698.815769,23,10.713747
-48860.739907,30,10.767
-49771.275256,24,10.809546
-47499.985372,38,10.87489
-48880.789183,26,10.92363
-44869.14002,94,11.373006
-47784.486815,65,11.506156
-49024.731202,26,11.554555
-48985.841815,22,11.59268
-49521.415149,21,11.63082
-49702.7454,26,11.6757
-49092.885934,29,11.727076
-48106.409353,49,11.814845
-49447.445315,25,11.858728
-49644.951031,29,11.910598
-49537.2233,17,11.941555
-47829.761996,66,12.057806
-49737.972256,29,12.108675
-49382.151119,25,12.153364
-45826.604083,81,12.561137
-48171.243007,59,12.679347
-49232.320677,21,12.719241
-49709.042468,25,12.762821
-48789.231495,33,12.820417
-49257.577632,15,12.847665
-48568.384449,20,12.884589
-49696.584998,23,12.925306
-47855.200588,51,13.022866
-49114.898187,28,13.074844
-48210.177893,43,13.154634
-47105.188944,72,13.287901
-49551.057948,24,13.331088
-49806.788034,25,13.376521
-49649.712947,24,13.421949
-49397.031638,28,13.748156
-49228.895394,23,13.803515
-49693.722045,22,13.853431
-49684.030133,20,13.901303
-48735.396308,25,13.948181
-49773.901173,17,13.986247
-49558.4144,22,14.03213
-48935.889738,37,14.109174
-48488.849299,46,14.207235
-48823.018957,15,14.238188
-49765.870205,15,14.266124
-49445.399494,23,14.314234
-49045.077556,24,14.360301
-48719.366336,26,14.412983
-49632.496655,12,14.436919
-49584.351341,18,14.472853
-48951.985635,50,14.576563
-49365.571122,29,14.633411
-47081.588596,39,14.70821
-48745.076108,39,15.057015
-49500.52603,18,15.097245
-49835.970604,14,15.127166
-49561.205742,26,15.183016
-49586.607517,32,15.245329
-48810.923726,18,15.278265
-49445.520674,17,15.308805
-48538.211781,24,15.355191
-49695.878735,26,15.402699
-49376.985122,21,15.443124
-49425.972957,26,15.490444
-49095.516159,15,15.51705
-49226.835983,15,15.543783
-46596.929166,64,15.663231
-48873.964891,34,15.72307
-49022.83887,24,15.764986
-48761.313638,38,15.833298
-47705.121877,56,15.930941
-47747.500275,34,16.285419
-49797.405011,26,16.343283
-49929.541731,14,16.373203
-49595.46655,26,16.432045
-48082.088126,48,16.522389
-49040.959218,18,16.556272
-49129.16399,26,16.60514
-47242.389146,44,16.685968
-49482.884552,21,16.743326
-49445.754665,26,16.797184
-47987.052126,27,16.847596
-43567.548794,128,17.073845
-48749.971054,60,17.180561
-48823.361478,17,17.499733
-49377.736232,25,17.552306
-47231.950364,53,17.660522
-47975.061564,36,17.727293
-45965.273863,115,17.928289
-48058.833002,27,17.975408
-44160.552968,60,18.083171
-48858.165195,22,18.12223
-49437.820372,24,18.166114
-46288.983976,59,18.288788
-44877.542229,65,18.405598
-49612.18582,24,18.715571
-49565.516385,24,18.765306
-47193.0372,40,18.849081
-49625.486514,27,18.900942
-49231.140544,30,18.952808
-46564.926624,41,19.025613
-47338.37773,48,19.110703
-49558.644831,26,19.157602
-49473.645217,18,19.190514
-48309.753006,29,19.240403
-49587.065901,20,19.278302
-48484.537866,35,19.33998
-49421.046365,30,19.392815
-47980.728178,38,19.459674
-48938.494161,38,19.529495
-49181.190065,35,19.591329
-49068.87102,20,19.937497
-49336.508998,24,19.986365
-49800.081291,13,20.014291
-49529.16729,25,20.065661
-49294.870252,16,20.100567
-48449.171047,17,20.134145
-49492.748296,17,20.164065
-49029.376421,20,20.200993
-48767.97068,24,20.242221
-49178.303638,17,20.273116
-49368.865399,18,20.306027
-49442.087034,23,20.347545
-48768.574098,43,20.422059
-49178.333185,21,20.459967
-49218.142866,29,20.511457
-48681.150249,34,20.571265
-49561.498969,23,20.611158
-49286.306731,27,20.660027
-49663.668535,28,20.709893
-49892.731285,12,20.731724
-48055.852241,68,21.129678
-49008.221179,33,21.201487
-49888.732152,14,21.230594
-47768.467915,30,21.289436
-49927.373337,10,21.308386
-49529.84559,24,21.351472
-49570.713632,27,21.399343
-48615.486817,31,21.451422
-44852.835217,127,21.673629
-46562.444843,41,21.746256
-47909.731614,31,21.801109
-49541.970543,27,21.849051
-46645.414766,73,21.975781
-47871.914637,50,22.336349
-49080.929183,32,22.409539
-49685.098216,21,22.454925
-48964.662638,21,22.496462
-47552.483516,77,22.634562
-48580.865873,34,22.695399
-49927.778527,7,22.709006
-43969.771238,76,22.851352
-49678.657951,26,22.900225
-48235.526535,49,23.005921
-48351.074053,37,23.07374
-49221.702559,19,23.112636
-48661.057586,48,23.205158
-47247.506822,37,23.529619
-49695.280993,20,23.571508
-48863.22015,43,23.659273
-49678.543983,20,23.699166
-49652.768692,21,23.738063
-48709.151196,24,23.781946
-49642.609411,25,23.82984
-49177.402211,16,23.85874
-49490.985225,24,23.90362
-49079.980649,23,23.946056
-49010.644836,29,23.999884
-49385.673848,21,24.037783
-47562.721526,69,24.163833
-49478.455463,24,24.209711
-49653.334595,32,24.269551
-45732.776235,65,24.39085
-49655.826726,23,24.433734
-49760.734996,24,24.764361
-48188.688919,60,24.889833
-46601.348896,77,25.033407
-49080.534029,19,25.067924
-46016.228075,91,25.228662
-48341.344536,48,25.31438
-46755.827576,57,25.416309
-49586.737125,25,25.460689
-45248.206816,64,25.573862
-49114.390062,24,25.617745
-49375.142236,30,25.936975
-49392.928884,27,25.996815
-49055.11565,26,26.055191
-48751.050126,35,26.129934
-48886.279223,25,26.181942
-47386.874104,54,26.28361
-49412.103275,30,26.341939
-49806.088067,24,26.387842
-48932.942584,34,26.452648
-48488.669989,40,26.526962
-40853.850125,92,26.698753
-49315.005997,11,26.719696
-49369.594798,20,26.757769
-49038.522748,29,26.812622
-48123.127091,44,27.199593
-49421.00168,23,27.24758
-49058.015182,25,27.298444
-48676.514566,33,27.369259
-49733.333264,26,27.421291
-49655.265218,23,27.461181
-47129.423474,44,27.539982
-47143.186769,60,27.652729
-46567.682362,81,27.803809
-47091.42963,66,27.927986
-49866.891596,16,27.958904
-44948.90091,39,28.035343
-49923.181353,10,28.055288
-46023.979461,51,28.149062
-49912.350719,14,28.458557
-48943.072373,41,28.542982
-49738.996868,26,28.594843
-49041.85077,23,28.638726
-40737.193864,34,28.697569
-45437.650161,96,28.864894
-49181.160708,22,28.903815
-49485.854375,19,28.939695
-47068.884725,53,29.034172
-45876.707983,38,29.098974
-49907.548828,15,29.126926
-47852.018445,27,29.173522
-48226.551985,38,29.24071
-46341.472783,60,29.613243
-40347.087924,116,29.837269
-48680.841259,18,29.869121
-49435.965533,29,29.922977
-49427.647104,23,29.965388
-49781.433371,19,30.003287
-49276.516742,25,30.049165
-48441.663568,22,30.090054
-45226.318902,72,30.226209
-49495.016518,17,30.259122
-49961.984174,8,30.275103
-49688.503043,22,30.314972
-49728.818688,21,30.355742
-49863.424653,15,30.382671
-49512.136643,27,30.435529
-48605.007648,49,30.526313
-49608.636744,17,30.813655
-49047.33988,30,30.87848
-46056.020918,41,30.983691
-47871.032143,33,31.055445
-40360.280319,117,31.274844
-48520.270841,42,31.355628
-43197.006483,42,31.441429
-49815.607857,16,31.4741
-45461.552752,84,31.629683
-47638.162484,56,31.728338
-44651.587401,77,32.155226
-49226.865409,33,32.222046
-49644.529973,25,32.272911
-49896.829719,9,32.289866
-49556.259353,25,32.332752
-47573.434922,80,32.475318
-49822.29392,23,32.51644
-47766.603956,82,32.660279
-48841.876823,59,32.762403
-48174.014544,49,32.848683
-48958.079846,32,32.906527
-45801.126034,48,33.238867
-49280.056183,26,33.291234
-49108.165929,31,33.353596
-45976.130499,56,33.460322
-49243.000015,14,33.486242
-49756.466267,29,33.538102
-49556.879888,25,33.58099
-49600.577461,20,33.616896
-49040.398153,39,33.685712
-48844.79079,34,33.745862
-49480.621871,22,33.785745
-49449.272654,19,33.819656
-47535.889602,45,33.899443
-49272.097451,26,33.944801
-49736.296759,16,33.97346
-48524.687757,29,34.025299
-49617.189218,26,34.071177
-43676.084706,118,34.558566
-49414.707794,19,34.596465
-49082.594776,28,34.647332
-48906.575659,41,34.719879
-46102.922015,62,34.827602
-49706.772872,29,34.878465
-49932.243068,12,34.900406
-49962.972495,11,34.919405
-47084.297259,89,35.079818
-43666.739051,127,35.302511
-44625.917778,106,35.798251
-49132.83815,26,35.844061
-49943.686893,8,35.858531
-48700.594666,24,35.900418
-48678.938806,16,35.929341
-49256.124327,28,35.97772
-48891.148589,27,36.02674
-40359.45854,37,36.09159
-48577.309123,31,36.146448
-49051.15601,27,36.195294
-42203.295164,104,36.378445
-49249.194246,16,36.406394
-48135.528317,35,36.467902
-49694.609988,19,36.788696
-49663.92834,25,36.839559
-44415.570639,65,36.969086
-47771.198172,51,37.060348
-49409.120548,18,37.091266
-48051.049091,32,37.147644
-49447.706864,29,37.198509
-49755.131296,26,37.244382
-49364.354531,27,37.292254
-48602.338422,25,37.337064
-49253.709458,27,37.384936
-49564.60739,21,37.422362
-45075.37889,58,37.523799
-45209.34975,69,37.64668
-47925.53466,37,37.968889
-47393.618615,34,38.036784
-48591.879373,62,38.158963
-47733.200177,52,38.250835
-46330.861659,60,38.354579
-49627.592575,24,38.397465
-49829.927308,17,38.427385
-49571.151278,22,38.466409
-48617.409671,19,38.501316
-47926.020458,27,38.550728
-46507.983279,92,38.711393
-49666.443003,17,38.741314
-48818.313328,37,38.806723
-48540.347178,26,39.101052
-48896.97204,18,39.13895
-47704.704695,24,39.190321
-49165.937555,29,39.24889
-48513.466966,53,39.347133
-49062.003805,26,39.392014
-48281.982757,31,39.44587
-49160.934288,22,39.485688
-49790.645874,23,39.526578
-48851.064444,32,39.583427
-49725.595356,14,39.60836
-47920.231292,29,39.660221
-49047.612682,23,39.701112
-48762.393251,39,39.770231
-49743.421278,23,39.810124
-49515.749691,28,39.859242
-49797.869851,25,39.903125
-41898.30329,146,40.433052
-49946.970684,11,40.454993
-47634.405378,51,40.542806
-49699.583477,25,40.58766
-49863.703449,9,40.603644
-48827.917007,42,40.679788
-44707.765848,114,40.89853
-49292.340644,33,40.955377
-49406.313986,31,41.011232
-49651.500369,26,41.05711
-44733.728539,81,41.448712
-48669.745149,24,41.499081
-49602.439946,24,41.547951
-49249.091757,20,41.586847
-49707.404462,27,41.638708
-49040.531074,33,41.698117
-46170.746269,53,41.791496
-47142.837323,57,41.891069
-49847.111784,11,41.912039
-46496.837724,75,42.046637
-49105.563875,20,42.082538
-49001.426743,26,42.128416
-48994.088894,34,42.188257
-49275.445435,33,42.246834
-49398.165742,33,42.306673
-48978.562966,32,42.622339
-49680.254592,22,42.666224
-49767.222575,17,42.701129
-48530.969694,51,42.800863
-46531.478817,19,42.832778
-49302.203921,16,42.861701
-48924.851156,24,42.90459
-47942.672078,40,42.974409
-44188.851548,68,43.095085
-47254.457485,26,43.140994
-44987.072828,108,43.331323
-49647.063412,26,43.377206
-49494.54691,20,43.412022
-49252.206461,31,43.46676
-41406.226504,107,43.927861
-46193.411562,48,44.01569
-39827.925747,140,44.260453
-49793.684544,19,44.293388
-48259.682384,43,44.368678
-49361.090141,25,44.41288
-49782.578686,21,44.448846
-45748.590521,76,44.584379
-41491.502649,189,45.289477
-41410.454576,169,45.586376
-47048.377924,61,45.693667
-46380.571232,59,45.79839
-48944.166474,33,45.856235
-48955.103408,22,45.895132
-49476.815561,11,46.156217
-49378.877952,34,46.227547
-49855.183605,12,46.252868
-49084.961007,20,46.293327
-49682.827484,17,46.327237
-49591.851598,21,46.366132
-49519.8051,29,46.418162
-49550.569176,33,46.477325
-48925.576097,31,46.532705
-49421.162097,19,46.567031
-49317.949884,37,46.631941
-47828.412252,49,46.721059
-47871.731778,53,46.815295
-49476.293714,36,46.879011
-45487.893801,45,46.957673
-49722.819803,11,46.977644
-46401.497418,98,47.448832
-49708.690293,26,47.501316
-49380.328672,27,47.555725
-47213.213484,42,47.628775
-42566.831385,111,47.821198
-39559.221575,190,48.155597
-49342.973345,20,48.190937
-49607.133064,27,48.238638
-49315.95039,42,48.572838
-48690.820489,41,48.65462
-49452.844387,28,48.710631
-41326.508002,69,48.831282
-46747.955796,63,48.944288
-49291.473029,21,48.982717
-49300.767371,24,49.027244
-49190.226748,27,49.073602
-44110.341755,156,49.348247
-49306.429918,19,49.384173
-49125.794245,20,49.70692
-48946.365697,31,49.771253
-49475.516608,16,49.803168
-48416.804657,35,49.873501
-49148.673707,20,49.912396
-48537.231845,16,49.94132
-48514.512142,23,49.981505
-44462.965423,97,50.153006
-46999.402023,54,50.248708
-48916.733521,26,50.295592
-48466.455368,35,50.358475
-42550.045048,141,50.606301
-48243.40175,33,50.921693
-48652.677506,13,50.948621
-47339.163233,29,51.008995
-48685.502332,37,51.078321
-48853.415239,14,51.102262
-44653.224195,82,51.247909
-48765.211365,24,51.291324
-49478.284888,21,51.327231
-48222.781646,23,51.369281
-49355.856786,29,51.420348
-45060.487464,122,51.63712
-33752.133323,112,52.12158
-49622.594637,23,52.170449
-46639.709441,58,52.281154
-49698.664737,21,52.320299
-49457.222236,30,52.372162
-49504.216814,26,52.418338
-38144.819813,85,52.572708
-49782.112742,22,52.611682
-49969.460915,9,52.628587
-45891.633788,93,52.818545
-44593.077676,82,52.975544
-44835.476818,55,53.326165
-45834.169752,69,53.462307
-49735.642,15,53.488239
-49471.991989,12,53.509692
-45373.701143,51,53.599466
-49366.308852,25,53.643343
-47875.045305,27,53.693656
-49346.478157,31,53.747167
-36026.575541,135,53.987314
-44518.857908,65,54.136636
-49265.784017,24,54.185556
-49194.684418,24,54.509239
-47873.913406,38,54.626925
-42125.899006,128,54.872498
-32603.726728,93,55.048237
-49729.890223,22,55.089129
-48736.708416,30,55.144644
-49933.27959,9,55.160601
-46257.591753,74,55.293413
-49616.012698,17,55.324333
-49731.643839,15,55.353254
-44624.937127,88,55.794151
-46984.675313,38,55.889895
-48431.042163,46,55.974671
-48222.223662,50,56.065607
-49590.044182,25,56.110488
-49400.192146,19,56.146391
-47298.643127,37,56.223186
-47387.480588,50,56.315748
-49155.096867,29,56.367275
-49040.122124,31,56.435092
-32507.188079,276,57.238531
-48853.038547,18,57.270446
-48809.515709,12,57.293384
-49349.693347,33,57.352857
-49530.439207,17,57.382755
-45975.198602,37,57.449146
-49115.54108,21,57.487614
-46963.093153,36,57.553225
-49486.118385,22,57.593648
-49160.276879,21,57.632542
-48047.947522,24,57.675038
-47597.420147,62,57.784797
-49016.81116,23,57.825689
-48940.885326,50,58.216332
-45116.575221,76,58.36816
-40981.623241,99,58.547737
-49434.764897,40,58.61837
-48486.730258,25,58.662557
-48187.128833,23,58.705699
-48879.917532,31,58.763712
-44590.387329,42,58.836526
-45629.102975,53,58.931277
-49400.178541,20,58.968235
-48462.147469,23,59.011209
-48771.596408,31,59.067035
-42915.768494,63,59.450069
-45802.667931,75,59.598178
-49635.342026,15,59.625107
-49702.876572,28,59.674974
-48585.972868,39,59.744335
-45421.014516,65,59.85798
-49213.831466,12,59.87992
-37517.461518,84,60.028529
-46697.154685,56,60.128298
-44217.87796,129,60.630784
-47844.550811,43,60.725253
-49547.52246,20,60.764854
-48402.265247,24,60.806742
-48793.141251,27,60.854572
-49117.473933,24,60.897457
-48922.409988,30,60.949319
-47954.180027,49,61.036107
-44236.040373,104,61.224811
-49571.32023,24,61.267697
-45412.59032,72,61.397868
-42530.463944,111,61.884104
-49551.754992,22,61.928985
-48943.258431,39,62.000126
-48597.00947,22,62.040827
-48448.951303,10,62.058777
-47053.723026,18,62.091688
-49027.989023,23,62.13181
-47806.482706,44,62.21086
-48550.006605,24,62.252809
-49716.732146,23,62.292706
-48234.634139,45,62.372651
-36855.577479,170,62.921369
-49649.927385,12,62.946302
-46405.516095,45,63.041392
-47332.787356,36,63.11514
-48998.432191,20,63.151555
-39241.516151,106,63.344673
-45270.99979,53,63.437431
-47145.446622,51,63.547103
-41514.04061,112,63.750511
-48741.426443,24,63.793398
-48672.864129,18,63.825314
-46674.605752,44,64.183976
-49047.241195,24,64.234918
-45233.820348,34,64.308263
-40671.140662,143,64.566157
-45595.820388,90,64.725191
-48621.145164,13,64.74913
-45251.861626,32,64.805057
-48976.870719,25,64.847943
-44984.946039,34,64.908209
-47916.136886,39,64.977024
-49317.398231,26,65.023045
-49750.522752,15,65.341367
-49568.367148,18,65.378849
-45366.403991,56,65.494737
-46105.63713,52,65.594536
-47543.331567,36,65.661027
-49470.611593,18,65.693426
-48994.706212,11,65.713372
-44189.194309,52,65.80713
-49283.781444,26,65.857528
-44116.76253,84,66.00893
-41129.870702,66,66.124
-49865.583328,12,66.145942
-49197.22537,19,66.180398
-48567.358328,31,66.235759
-47107.953458,33,66.595142
-49320.743882,17,66.632043
-41968.442446,145,66.907377
-48575.215289,37,66.980663
-45119.36258,56,67.091905
-48477.75625,22,67.131769
-46176.954354,62,67.243387
-49920.135879,13,67.267323
-47411.336939,30,67.321178
-43050.673979,24,67.366058
-48770.739177,22,67.406526
-45031.767735,58,67.813085
-48360.757088,30,67.888756
-49453.609004,24,67.954164
-42749.435295,115,68.191122
-49284.896932,18,68.226964
-49475.695341,20,68.264213
-48833.477039,24,68.308021
-48842.954458,29,68.36487
-43258.026739,96,68.544899
-46564.592009,33,68.603207
-48831.19026,32,68.660055
-43416.130641,90,69.105406
-48653.429992,28,69.161704
-47702.064853,26,69.21419
-49606.946428,17,69.2481
-44391.143082,90,69.408577
-49338.027424,28,69.459139
-49029.084972,24,69.503024
-49274.014721,19,69.537931
-48856.831723,39,69.608528
-49876.270293,11,69.628503
-48391.283493,28,69.67934
-44077.955808,60,69.78406
-48647.053556,29,69.834923
-46170.401609,46,69.91562
-48228.730701,23,69.956696
-49290.013055,27,70.270568
-42499.947236,141,70.545864
-45195.732984,39,70.61646
-41280.445361,58,70.721316
-44722.299695,81,70.885161
-47159.160154,81,71.026677
-49116.236926,32,71.083058
-47821.708817,29,71.134895
-46685.025061,24,71.17778
-49413.361999,17,71.468871
-46563.496348,48,71.568137
-45629.565043,47,71.659308
-48542.12858,24,71.701106
-48059.992802,22,71.739886
-46930.498585,23,71.781749
-46986.332207,38,71.850399
-49035.650491,19,71.88431
-49951.38477,9,71.901263
-44610.723263,57,72.006047
-42328.795763,61,72.112422
-49230.465695,32,72.168276
-47543.065848,49,72.254326
-48936.349309,18,72.286105
-49641.096611,12,72.308051
-49779.827264,20,72.342959
-47820.349564,23,72.654951
-48496.247311,38,72.732005
-49657.162778,13,72.757936
-49190.982877,25,72.80731
-40106.232076,69,72.93293
-46653.755066,63,73.049714
-49189.996966,23,73.090612
-49107.281787,23,73.1325
-45640.459194,73,73.261607
-48907.406288,22,73.300102
-46377.721548,36,73.36649
-46158.34765,57,73.468219
-47885.596497,24,73.510691
-47636.462072,57,73.894617
-49045.418234,23,73.94249
-49689.200062,24,73.992413
-48951.814717,44,74.07532
-39684.983809,144,74.3335
-48590.906421,43,74.409383
-46968.005898,55,74.506379
-47028.900672,31,74.561214
-49442.878314,23,74.602131
-49124.718392,27,74.649977
-49073.125448,20,74.686901
-44696.858586,52,75.050705
-45597.564228,62,75.179372
-40922.806514,97,75.357658
-41140.424753,132,75.591765
-47526.325609,28,75.641643
-48612.386475,14,75.667017
-42937.860374,134,75.90139
-49248.046734,14,76.175806
-49962.776027,8,76.192758
-48823.960755,21,76.23764
-39345.39184,74,76.389074
-48695.687562,31,76.444926
-48014.551093,31,76.502269
-47405.977041,17,76.534182
-48337.585154,12,76.557552
-48264.54006,34,76.618382
-45974.576789,55,76.720907
-43493.693736,54,76.818618
-48728.221799,26,76.865522
-37279.810964,106,77.055564
-48668.091397,24,77.099275
-48884.492695,13,77.387981
-47941.251482,44,77.476411
-49451.775316,26,77.527781
-43617.150819,57,77.632506
-48312.230839,53,77.724666
-45063.938031,64,77.83637
-47975.774196,34,77.89821
-48565.089324,68,78.023106
-48687.026493,22,78.062072
-48775.827184,31,78.118896
-48135.295681,29,78.191213
-35530.233929,74,78.603808
-42204.521576,135,78.87358
-42652.469618,32,78.93046
-47681.44663,35,78.995109
-49496.583868,14,79.020042
-49861.702058,12,79.044126
-41321.772839,59,79.149867
-44748.459527,114,79.350651
-44178.594961,69,79.472305
-44651.680587,87,79.89532
-48907.273866,23,79.942698
-44719.650031,51,80.037995
-47097.880782,82,80.185896
-48922.881605,28,80.237116
-49442.419198,22,80.277009
-47622.062885,68,80.40086
-38838.93302,85,80.554095
-44328.791655,40,80.6269
-44701.250665,64,81.001626
-48813.262212,32,81.067965
-49578.512358,18,81.105862
-47060.611511,44,81.189718
-49200.615878,14,81.219158
-48269.056665,34,81.280637
-46813.480846,43,81.355438
-44786.338143,52,81.446707
-46825.622027,60,81.553363
-48980.560766,23,81.59371
-44073.151104,59,81.697937
-48908.019481,19,81.732483
-47700.761106,42,81.808103
-49262.242339,20,81.844009
-48888.412424,35,82.193463
-44213.395687,100,82.389636
-48512.368238,32,82.445514
-47855.449717,26,82.491623
-49095.699612,25,82.535507
-49825.768654,16,82.565457
-49580.943086,18,82.596352
-47403.853448,31,82.652202
-28834.349455,203,83.013356
-48585.57861,52,83.371253
-43545.898019,112,83.58987
-49781.043095,14,83.615801
-47142.996305,43,83.693595
-41722.457773,85,83.84826
-42118.48907,93,84.012842
-48500.525295,23,84.052736
-49378.964798,27,84.100611
-45702.872146,96,84.518046
-49709.001859,13,84.544974
-48793.303048,20,84.584375
-49821.455897,15,84.616289
-44872.259677,79,84.764396
-49244.233546,38,84.832826
-46435.991487,31,84.88927
-42985.521829,60,84.995803
-49068.358664,28,85.045701
-49461.000896,27,85.094768
-49769.500888,10,85.112716
-48596.551882,23,85.154152
-49302.399985,27,85.202356
-49431.896236,20,85.237268
-48590.061141,26,85.282156
-48169.532525,20,85.318064
-48791.493465,23,85.358955
-45654.84818,71,85.795332
-49303.451798,20,85.835732
-49131.390911,21,85.878517
-46472.436952,50,85.967843
-49722.952391,17,86.000271
-49447.029664,24,86.04276
-49598.582997,21,86.083604
-42059.863107,61,86.190291
-44749.55877,45,86.269917
-48560.711762,21,86.306793
-48032.636725,21,86.343694
-45576.38153,55,86.442433
-45968.23617,23,86.484093
-49678.030167,25,86.529479
-48514.565139,32,86.586386
-49554.512754,21,86.894565
-48885.230806,21,86.938448
-49326.608566,21,86.982463
-43047.548091,91,87.155233
-49880.075437,11,87.175181
-48729.269499,36,87.238802
-44088.132173,79,87.375774
-48441.783981,40,87.44656
-45349.464628,62,87.554301
-43852.597368,55,87.651174
-49026.911333,14,87.677105
-44815.350888,75,88.080262
-46345.331591,67,88.217029
-46381.352213,62,88.329474
-44728.982543,55,88.423151
-49712.528124,17,88.45307
-49026.242421,32,88.508576
-48496.849348,20,88.544083
-49527.998459,20,88.579075
-46217.11996,49,88.666776
-49578.922707,10,88.685245
-49097.596745,16,88.714165
-49722.997841,23,88.756561
-41496.231025,70,88.882432
-47570.980534,41,88.958356
-48805.05502,37,89.304436
-47816.119635,42,89.39124
-37861.607144,123,89.61766
-49339.376551,13,89.639598
-45389.030735,78,89.782293
-40598.990163,56,89.890591
-40691.563854,155,90.168048
-48552.430939,21,90.488308
-45498.545638,29,90.549147
-46650.963212,43,90.638696
-44534.358337,73,90.782619
-45315.411823,29,90.84246
-47603.404659,16,90.88053
-49372.647036,29,90.946354
-49568.046786,14,90.978699
-48347.1702,25,91.025571
-46649.235778,70,91.162848
-40442.242248,93,91.347559
-39410.232056,98,91.831707
-45268.355606,70,91.973021
-49300.914554,18,92.007723
-47522.45497,59,92.111109
-48673.865257,21,92.149008
-48811.405518,25,92.191975
-37556.597862,154,92.464611
-48222.15182,47,92.549482
-49697.724661,14,92.575351
-48878.169935,34,92.637191
-35659.264756,79,93.061709
-45579.863959,38,93.139518
-47728.814324,28,93.190853
-45623.644856,71,93.318398
-39726.276444,125,93.544237
-49659.720728,26,93.591048
-41769.630487,82,93.737196
-48054.390012,52,93.83165
-48965.509291,27,94.15667
-49667.194213,18,94.194709
-36036.367839,84,94.362469
-49531.008251,18,94.393386
-49297.259597,17,94.423307
-49546.41073,24,94.465194
-48762.264184,42,94.538031
-49499.152549,26,94.583881
-49418.5738,23,94.624772
-48317.992292,43,94.699578
-49538.451404,13,94.724511
-49277.760126,25,94.769366
-44742.771613,70,94.893038
-49781.114953,12,94.914979
-46399.632612,23,94.957867
-45736.333706,64,95.34882
-49696.425015,15,95.381732
-43360.40166,101,95.57987
-38681.142076,82,95.726048
-48979.410951,41,95.799911
-48439.420551,23,95.842349
-41203.243519,87,96.001226
-41602.937796,57,96.104033
-46640.380164,74,96.239051
-42959.567393,38,96.583117
-43212.557775,56,96.698819
-49600.198522,24,96.746658
-47511.765786,54,96.843635
-49608.291375,19,96.878541
-48607.727883,17,96.90946
-47241.134489,28,96.960323
-49610.329338,19,96.995317
-45818.348004,58,97.101922
-41449.911371,71,97.231564
-49612.180345,17,97.262035
-49502.611118,23,97.303922
-49290.395963,26,97.351794
-49264.828392,34,97.413663
-49545.784142,29,97.704617
-49913.105988,9,97.724072
-18884.297351,353,98.379894
-40603.778503,135,98.867645
-48539.069507,26,98.923016
-49240.658996,21,98.968891
-49383.182385,10,98.99034
-44335.054696,61,99.108787
-25272.627306,90,99.271384
-47291.824699,44,99.349739
-42190.026962,31,99.405571
-44195.819105,90,99.572799
-49262.353237,25,99.619673
-47875.234602,56,99.718995
-45398.294434,59,100.054946
-44721.566705,44,100.155238
-40750.672669,128,100.393593
-49288.195538,17,100.425484
-45135.725637,44,100.506349
-49375.07971,24,100.553222
-49282.700183,29,100.60563
-44809.098438,47,100.691435
-40776.865425,102,100.898876
-43035.738397,47,100.983713
-48871.004649,18,101.299298
-34394.250034,109,101.516091
-42535.371368,82,101.66323
-49021.111286,21,101.700615
-48170.27488,28,101.751979
-46742.078118,39,101.82435
-48885.505229,31,101.881204
-43324.840654,64,102.000944
-48961.622897,24,102.043362
-44071.639985,56,102.145627
-42697.341171,69,102.540797
-47054.756756,61,102.663016
-39498.731916,85,102.813759
-49736.810599,21,102.851658
-42712.77803,102,103.042141
-48541.335285,36,103.120695
-47551.110704,31,103.185412
-49222.059107,13,103.213248
-43359.221012,67,103.35786
-47486.428738,23,103.400746
-47851.156668,21,103.442394
-48306.825915,19,103.753198
-49336.684208,9,103.772322
-48915.637387,14,103.801245
-48819.192909,19,103.840407
-49048.543023,20,103.880201
-49254.389583,21,103.923086
-46927.496239,49,104.00908
-48567.602833,36,104.075894
-46558.981498,56,104.177622
-47151.496069,77,104.320632
-43506.697732,72,104.449289
-47920.421826,33,104.508062
-49068.983343,42,104.586856
-48811.093826,34,104.64869
-49464.865111,21,104.936728
-48535.596522,39,105.018015
-43100.901643,62,105.136698
-46276.746769,45,105.219536
-47506.776183,41,105.293675
-49157.937134,13,105.317636
-48203.695441,29,105.369618
-40437.788832,94,105.533574
-44037.029507,57,105.632969
-40020.948696,75,105.763342
-47559.901186,34,106.06716
-48312.31823,27,106.123547
-46282.717485,38,106.203334
-39812.355468,69,106.334621
-43031.576354,96,106.509778
-48486.927397,23,106.550645
-47834.265064,33,106.610488
-48780.406316,25,106.655798
-48953.844975,33,106.715531
-39518.834522,147,107.06605
-49688.053178,22,107.368416
-41814.615394,102,107.564446
-49785.431622,20,107.599352
-44923.375487,36,107.663208
-48776.679097,21,107.699111
-48683.221045,18,107.73103
-49149.396779,23,107.772968
-49400.256519,14,107.798877
-48375.293047,19,107.831789
-48342.279283,41,107.905071
-48774.492693,15,107.931998
-49451.267128,18,107.96491
-47552.520778,25,108.008793
-44641.238886,74,108.141438
-49396.63889,22,108.182841
-45765.273807,37,108.574869
-46891.09196,52,108.681584
-49754.724026,15,108.711504
-49763.460518,13,108.739671
-41771.024184,120,108.955641
-37657.608784,72,109.084122
-48895.487897,44,109.160916
-25752.283059,252,109.893346
-48820.811358,19,109.93005
-46421.682427,60,110.03648
-48829.980756,24,110.077921
-46183.461181,56,110.177655
-47261.97471,52,110.26993
-42618.480092,78,110.409825
-47999.63762,63,110.52006
-46799.219208,72,110.646577
-49776.997388,12,110.93995
-44173.131582,60,111.064775
-44151.333264,90,111.229178
-48714.700871,38,111.296075
-49255.542182,35,111.358502
-47091.460633,42,111.434295
-38952.830154,109,111.625745
-48309.444593,17,111.655665
-42500.250719,53,111.747249
-46703.365089,47,112.084172
-39991.980614,66,112.220289
-49857.121853,12,112.24622
-48567.276526,34,112.310888
-44374.746544,66,112.428697
-46648.228588,73,112.555915
-29375.717323,119,112.764676
-45305.220269,48,112.848452
-43383.108416,85,113.26016
-49597.683633,20,113.303897
-49236.358603,18,113.340798
-42707.830335,64,113.466475
-48477.57207,44,113.544488
-43146.302127,92,113.717473
-48659.296371,19,113.76036
-36146.766392,169,114.062737
-49378.827792,21,114.100637
-45967.440053,37,114.165464
-44541.300373,48,114.530353
-46355.831053,47,114.624353
-39133.178054,61,114.733271
-47999.243389,18,114.765859
-42467.879406,98,114.937739
-47714.140658,33,114.996631
-38333.698254,85,115.146405
-39809.459844,55,115.242499
-40915.531522,87,115.655536
-48602.840798,25,115.707397
-48094.466527,45,115.796993
-48848.350159,40,115.868839
-46354.44443,39,115.936936
-49252.926978,19,115.971107
-49022.219205,14,115.997038
-47446.876218,70,116.118738
-48708.141107,23,116.159545
-42125.188871,46,116.240308
-46547.950347,50,116.328939
-48463.214555,27,116.376037
-45358.205478,35,116.439347
-42496.428799,75,116.865024
-49023.104236,13,116.892184
-47728.043058,27,116.947049
-36696.549771,84,117.100132
-43002.495318,95,117.263563
-48443.470445,22,117.302618
-48694.251644,25,117.3465
-43355.367235,40,117.417834
-48424.578613,18,117.451743
-46364.146563,44,117.529179
-45929.003202,52,117.621097
-48792.966663,39,117.690099
-47757.115503,63,118.061247
-47501.489969,37,118.136046
-40299.79431,73,118.265191
-49382.851017,16,118.295112
-29361.92787,193,118.632961
-44744.506849,63,118.757
-49453.026392,18,118.789318
-49253.810836,17,118.82023
-48502.170668,21,118.859187
-48375.051596,37,119.196531
-47452.933008,41,119.278327
-47447.341683,46,119.365112
-46377.437346,49,119.451881
-49708.921562,22,119.489878
-33113.38192,137,119.72983
-42144.592205,32,119.786386
-48573.129883,12,119.808326
-49120.240379,15,119.835255
-44850.42313,41,119.907902
-35556.450253,153,120.437745
-49297.980924,17,120.472652
-45839.987824,85,120.62448
-39816.502074,48,120.708798
-40872.929688,37,120.773439
-46127.676348,34,120.834276
-47997.220115,65,120.948198
-48995.325347,33,121.008507
-47940.19577,23,121.048399
-48983.098363,25,121.092369
-39369.350833,55,121.189655
-48660.975195,22,121.490861
-48306.499591,13,121.517793
-38628.832065,62,121.644451
-42416.138771,72,121.769878
-43952.579354,62,121.881034
-48465.046362,29,121.931897
-46665.11796,50,122.019907
-46720.558901,51,122.110601
-44828.418918,92,122.27224
-49636.787336,20,122.308147
-41997.007212,90,122.739226
-39955.477445,98,122.918405
-39696.287993,63,123.02924
-48325.896742,33,123.086391
-48646.355382,24,123.128986
-45711.212568,43,123.205706
-47256.464767,40,123.275375
-46671.675502,50,123.362801
-41935.611218,75,123.494827
-49657.09858,17,123.807351
-48333.711405,19,123.849239
-35346.685209,102,124.048368
-46443.220778,35,124.110542
-46866.637135,50,124.199487
-49185.676125,22,124.237386
-49067.888209,26,124.282268
-44573.374578,30,124.335459
-34976.824203,152,124.60355
-46421.381927,47,124.686332
-48006.722484,33,125.025181
-47508.575999,28,125.081593
-32845.27423,239,125.514272
-48546.036369,24,125.559688
-46292.196543,63,125.67062
-35476.470774,82,125.816418
-47130.983204,32,125.873611
-49892.007907,11,125.892584
-44241.553862,90,126.300221
-41246.292865,74,126.432634
-46426.927779,52,126.523878
-48614.366664,30,126.577392
-48481.177414,33,126.634575
-49547.431229,15,126.661504
-47656.244899,16,126.690425
-48882.563496,13,126.713364
-40580.530287,54,126.810427
-40751.753146,102,126.98841
-48162.598318,17,127.019917
-44825.82486,20,127.319387
-46925.744293,27,127.376235
-35137.495876,122,127.602139
-42850.095462,66,127.717858
-39094.499038,58,127.820565
-46329.594046,50,127.908501
-28792.218117,187,128.521881
-49562.732761,11,128.545818
-48997.08225,20,128.587707
-26721.402622,174,128.910711
-47225.094633,32,128.974591
-47917.687331,14,129.000093
-48293.939184,14,129.027021
-49792.853876,13,129.050911
-45619.504478,77,129.188715
-49108.394534,25,129.232349
-47911.576391,21,129.270892
-49287.154777,35,129.335546
-45024.366338,98,129.772541
-48873.005884,27,129.827394
-49011.297398,17,129.876264
-48121.87302,39,129.949236
-49679.567164,12,129.971178
-48317.168251,17,130.003093
-48757.723241,13,130.027029
-42391.519627,46,130.110984
-48640.235795,23,130.151848
-38207.734467,101,130.33935
-46595.965504,34,130.400314
-42751.493965,58,130.50534
-48632.88586,19,130.53925
-35601.719954,74,130.972149
-48175.318677,34,131.04147
-34749.099945,141,131.294179
-49329.048612,21,131.331676
-47959.732867,38,131.39852
-42089.484252,110,131.593077
-48627.23825,23,131.634966
-41156.612611,61,131.743675
-49226.314596,25,131.788555
-39991.864093,118,132.292779
-44908.878028,39,132.359962
-49944.976058,10,132.377916
-49190.645006,16,132.407445
-41986.059787,135,132.643521
-48352.400738,58,132.744428
-35894.160625,182,133.354342
-48411.472389,24,133.40444
-49159.934296,21,133.447325
-49454.123012,24,133.490513
-48358.045231,42,133.563352
-49297.089534,30,133.617177
-47773.524809,40,133.688699
-44753.911833,51,133.780455
-49544.309028,28,133.835437
-49677.63056,15,133.863361
-41141.531821,105,134.075488
-49371.732527,18,134.108797
-48065.196322,23,134.150685
-49244.274937,11,134.17263
-46805.572283,42,134.530498
-42459.331676,63,134.657345
-49543.870157,29,134.711179
-48654.975991,17,134.746086
-45604.880299,84,134.918138
-44805.609244,62,135.040425
-48972.852872,23,135.083342
-44223.017859,38,135.154613
-47578.901296,31,135.211328
-47477.625834,35,135.27728
-36334.956581,78,135.425296
-41887.794826,76,135.953276
-49529.860263,15,135.996706
-42946.848006,74,136.185641
-33169.864193,145,136.542246
-49817.563566,12,136.571687
-48442.869155,28,136.642393
-39789.768119,92,136.816384
-46904.465864,37,136.881412
-38910.86077,131,137.400243
-47561.997804,39,137.470246
-44742.07254,52,137.562328
-39251.698708,79,137.702566
-44103.684266,60,137.810319
-46733.014898,45,137.890136
-45915.090766,53,137.982917
-48641.775258,17,138.012811
-42791.683044,94,138.455808
-40473.733167,57,138.571693
-39754.516518,39,138.641507
-49766.283354,12,138.663449
-44673.849317,77,138.797235
-44968.508495,37,138.863058
-48643.876384,17,138.893976
-49005.34079,25,138.937397
-44024.635714,65,139.05321
-49165.129884,24,139.098066
-46232.813575,56,139.197829
-46617.375779,45,139.279027
-49515.966247,26,139.575069
-44709.853231,100,139.771091
-49542.085162,20,139.805998
-35627.694365,84,139.955786
-43353.16197,37,140.021609
-37132.482778,94,140.187715
-49884.120384,10,140.205667
-47608.428061,37,140.270396
-47018.639608,54,140.36416
-47097.53078,57,140.721488
-43079.025082,40,140.804478
-49190.081532,21,140.849358
-45698.946052,68,140.974913
-35439.601529,139,141.223278
-33431.65606,173,141.527498
-47035.32914,65,141.888313
-48633.167427,30,141.951157
-46792.155773,75,142.096473
-44917.936172,41,142.171004
-49691.378631,20,142.207415
-47594.143627,17,142.237523
-48384.673962,15,142.264453
-48531.624245,31,142.319306
-49631.523796,20,142.355209
-48482.418705,14,142.380144
-46458.729,18,142.412639
-39509.001114,46,142.494421
-42951.228613,36,142.556345
-47717.169604,33,142.613199
-49833.173538,9,142.630151
-49809.44428,11,142.650074
-36162.749316,104,143.088064
-48060.927366,26,143.142076
-35512.281054,52,143.245308
-43709.063717,26,143.292182
-42722.749907,70,143.414879
-48474.850714,27,143.462726
-26773.760938,80,143.601385
-48627.148705,19,143.634764
-47500.074806,47,143.717079
-45498.818906,49,143.803846
-46884.536879,59,143.908435
-47843.937569,27,144.219336
-48843.199915,20,144.260227
-46622.826101,89,144.433431
-42530.910189,107,144.624028
-48369.572641,12,144.645971
-41586.587978,77,144.78031
-41911.564249,54,144.874105
-48230.323376,31,144.92955
-48507.044971,30,144.982411
-49887.991472,10,145.001871
-48403.8867,39,145.071152
-46917.45467,42,145.399334
-44263.186768,32,145.464161
-47472.432526,55,145.569928
-41469.646175,88,145.723497
-41198.294839,62,145.832118
-49078.86062,23,145.873248
-47577.67524,47,145.957162
-49171.71133,20,145.993041
-49730.100832,21,146.030971
-48840.09699,15,146.057758
-37237.63964,85,146.235654
-49517.233535,13,146.267236
-41017.384903,55,146.758223
-45640.82552,58,146.88688
-48701.984382,32,146.964953
-46578.08347,38,147.041387
-46343.666595,32,147.106152
-47031.910624,50,147.205886
-46138.005519,49,147.310209
-45315.294186,42,147.403023
-46611.64673,34,147.473838
-42326.721699,59,147.596904
-45582.977453,55,147.71113
-45009.536616,46,148.089956
-49375.158912,17,148.123373
-48332.901405,15,148.154845
-36509.439228,73,148.292335
-47393.165507,33,148.353969
-27817.560911,76,148.484648
-47319.758421,26,148.529799
-35027.176798,87,148.681392
-49547.794487,10,148.699344
-42422.40485,68,148.820026
-34114.327189,113,149.281663
-38772.515091,72,149.421302
-41186.890734,48,149.505117
-42026.935968,87,149.657736
-45297.956997,31,149.711623
-45393.487881,46,149.792626
-49452.616635,23,149.834538
-37858.007408,116,150.036026
-35372.355526,101,150.485236
-47857.788052,32,150.546763
-39042.332991,106,150.730523
-27557.381639,265,151.195906
-49841.077888,14,151.221006
-42740.376193,65,151.603653
-47834.255878,17,151.638559
-43177.454552,77,151.778185
-46937.155883,28,151.82905
-47525.859665,48,151.912119
-34420.915035,156,152.186116
-47793.647012,33,152.244308
-49359.29841,26,152.290216
-48420.302984,29,152.341069
-39861.459554,45,152.677678
-44031.000568,67,152.810846
-47106.751886,28,152.863709
-37608.17904,76,152.996928
-46486.520851,29,153.048831
-38000.136414,70,153.171059
-49239.664098,16,153.199956
-49526.792949,10,153.217907
-47623.686118,31,153.272035
-48994.51531,19,153.304948
-48954.656301,31,153.360054
-49790.594881,13,153.382969
-46371.878693,21,153.425228
-44286.388119,25,153.471106
-47509.43293,34,153.532061
-37006.979431,48,153.874346
-43992.123064,67,154.010602
-48629.497723,14,154.035079
-45521.518923,26,154.080986
-33434.968537,73,154.208127
-47944.211475,13,154.231219
-25589.406021,119,154.440361
-49572.345525,23,154.48088
-49862.095997,11,154.501824
-42710.06408,58,154.603352
-49785.814542,8,154.618122
-47300.854839,23,154.65801
-38059.866026,78,155.091415
-27905.565797,131,155.333598
-11033.221838,462,156.494054
-42925.972817,67,156.613791
-49938.742901,14,156.639722
-46456.511069,36,156.703578
-41862.09572,51,156.794536
-32431.843424,70,156.918548
-29371.154617,46,157.000948
-38713.641106,59,157.103882
-36288.806703,58,157.494755
-47279.354811,24,157.545619
-45139.350836,38,157.620454
-46438.089804,36,157.684759
-48503.324268,14,157.709692
-48907.023396,15,157.73662
-46494.936736,23,157.778594
-49232.165129,25,157.822476
-45537.209463,62,157.934218
-49225.129687,27,157.98608
-46905.327153,37,158.053244
-23423.025384,82,158.199432
-38582.282811,75,158.336684
-47373.906639,34,158.687154
-23104.297805,117,158.908253
-47726.88563,26,158.955127
-45132.417397,33,159.015017
-38801.005502,63,159.126842
-35916.532371,91,159.287844
-40273.34181,114,159.48882
-21504.344802,202,160.13625
-45687.677685,31,160.191585
-46305.735302,28,160.24091
-46078.709185,35,160.301747
-39135.089575,49,160.387439
-45571.728412,50,160.475249
-46745.252688,46,160.558476
-49498.265795,25,160.608254
-48582.436114,18,160.644622
-46980.066187,19,160.693607
-32392.888166,162,161.299501
-46854.706947,72,161.425341
-48265.280046,30,161.478198
-48067.492938,45,161.557496
-46612.920317,35,161.620327
-46857.806001,49,161.710088
-43909.575645,34,161.769721
-40101.715852,99,162.189074
-42350.321566,51,162.293937
-47559.331909,35,162.363749
-49644.545609,8,162.379707
-49456.528443,16,162.40863
-48580.349426,38,162.475451
-46787.374597,49,162.562766
-32564.714825,155,162.836701
-49502.313166,15,162.86363
-48633.549941,24,162.905549
-48454.333561,15,162.932476
-32432.522457,102,163.362966
-48778.087486,13,163.392888
-33745.545336,150,163.672283
-48531.979989,28,163.722175
-42119.837869,77,163.856173
-44677.393127,81,164.002206
-44205.458077,63,164.114904
-49626.972272,14,164.139839
-49059.994671,19,164.174065
-44079.011879,43,164.491202
-29543.344055,198,164.864116
-48854.112529,24,164.907441
-47764.673095,63,165.017119
-46257.033607,64,165.130838
-48937.396735,16,165.158764
-49622.91684,12,165.179684
-48229.876106,34,165.240058
-47179.68412,50,165.327865
-41723.063065,61,165.720193
-48639.389379,19,165.759088
-49117.390325,24,165.811454
-48032.275997,25,165.862822
-47854.331519,30,165.915382
-40416.207951,62,166.027192
-47886.131623,22,166.065091
-42379.604082,86,166.219678
-45677.469157,46,166.308259
-42582.482235,67,166.429213
-46919.202187,25,166.473079
-47756.45001,23,166.514081
-48982.260338,13,166.537046
-46418.478312,41,166.887694
-37965.821934,111,167.105078
-49400.504131,21,167.140981
-39929.027639,60,167.247593
-48409.358082,13,167.270532
-49254.650403,11,167.290477
-47927.904819,14,167.315412
-45798.875877,21,167.352824
-48450.776489,25,167.397704
-48158.388327,28,167.447766
-32380.993714,107,167.634485
-41494.408969,130,168.128612
-38543.671228,63,168.250286
-28496.783578,123,168.463286
-37971.722187,76,168.595775
-45179.837555,30,168.649631
-47752.206589,12,168.670552
-18261.937057,177,169.248452
-36876.052132,79,169.40603
-36102.265671,91,169.565965
-49137.460106,15,169.591896
-43222.914454,65,169.706362
-45866.459967,43,169.782354
-46624.581964,31,169.837207
-46716.829844,29,169.889068
-41868.2654,49,169.975837
-28920.755872,102,170.414222
-49229.617531,16,170.447134
-39870.740965,108,170.646089
-30677.370004,70,170.767128
-47171.511517,14,170.793035
-45646.230438,38,170.860368
-41068.963851,78,171.004571
-34416.619495,61,171.111939
-34664.559156,106,171.547753
-36291.539472,86,171.718459
-41289.490791,74,171.847286
-47394.178259,18,171.881196
-44460.082153,19,171.914108
-34323.0166,79,172.054916
-44425.25787,30,172.107779
-42372.87426,64,172.220009
-48616.800076,27,172.26796
-44836.194431,20,172.303864
-29745.941509,49,172.389144
-46939.895711,26,172.713918
-42721.141809,79,172.876762
-48320.424799,26,172.921643
-27354.935762,86,173.074142
-49280.880505,11,173.093115
-43248.139452,50,173.181365
-38155.027958,75,173.311775
-47231.764684,21,173.348704
-49870.18565,12,173.37164
-45849.830261,44,173.44895
-41876.477647,44,173.527041
-48967.103493,23,173.567524
-47806.822968,36,173.916234
-39893.515947,37,173.99078
-25437.624525,265,174.497892
-48346.911563,23,174.540783
-35682.004385,45,174.623562
-36923.160463,103,174.816627
-38390.135553,110,175.305667
-48260.565261,33,175.369498
-49386.590183,24,175.413379
-42114.594049,61,175.525475
-29867.140747,142,175.822643
-41142.815628,66,175.94632
-49125.897573,22,175.986212
-38863.174658,105,176.491132
-35499.17281,42,176.573795
-48082.148085,11,176.594738
-46327.620586,14,176.619673
-45379.795429,20,176.656092
-45195.210423,29,176.70895
-46940.87101,28,176.760236
-47603.229753,29,176.813096
-49011.284461,28,176.863968
-44466.506518,49,176.953886
-49451.162854,9,176.969844
-47062.540862,44,177.048965
-29025.325737,69,177.174871
-35081.634127,113,177.72338
-48620.873569,18,177.760565
-42843.677379,85,177.919142
-42186.348064,28,177.969621
-45228.450745,21,178.007558
-48697.369061,16,178.037812
-18722.27766,78,178.177689
-47556.188045,42,178.253486
-49224.921615,32,178.311331
-48418.531197,22,178.352179
-47109.792461,19,178.387087
-28909.345612,122,178.892072
-46951.349974,40,178.973491
-45138.54088,37,179.048524
-23384.560661,100,179.227475
-42580.089317,50,179.316452
-44458.506264,31,179.374434
-27158.606635,78,179.519396
-20015.073317,215,180.186161
-45682.26711,46,180.272186
-48966.714051,14,180.298117
-40290.02977,49,180.387001
-48599.617288,16,180.416921
-32097.216425,87,180.576324
-49072.331443,14,180.604251
-45459.672546,37,180.675169
-46296.646318,26,180.729024
-36841.985998,69,180.889109
-49264.826843,18,180.926011
-46686.441311,31,180.983161
-49341.285034,20,181.290156
-47192.424006,26,181.345731
-47114.084118,37,181.432499
-46384.92014,28,181.491342
-44371.843441,30,181.546536
-25789.845558,90,181.714857
-47688.630102,21,181.754962
-44676.042597,49,181.848667
-29788.727443,112,182.05969
-48476.370871,19,182.093573
-45848.697289,40,182.164382
-49255.586341,15,182.192308
-43571.91553,97,182.641084
-47252.116053,31,182.702818
-34884.688333,91,182.869441
-49888.366063,10,182.887393
-35181.985647,128,183.118145
-48436.297478,19,183.15339
-48588.35743,15,183.180318
-36423.075762,62,183.293527
-49082.404206,20,183.330426
-43068.527755,64,183.716894
-45086.371928,44,183.808431
-26455.701228,197,184.176345
-49250.460888,19,184.211226
-26486.624432,140,184.46253
-49736.864888,12,184.485469
-43476.477218,89,184.920602
-39190.106172,49,185.024831
-48579.863007,11,185.049764
-34752.532418,77,185.190934
-47335.542599,40,185.262815
-35951.80062,109,185.465542
-48034.916377,36,185.535356
-31658.920717,121,185.754437
-24425.454161,136,186.30688
-44779.82424,31,186.364865
-43212.107124,31,186.419718
-48334.118749,21,186.457617
-40728.363679,78,186.598268
-35625.141332,88,186.756372
-48215.898681,17,186.787479
-35296.436255,168,187.313005
-37317.295059,73,187.467321
-45676.174965,30,187.520179
-45629.001096,30,187.573393
-47366.617661,23,187.613262
-37927.309347,88,187.768818
-45544.509121,37,187.832674
-48081.024546,46,187.915868
-46158.76534,32,187.97075
-48476.247393,19,188.00663
-42796.27305,50,188.092908
-41874.633223,104,188.532996
-46790.360003,24,188.580125
-29226.234043,164,188.873261
-49606.771497,17,188.904168
-39445.797575,84,189.051753
-48751.497047,13,189.074705
-48102.814858,31,189.129559
-31931.337304,154,189.659711
-44129.380144,49,189.760442
-45228.188304,52,189.853319
-30254.614933,107,190.040845
-35534.565913,83,190.186324
-44967.129009,57,190.285129
-33258.546954,115,190.732002
-49201.797634,22,190.778532
-41066.692516,52,190.885437
-46914.516462,40,190.97453
-46064.064242,33,191.03732
-47623.577047,27,191.094344
-22870.378492,94,191.264936
-46949.729869,24,191.308789
-47185.559978,14,191.335719
-13104.125715,226,192.004839
-49277.773122,14,192.033793
-43653.904556,59,192.151646
-33178.117499,74,192.282318
-41313.303929,90,192.438889
-49712.649002,14,192.46414
-38587.420958,49,192.550807
-40428.655851,50,192.638546
-33188.45859,123,193.132572
-45720.341124,28,193.188423
-29006.537061,153,193.470564
-30513.777611,80,193.612896
-48466.325256,23,193.65437
-46080.197565,26,193.700823
-26554.485363,133,193.933329
-45243.03264,46,194.016676
-45752.959047,48,194.378713
-44118.597717,72,194.518794
-40790.295682,66,194.634208
-43660.164898,35,194.695744
-47683.607887,17,194.725692
-47122.879343,14,194.751619
-47945.5425,22,194.789523
-45899.632818,23,194.82986
-45322.931185,66,194.946484
-33005.760542,111,195.143381
-45592.493051,76,195.556364
-42512.415091,81,195.708467
-42571.116562,75,195.838489
-28607.700251,102,196.020105
-29952.712495,130,196.265532
-39365.290156,78,196.678785
-46067.901864,63,196.806445
-44989.563744,45,196.889022
-33489.190861,43,196.963825
-25778.364628,88,197.118436
-38746.201668,52,197.209281
-41118.918015,45,197.288411
-43762.822582,70,197.413476
-49486.113454,18,197.445362
-21926.306578,64,197.83794
-49844.19859,13,197.866271
-48907.597863,13,197.894618
-34144.974417,45,197.990799
-49032.844024,12,198.017727
-44768.512496,31,198.085546
-36621.639469,49,198.189181
-49236.516922,24,198.232066
-47404.515494,47,198.318446
-46819.644551,37,198.386377
-38819.270674,90,198.547992
-37276.99062,36,198.611678
-47262.73016,11,198.633619
-48733.643585,8,198.648887
-33509.615652,118,199.100808
-49625.192487,13,199.126738
-26239.298016,99,199.312245
-37160.358221,65,199.425972
-25487.920979,91,199.586348
-46242.469335,25,199.63123
-44907.478257,23,199.675086
-40227.964596,104,199.861597
-47355.439071,33,199.924428
-37649.705363,57,200.31152
-48707.714472,21,200.356478
-45443.36758,28,200.41532
-47969.408384,15,200.443245
-48252.08419,16,200.473166
-48826.036862,23,200.516424
-46655.355012,33,200.580412
-46895.911565,45,200.680172
-48869.156377,12,200.714055
-43527.725791,30,200.810738
-47240.269571,39,200.905632
-38594.028472,82,201.074745
-46804.277211,49,201.171521
-38576.72056,53,201.279752
-45857.533152,29,201.645209
-42773.259505,55,201.758305
-27534.910343,182,202.08087
-35122.154256,93,202.247425
-46500.359796,56,202.3462
-48457.168589,26,202.396901
-43734.686672,46,202.480094
-32886.082212,88,202.935251
-47465.838308,55,203.049294
-40769.416018,36,203.11412
-48301.136289,25,203.159089
-45843.603282,32,203.21893
-23384.407726,173,203.525518
-42811.635294,28,203.575385
-47699.599501,23,203.617274
-49258.309439,20,203.652184
-27584.1132,117,204.203434
-48236.141886,21,204.262841
-49796.155777,10,204.284782
-48548.519898,31,204.34866
-27423.487436,149,204.644127
-48527.844066,26,204.694995
-41314.607639,49,204.788898
-47512.718126,38,204.859241
-37859.940377,62,204.991389
-45522.117729,31,205.076163
-46374.309673,31,205.446173
-49272.12344,21,205.495041
-43102.18744,38,205.5817
-30500.814548,59,205.698467
-48419.617043,18,205.733375
-48591.276593,17,205.764972
-49600.223332,15,205.792898
-46581.546978,44,205.874456
-47641.158968,19,205.91036
-47471.640978,16,205.947289
-46109.124756,19,205.991668
-35788.839186,50,206.090701
-38239.23104,73,206.233663
-40359.665386,79,206.392384
-42543.267575,71,206.808871
-45053.841615,40,206.896636
-47700.328222,34,206.960705
-25625.942423,108,207.165478
-44659.203312,41,207.246262
-43424.853819,67,207.368811
-48656.380473,17,207.399727
-40695.328839,47,207.484015
-48497.990637,35,207.547369
-29569.299779,91,208.017479
-30550.061875,93,208.196928
-26859.767287,143,208.473227
-49277.266229,15,208.504145
-47325.834301,32,208.565505
-43117.527503,33,208.628827
-33106.512579,44,208.706695
-46928.312707,19,208.742339
-46208.569506,16,208.772055
-46767.155357,26,208.821919
-18798.805096,189,209.490732
-36705.643459,109,209.688226
-24784.647724,100,209.869292
-26058.596262,112,210.077414
-43325.942592,40,210.430511
-33121.984287,48,210.544713
-48843.228068,20,210.589813
-39935.228277,69,210.724453
-31379.227921,47,210.812218
-46358.122427,48,210.902985
-20012.051825,107,211.097714
-49834.396947,13,211.125607
-47445.235651,31,211.185368
-47892.444851,20,211.222269
-49493.819147,9,211.240221
-44053.945642,41,211.315526
-46168.473661,23,211.35855
-40680.651506,51,211.715137
-14269.039181,118,211.936374
-37081.878966,63,212.061584
-34931.293747,37,212.132394
-32194.096149,49,212.223155
-43893.016827,57,212.326894
-48269.264591,24,212.371674
-43510.933791,29,212.423536
-45523.333069,19,212.457445
-49242.050953,8,212.472405
-34339.785007,75,212.875822
-17858.226005,134,213.134491
-48678.520173,25,213.18884
-49225.666113,14,213.219758
-41288.429099,48,213.305724
-41051.219313,29,213.357285
-45282.153168,22,213.396176
-12181.818283,77,213.532506
-49675.626108,12,213.554418
-47887.796159,19,213.589325
-30069.573929,57,213.691052
-43426.794909,21,213.730504
-41659.828957,35,214.041596
-47688.338207,14,214.070519
-47367.2771,12,214.095452
-38782.07774,32,214.16028
-12131.437723,164,214.45157
-46102.706293,28,214.500626
-47405.683067,13,214.524562
-35520.31745,60,214.630353
-39055.108901,59,214.734074
-33440.193682,54,214.827445
-15887.475948,108,215.281127
-47387.493158,24,215.328365
-48015.96109,12,215.352296
-39981.303773,55,215.450037
-35825.54833,91,215.610003
-37334.483482,100,215.784683
-37531.197233,76,215.918431
-49333.973434,12,215.939374
-37586.225624,52,216.031371
-49710.213607,14,216.057301
-23973.753466,72,216.441408
-43100.442647,52,216.541146
-16014.242718,89,216.695733
-45591.76269,37,216.7611
-40683.098944,37,216.825926
-33019.258255,57,216.927654
-28467.896776,61,217.036503
-36379.234525,45,217.115267
-32425.645935,52,217.208237
-40205.588448,39,217.530482
-35377.980331,35,217.601292
-31998.16877,60,217.71128
-49348.290389,21,217.748891
-36519.402519,48,217.833461
-33697.966702,62,217.943168
-44935.127625,23,217.984058
-9271.888986,157,218.261047
-41626.285871,62,218.624383
-39590.106895,34,218.696192
-39390.181961,35,218.769058
-48903.614955,15,218.799975
-49420.306639,9,218.817926
-47146.908794,24,218.861318
-20672.158346,73,218.994017
-29640.677738,56,219.093458
-48548.590449,16,219.121697
-44113.082413,25,219.168571
-46140.025753,20,219.20647
-46945.787701,16,219.235394
-48830.912788,10,219.25473
-47378.767826,20,219.291631
-28146.055783,73,219.424276
-15441.935478,90,219.882517
-47400.123277,27,219.940361
-42141.941666,28,219.99872
-18476.578308,49,220.092462
-38006.000206,28,220.142079
-46394.57238,13,220.167013
-45144.09985,15,220.195935
-22760.388847,73,220.329359
-49852.271585,10,220.348309
-37630.200178,57,220.450041
-47385.971051,20,220.485458
-27132.187126,64,220.598423
-20892.149906,51,220.688183
-44126.897985,33,220.748587
-24163.223305,55,221.12387
-41740.339685,32,221.192687
-11674.20981,142,221.450039
-31689.489389,66,221.567111
-42056.33629,25,221.613337
-45078.639919,14,221.639456
-19522.713371,114,221.847036
-39965.152242,46,221.931782
-38377.81835,45,222.252137
-39049.288005,49,222.356815
-46387.963679,18,222.393664
-40077.444326,25,222.440183
-47440.271999,11,222.459558
-30676.388332,92,222.624684
-49305.853231,14,222.650223
-11944.095467,116,222.864909
-49170.805857,14,222.892834
-22475.737638,82,223.045025
-40408.879455,53,223.143326
-30691.129433,52,223.513755
-42480.531855,39,223.594209
-49108.285079,19,223.632108
-45355.419578,20,223.668019
-35916.678986,31,223.723427
-21647.421242,49,223.812718
-15733.773013,102,223.996232
-33522.510067,86,224.152485
-48124.263476,29,224.203957
-34848.242861,83,224.593969
-29901.07676,45,224.690188
-41774.481342,18,224.727089
-43262.366867,16,224.761
-19781.128714,81,224.906679
-48256.557168,20,224.94222
-39816.928026,67,225.064406
-46248.858057,31,225.120257
-45407.305534,25,225.166135
-46837.733318,17,225.19805
-31364.485075,80,225.341238
-47820.189098,31,225.396551
-49723.778338,10,225.414502
-49694.926147,18,225.447415
-31629.736536,80,225.875408
-41425.207522,36,225.949514
-47578.598225,14,225.977439
-47596.118038,12,225.99938
-33542.380363,38,226.066523
-42934.418852,24,226.108412
-17306.098747,87,226.263344
-36396.378464,67,226.39045
-13284.954995,109,226.596897
-48876.716879,24,226.642489
-46451.829509,38,226.712301
6090.67719,177,227.334624
-49018.075301,16,227.364543
-27027.772882,51,227.459404
-26196.400356,49,227.547994
-36084.267114,56,227.648989
-24282.781866,60,227.754464
-44443.40278,41,227.830289
-27312.923908,54,228.214022
-34880.636652,79,228.385296
-49210.889469,10,228.413222
-14320.684296,135,228.681083
-46148.011996,33,228.74192
-33231.604931,54,228.842651
-23797.113094,48,228.92942
-28144.438278,47,229.01783
-42244.00109,36,229.097153
-45153.9977,23,229.141035
-38913.807243,32,229.198908
-47108.169979,13,229.508486
-26316.210426,56,229.622216
-29785.774658,38,229.698013
-17867.040504,63,229.811636
-31207.033956,53,229.915359
-28938.521034,45,229.99817
-49234.160961,15,230.026096
-30967.485016,47,230.109899
-47339.450661,29,230.16076
-38192.615229,45,230.240059
-42144.994473,19,230.274099
-14450.756851,59,230.378641
-21162.929045,75,230.794231
-46196.742872,17,230.829137
-10577.600796,81,230.97774
-17573.030252,122,231.193709
-44265.867186,39,231.263061
-47420.460957,14,231.288025
-20309.143421,95,231.45531
-44343.356495,24,231.500404
-43195.529053,24,231.543288
-11633.518723,91,232.025004
-47696.677836,32,232.08835
-28336.823708,62,232.200617
-44648.190039,25,232.246471
-44229.379354,20,232.284934
-28833.62896,41,232.360734
-19381.911488,86,232.51931
-43235.157387,37,232.587299
-19504.240425,90,232.776065
-47835.213582,15,232.804986
-37875.789499,28,232.859337
-3525.366663,104,233.350125
-32615.141944,59,233.455842
-17767.802559,59,233.573065
-24825.470026,47,233.663822
-42671.662336,26,233.712716
-45895.428539,14,233.738623
-26834.734505,51,233.828943
-23413.448444,50,233.921668
-49257.766831,14,233.949594
-45064.217855,19,233.985498
-26987.089005,53,234.079247
-32861.940569,43,234.450316
-40000.184661,32,234.518285
-36266.037594,27,234.575133
-15261.670452,51,234.664893
-13371.742905,50,234.75529
-16800.919233,97,234.930448
-49188.316799,19,234.965354
-40631.762009,30,235.020077
-20272.178596,81,235.163296
-44365.323263,43,235.239092
-30580.197773,45,235.610784
-21168.971174,88,235.792542
-48365.682424,18,235.824457
-40821.579826,31,235.880394
-37787.552849,35,235.943229
-42426.164551,23,235.98408
-16727.720253,60,236.091022
-33305.076162,64,236.204185
-49835.706748,8,236.219116
-26818.8814,76,236.356048
-12776.891063,97,236.804155
-44920.169109,40,236.885936
-31920.599218,50,236.985249
-20504.18256,82,237.133972
-49289.01812,20,237.169875
-49131.887609,16,237.199343
-43831.953781,24,237.242781
-21834.180882,110,237.438138
-44374.007128,40,237.507486
-39377.469233,40,237.578667
-19621.789227,52,237.671008
-42635.176727,36,237.997463
-48254.34309,11,238.022397
-18168.711864,146,238.323658
-49188.836656,14,238.350141
-33759.698925,42,238.424885
-18093.274315,100,238.599863
-49175.240462,28,238.652753
-39892.436045,53,238.761569
-34753.109844,34,238.822406
-45594.845181,18,238.857337
-6580.287266,102,239.325982
-49353.285147,13,239.352909
-5275.894218,104,239.542956
-38826.971346,44,239.620129
-16737.324505,51,239.710476
-17196.500561,80,239.851776
-20968.967644,76,239.990203
-19522.324539,47,240.083309
-42679.051495,37,240.444225
-43009.096649,31,240.509052
-19754.755362,56,240.618094
-48558.552606,15,240.644235
-26822.789806,44,240.723025
-48294.529318,11,240.744968
-48638.909477,9,240.761947
-31749.519501,33,240.819342
-31300.992733,33,240.878207
-31792.370701,32,240.935027
-39739.751541,32,240.994136
-12062.834425,87,241.147986
-45429.293781,37,241.21381
-49470.910197,14,241.238285
-44379.463594,21,241.276184
-44213.590172,20,241.312087
