#{"t_start": 1686084807.455819, "env_id": null}
r,l,t
-1.251759,13,0.155749
-1.673913,36,0.346414
-1.619565,24,0.443845
-1.434303,17,0.516713
-1.5383,22,0.618776
-1.733062,29,0.754302
-1.622261,25,0.861315
-1.619424,24,0.960576
-1.516798,20,1.048873
-1.625565,24,1.15259
-2.503104,90,1.59208
-1.727704,29,1.730323
-1.597571,23,1.834117
-1.678645,26,1.937261
-1.565283,22,2.037778
-1.653069,26,2.14643
-1.716555,28,2.254883
-1.570426,22,2.353601
-1.510447,20,2.441459
-2.616634,77,2.782505
-1.870084,34,2.960908
-1.599633,23,3.068427
-1.56623,22,3.169273
-1.570422,22,3.320506
-1.48204,19,3.426699
-1.381092,15,3.508272
-2.032429,54,3.766945
-1.588749,23,3.867612
-1.566324,22,3.946835
-1.576792,23,4.038588
-1.593426,23,4.14619
-1.51296,20,4.241772
-1.961041,47,4.42305
-1.601675,24,4.504541
-1.487577,19,4.567042
-2.155956,45,4.713156
-1.627257,24,4.791186
-1.4545,18,4.850839
-1.570384,22,4.924767
-1.533055,21,5.000365
-1.732211,28,5.094635
-1.698703,28,5.185757
-1.610649,24,5.266035
-1.596833,23,5.345011
-1.719723,28,5.437927
-1.61694,24,5.522572
-1.528536,21,5.602425
-1.594703,23,5.677056
-1.570286,22,5.756163
-1.659524,26,5.857636
-1.722356,28,5.953704
-1.729254,28,6.045973
-1.616554,24,6.126954
-1.794679,31,6.232741
-2.559199,72,6.470958
-1.611739,24,6.557666
-1.648554,25,6.643834
-1.667051,37,6.776212
-1.703356,35,6.897678
-1.788633,33,7.009373
-1.548232,22,7.111002
-3.957251,168,7.729833
-1.579365,23,7.811055
-1.486578,20,7.878425
-1.559622,22,7.952624
-1.886392,34,8.067632
-1.769058,31,8.167645
-2.283597,53,8.588637
-1.493533,20,8.655265
-1.612791,24,8.899832
-1.61544,24,9.014649
-1.456748,18,9.085812
-1.721007,28,9.212858
-1.650335,25,9.300255
-1.933997,36,9.430537
-1.554621,22,9.507566
-1.536551,21,9.57628
-4.348074,226,10.362494
-2.710491,101,10.765056
-2.217375,49,10.948208
-2.808334,76,11.195688
-2.275238,54,11.384839
-2.599476,67,11.598598
-1.59853,23,11.675517
-1.642805,25,11.756854
-1.678535,26,11.851458
-1.716214,28,11.951907
-1.557245,22,12.052623
-1.481175,19,12.114797
-2.428024,76,12.367649
-2.987725,84,12.647533
-1.646196,26,12.732325
-1.623444,24,12.819356
-1.753679,29,12.946313
-1.63754,25,13.026881
-1.598021,23,13.106201
-1.579523,23,13.181836
-1.610119,25,13.267632
-1.760401,29,13.36523
-2.190719,48,13.525703
-1.611687,24,13.60237
-1.650581,25,13.686778
-1.564668,22,13.767353
-1.779823,31,13.868049
-1.600239,23,13.946411
-1.568392,22,14.029326
-1.787615,31,14.130419
-1.544065,21,14.200513
-1.637726,25,14.295479
-1.670569,26,14.383366
-1.627075,24,14.462445
-1.598352,23,14.535264
-2.009533,40,14.665541
-2.750444,87,14.955482
-1.651255,26,15.045066
-3.122824,162,15.624353
-1.565183,22,15.703242
-1.564134,23,15.796551
-1.557974,22,16.142801
-1.927688,36,16.280417
-1.644378,28,16.383459
-1.572164,22,16.46492
-1.432966,17,16.525136
-1.437175,17,16.585647
-1.601294,24,16.667959
-1.546319,21,16.743274
-1.654174,25,16.829387
-1.650356,26,16.920385
-1.490792,19,16.997123
-1.640455,25,17.102553
-1.519558,20,17.172294
-1.697383,27,17.272567
-1.761983,29,17.37986
-1.596927,23,17.458598
-1.514409,20,17.537694
-1.513138,20,17.662518
-1.637503,25,17.76793
-1.601383,23,17.858294
-1.799736,31,17.985899
-1.63429,25,18.082363
-1.611187,24,18.179693
-1.647363,25,18.276839
-1.543967,21,18.359195
-1.569437,22,18.442673
-1.689794,27,18.560746
-1.634026,26,18.661002
-1.66931,27,18.762548
-1.590597,23,18.846494
-1.645754,25,18.946062
-1.599061,23,19.038858
-1.688913,27,19.144571
-1.614004,24,19.229547
-1.734242,28,19.321753
-1.56176,22,19.413627
-1.62667,24,19.505733
-1.596091,23,19.585509
-1.715813,28,19.684466
-1.598197,23,19.774632
-1.688633,27,19.877791
-1.647012,25,19.97261
-1.572917,22,20.049378
-1.798034,31,20.157286
-1.491965,19,20.228304
-1.649059,25,20.334582
-1.769771,30,20.450218
-1.849042,33,20.572272
-1.45453,18,20.639923
-1.630299,24,20.732596
-1.553012,22,20.818602
-1.592102,23,20.90438
-1.624817,24,20.97993
-1.487613,19,21.04358
-1.650251,25,21.126718
-1.595083,23,21.218273
-1.460105,18,21.292578
-1.541905,23,21.392028
-1.649782,25,21.490806
-1.581912,23,21.576721
-1.67051,26,21.672437
-1.639602,25,21.76815
-1.543857,24,21.861345
-1.519776,20,21.930664
-1.575934,22,22.002191
-1.595394,23,22.07611
-1.615293,24,22.153076
-1.676195,26,22.23857
-1.858241,34,22.35542
-1.67064,26,22.454588
-1.629469,24,22.531899
-1.617611,24,22.6095
-1.626751,24,22.68905
-1.64202,25,22.768765
-1.67648,26,22.851082
-1.750754,29,22.945828
-1.777456,30,23.060742
-1.678528,26,23.16308
-1.51951,20,23.23797
-1.264836,11,23.276806
-1.570807,22,23.356928
-1.637925,25,23.491306
-1.623075,24,23.585551
-1.5439,21,23.671381
-1.504078,20,23.749024
-1.600689,23,24.078333
-1.535879,21,24.158685
-1.568804,22,24.245639
-1.561526,22,24.326438
-1.572077,22,24.401101
-1.703801,27,24.51319
-1.597166,23,24.595222
-1.506787,20,24.661559
-1.628927,24,24.74194
-1.606252,24,24.825421
-1.595379,23,24.911231
-1.940058,38,25.070437
-1.571309,22,25.159598
-1.650576,25,25.25636
-1.481657,19,25.328159
-1.625565,24,25.419653
-1.649128,25,25.522282
-1.573438,22,25.595605
-1.507525,20,25.660803
-1.461583,18,25.732752
-1.628521,24,25.82556
-1.649716,25,25.929834
-1.528169,21,26.009976
-1.571233,22,26.0835
-1.515466,21,26.156194
-1.673635,26,26.253186
-1.650115,25,26.357871
-1.43558,17,26.426852
-1.621295,24,26.528242
-1.53317,21,26.61192
-1.621695,24,26.703176
-1.533938,21,26.783645
-1.568704,22,26.871219
-1.570994,22,26.949447
-1.561022,22,27.029081
-1.572389,22,27.11475
-1.624086,25,27.215056
-1.647916,25,27.307885
-1.596728,23,27.393895
-1.629357,24,27.529731
-1.653869,25,27.628787
-1.567087,22,27.709235
-1.566927,22,27.800127
-1.588049,23,27.887042
-1.743977,29,27.983427
-1.629573,25,28.067314
-1.615069,24,28.146969
-1.664461,26,28.231388
-1.595221,23,28.305732
-1.565959,22,28.378914
-1.653717,25,28.459328
-1.510962,20,28.524519
-1.589118,23,28.685113
-1.505738,20,28.810385
-1.513245,20,28.937571
-1.481646,19,29.069932
-1.876753,39,29.222831
-1.53853,21,29.294944
-1.425912,17,29.357995
-1.615978,24,29.447194
-1.601575,23,29.534517
-1.721391,28,29.651491
-1.665628,26,29.740702
-1.57379,23,29.815074
-1.377887,15,29.865262
-1.534609,21,29.936413
-1.564541,22,30.008976
-1.521922,21,30.081129
-1.489142,19,30.14862
-1.537879,21,30.223015
-1.645442,25,30.306689
-1.536319,21,30.373992
-1.651662,25,30.455869
-1.460459,18,30.518022
-1.464585,19,30.586701
-1.72224,28,30.679328
-1.574263,22,30.753214
-1.602405,23,30.829325
-1.677946,26,30.912942
-1.647714,25,30.9941
-1.423031,17,31.068872
-1.718904,28,31.166017
-1.611451,24,31.241393
-1.456194,18,31.298969
-1.545746,23,31.373357
-1.694138,28,31.466325
-1.50711,20,31.529961
-1.749522,29,31.625897
-1.581618,23,31.707452
-1.521471,21,31.993529
-1.565211,22,32.065177
-1.461032,18,32.124503
-1.631726,25,32.207259
-1.635763,26,32.294449
-1.641667,25,32.375511
-1.846833,34,32.484159
-1.346551,14,32.528689
-1.482533,19,32.59784
-1.537427,21,32.668243
-1.750533,29,32.766131
-1.405149,16,32.826185
-1.421462,17,32.899437
-1.598891,23,32.987865
-1.512601,20,33.053964
-1.481432,19,33.117912
-1.420142,17,33.174543
-1.586086,23,33.253325
-1.626156,24,33.332016
-1.625406,24,33.407743
-1.403807,16,33.459485
-1.489353,19,33.526259
-1.73655,29,33.621043
-1.545981,21,33.691098
-1.728068,28,33.781101
-1.596138,23,33.863503
-1.666714,26,33.951833
-1.467259,19,34.011468
-1.534894,21,34.09383
-1.697933,27,34.182483
-1.616988,24,34.26009
-1.49849,20,34.328126
-1.491056,19,34.390891
-1.546292,21,34.460479
-1.511031,20,34.524625
-1.455269,18,34.581511
-1.403503,16,34.633091
-1.635847,25,34.721663
-1.513006,20,34.786508
-1.546471,21,34.855489
-1.51024,20,34.923619
-1.571411,22,35.001365
-1.47998,19,35.063966
-1.387262,16,35.115524
-1.509923,20,35.181117
-1.648576,25,35.263081
-1.647049,25,35.344125
-1.56905,22,35.414275
-1.460808,18,35.471474
-1.671026,26,35.553688
-1.569614,22,35.626922
-1.544916,21,35.696313
-1.532583,21,35.765452
-1.592574,23,35.839454
-1.626043,24,35.921651
-1.698379,28,36.016951
-1.671924,26,36.101457
-1.460267,18,36.160491
-1.518297,20,36.227915
-1.701699,27,36.315373
-1.429542,17,36.370849
-1.544452,21,36.445153
-1.601735,23,36.522849
-1.602537,24,36.600646
-1.522824,21,36.668958
-1.488439,19,36.732378
-1.601057,23,36.811528
-1.461532,18,36.869316
-1.568747,22,36.941145
-1.566251,22,37.014159
-1.541455,21,37.089298
-1.403586,16,37.148833
-1.54219,21,37.241202
-1.561609,22,37.323554
-1.461378,18,37.389318
-1.67522,26,37.474072
-1.540153,21,37.541624
-1.6962,28,37.642029
-1.565605,22,37.757457
-1.513999,20,37.823501
-1.433698,17,37.883594
-1.597347,23,37.965766
-1.595144,23,38.047479
-1.567502,22,38.124941
-1.375695,15,38.175168
-1.600462,25,38.260208
-1.517533,20,38.328792
-1.590597,23,38.404197
-1.674406,26,38.488804
-1.776218,30,38.590262
-1.569831,22,38.662097
-1.501022,20,38.73357
-1.668987,26,38.839512
-1.45371,18,38.903503
-1.533524,21,39.199206
-1.508639,20,39.269258
-1.691219,28,39.364252
-1.488503,19,39.433896
-1.74162,31,39.536448
-1.598308,23,39.609141
-1.611258,24,39.686649
-2.9784,83,39.957248
-1.340977,14,40.003602
-1.562357,22,40.088475
-1.432244,17,40.161163
-1.673568,26,40.250649
-1.454841,18,40.308823
-1.482399,19,40.37063
-1.603254,25,40.459218
-1.544031,21,40.544172
-1.766277,30,40.652552
-1.486089,19,40.7327
-1.502914,20,40.800496
-1.724746,29,40.917395
-1.781551,31,41.018814
-1.432912,17,41.073083
-7.801299,284,42.074622
-1.543581,21,42.157811
-1.510464,20,42.23659
-1.449599,18,42.302371
-1.353078,14,42.350344
-1.332881,14,42.398529
-1.602082,24,42.479179
-1.59633,23,42.557318
-1.403189,16,42.613459
-1.542292,21,42.694563
-1.578727,23,42.774756
-1.511843,20,42.85585
-1.756489,29,42.957346
-1.587401,23,43.041255
-1.510218,20,43.118795
-1.635027,25,43.209422
-1.525521,21,43.281035
-1.555302,22,43.362267
-1.538002,21,43.444615
-1.537026,21,43.516476
-1.436226,17,43.577219
-1.533747,21,43.646353
-1.477289,19,43.721329
-1.623703,24,43.808848
-1.655329,25,43.895133
-1.370877,15,43.945772
-1.597239,23,44.021626
-1.51553,20,44.091654
-1.651404,25,44.185441
-1.455957,18,44.260702
-1.661632,26,44.362338
-1.5069,20,44.439282
-1.569577,22,44.508875
-1.59543,23,44.597336
-1.540157,21,44.673897
-1.592341,23,44.754169
-1.591754,23,44.834215
-2.045953,43,44.986457
-1.59884,23,45.065305
-1.628336,24,45.147058
-1.630126,24,45.237446
-1.558297,22,45.313799
-1.749913,29,45.423257
-1.410612,17,45.494183
-1.573964,22,45.578962
-1.445989,18,45.642991
-1.485096,19,45.709594
-1.591797,23,45.795342
-1.456833,18,45.862679
-1.627308,24,45.944683
-1.4058,16,46.004183
-1.346637,14,46.052677
-1.623549,24,46.13465
-1.516494,20,46.212199
-1.624637,24,46.297516
-1.562541,22,46.379853
-1.572965,26,46.4734
-1.539306,21,46.78903
-1.397763,16,46.853222
-1.348189,14,46.90727
-1.397428,17,46.967991
-1.56237,22,47.043028
-1.456284,18,47.103162
-1.668044,26,47.190104
-1.50608,20,47.260921
-1.585209,23,47.343484
-1.515789,21,47.417152
-1.497486,20,47.489446
-1.625346,24,47.581324
-2.013553,43,47.738069
-1.693995,27,47.827989
-1.458448,18,47.893178
-1.533315,21,47.970196
-1.462923,18,48.032608
-1.546758,22,48.1046
-1.484219,19,48.168602
-1.62274,24,48.250281
-1.539627,21,48.319709
-1.57354,22,48.392821
-2.264322,63,48.611893
-1.481918,19,48.673328
-1.592877,23,48.747773
-1.600943,24,48.830177
-1.618807,24,48.911335
-1.48826,19,48.977171
-1.609395,24,49.057721
-1.509133,20,49.125805
-1.764491,38,49.250067
-1.534637,21,49.31732
-1.432601,17,49.374305
-1.701579,27,49.462342
-1.624996,25,49.547109
-1.509905,20,49.614062
-1.5062,20,49.68716
-1.53622,21,49.762084
-1.489376,19,49.823994
-1.594219,23,49.901002
-1.589073,23,49.982517
-1.430577,17,50.041152
-1.542214,21,50.10826
-1.524827,21,50.177599
-1.614734,24,50.255773
-1.599007,23,50.335883
-1.61926,24,50.415857
-1.627198,24,50.493529
-1.814236,33,50.618379
-1.51464,20,50.699869
-1.624089,24,50.804252
-1.538684,21,50.90976
-1.513874,20,51.015958
-1.386389,16,51.086841
-1.586487,23,51.176647
-1.438657,18,51.246627
-1.302254,13,51.299761
-1.455453,18,51.36728
-1.780067,30,51.481759
-1.591645,23,51.567461
-1.757907,30,51.67348
-1.475767,19,51.742703
-1.36624,15,51.79954
-1.59949,23,51.882065
-1.767834,30,51.987771
-1.498822,20,52.059427
-1.403101,16,52.119297
-1.536511,21,52.191976
-1.527434,21,52.302026
-1.726585,28,52.414869
-1.515573,20,52.481394
-1.836396,33,52.595236
-1.675091,26,52.689277
-1.512518,20,52.762642
-1.436623,17,52.821353
-1.650298,34,52.931952
-1.512072,20,53.002667
-1.648958,25,53.087455
-1.506173,21,53.162785
-1.468083,20,53.231344
-1.469745,20,53.306308
-1.623953,24,53.386441
-1.509556,20,53.451362
-1.667566,26,53.53743
-1.538415,21,53.611787
-1.62357,24,53.709139
-1.730744,28,53.822328
-1.560782,22,53.922882
-1.653705,25,54.005986
-1.516633,20,54.085746
-1.590362,23,54.392754
-1.687039,28,54.496978
-1.627214,24,54.583582
-1.571139,24,54.673463
-1.421989,17,54.739734
-1.629443,25,54.841384
-1.519877,20,54.92004
-1.503861,20,54.992382
-1.64124,25,55.094616
-1.488751,20,55.219799
-1.308947,13,55.325798
-1.641682,26,55.465574
-1.645762,25,55.561701
-1.546014,23,55.649675
-1.510833,20,55.738696
-1.538868,21,55.82995
-1.536182,21,55.924662
-1.542028,21,56.014534
-1.545566,21,56.108772
-1.732426,29,56.225696
-1.636692,25,56.327261
-1.377407,15,56.380209
-1.512309,20,56.458687
-1.477544,19,56.532497
-1.394455,16,56.601595
-1.456052,18,56.668254
-1.490039,19,56.740565
-1.547251,22,56.823986
-1.484839,19,56.900474
-1.512281,20,56.972792
-1.492994,21,57.062304
-1.473747,19,57.156148
-1.627347,24,57.267166
-1.461531,18,57.33799
-1.574203,22,57.432184
-1.619359,24,57.54453
-1.594334,23,57.636111
-1.424533,17,57.7193
-1.502522,20,57.811225
-1.598277,24,57.908022
-1.484926,19,57.984439
-1.539754,21,58.068125
-1.461063,18,58.132413
-1.573102,23,58.216806
-1.406471,16,58.272098
-1.540182,21,58.343086
-1.354038,14,58.401276
-1.45234,18,58.461685
-1.373871,15,58.513391
-1.646445,26,58.614865
-1.471599,19,58.693494
-1.440945,18,58.763398
-1.342413,14,58.821096
-1.616288,24,58.921484
-1.510611,20,59.005044
-1.322987,13,59.054908
-1.533545,21,59.127132
-1.51791,20,59.197683
-1.288083,12,59.244054
-1.40496,16,59.309401
-1.59913,23,59.393634
-1.498542,20,59.463569
-1.537933,21,59.541504
-1.533868,21,59.621029
-1.647939,25,59.718278
-1.655195,27,59.82471
-1.54327,21,59.910005
-1.39139,16,59.975065
-1.357728,16,60.044224
-1.597032,23,60.122102
-1.675816,27,60.226442
-1.378247,15,60.282424
-1.536602,21,60.357177
-1.622735,24,60.440921
-1.56136,22,60.521234
-1.430803,17,60.582433
-1.543811,21,60.656778
-1.459532,18,60.717437
-1.457777,18,60.789095
-1.544262,21,60.862404
-1.484936,19,60.927976
-1.599896,23,61.009412
-1.595849,23,61.098837
-1.321145,13,61.147735
-1.541038,21,61.221153
-1.48158,19,61.290615
-1.459259,18,61.356345
-1.650319,25,61.447993
-1.540682,21,61.518694
-1.558652,22,61.598416
-1.477972,19,61.669666
-1.5453,21,61.748768
-1.395904,16,61.802974
-1.400197,16,61.855314
-1.449441,18,61.913089
-1.557317,22,61.988616
-1.489485,19,62.051029
-1.874082,34,62.179814
-1.62757,24,62.272578
-1.682653,27,62.366788
-2.29832,65,62.79608
-1.47983,19,62.857483
-1.523335,21,62.928161
-1.653298,25,63.017861
-1.576239,23,63.099719
-1.432026,17,63.162487
-1.453952,18,63.236276
-1.463372,18,63.303765
-1.594682,23,63.384157
-1.518388,20,63.457321
-1.404939,16,63.52979
-2.027124,41,63.684944
-1.43595,17,63.746116
-1.541233,21,63.82296
-1.563395,22,63.89966
-1.573258,22,63.971558
-1.490697,19,64.03868
-1.519301,21,64.118054
-1.453627,18,64.179442
-1.549675,22,64.262218
-1.594543,23,64.343402
-1.530764,21,64.43965
-1.481454,19,64.502508
-1.460013,18,64.566511
-1.482001,21,64.636888
-1.519351,20,64.714773
-1.372197,15,64.770619
-1.669925,26,64.868355
-1.352416,14,64.914917
-1.583317,23,64.993338
-1.537294,21,65.065916
-1.829511,34,65.17747
-1.407486,16,65.231548
-1.404225,16,65.292889
-1.519071,20,65.36826
-1.375979,15,65.426265
-1.527301,21,65.50132
-1.482604,20,65.565832
-1.603896,24,65.648376
-1.56365,22,65.723231
-1.675624,28,65.815459
-1.471304,19,65.88062
-1.514798,20,65.948475
-1.488276,19,66.012253
-1.488955,19,66.076203
-1.540013,21,66.14431
-1.601188,23,66.221768
-1.589079,23,66.299159
-1.420014,17,66.354794
-1.450947,18,66.416876
-1.514522,20,66.485194
-1.485105,19,66.554538
-1.290711,12,66.593987
-1.596225,23,66.67342
-1.739958,43,66.826636
-1.473084,19,66.89703
-1.517344,20,66.963088
-1.572259,22,67.034684
-1.459915,18,67.097164
-1.37613,15,67.150364
-1.460054,18,67.211733
-1.512947,20,67.280388
-1.473336,19,67.359908
-1.406998,16,67.424963
-1.453456,18,67.489367
-1.402856,16,67.54879
-1.459058,18,67.615411
-1.600527,25,67.763767
-1.627711,24,67.857517
-1.514313,20,67.928343
-1.553273,22,68.008807
-1.479159,19,68.072479
-1.512233,20,68.137951
-1.596444,23,68.21688
-1.404943,16,68.27129
-1.539788,21,68.344301
-1.499059,21,68.419317
-1.512222,20,68.4909
-1.622797,24,68.580323
-1.553358,22,68.658743
-1.468733,19,68.861302
-1.362194,15,68.986732
-1.743829,29,69.213856
-1.404059,16,69.299979
-1.413042,17,69.36623
-1.57059,22,69.443812
-2.204751,49,69.617815
-1.555222,22,69.718647
-1.451461,18,69.862767
-1.451852,18,69.9536
-1.557335,23,70.032102
-1.290602,12,70.074541
-1.314694,13,70.119355
-1.461093,18,70.17993
-1.73543,32,70.283128
-1.561316,22,70.357537
-1.536413,21,70.688182
-1.283013,12,70.734955
-1.598366,23,70.815619
-1.477424,19,70.882081
-1.458173,18,70.964693
-1.466895,19,71.036587
-1.321572,13,71.084276
-1.476729,19,71.154955
-1.406157,16,71.209744
-1.449695,18,71.27525
-1.530484,21,71.348771
-1.506465,20,71.423316
-1.430772,17,71.488847
-1.437147,17,71.568564
-1.415858,17,71.637817
-1.401876,16,71.697739
-1.459445,18,71.762874
-1.431573,17,71.830128
-1.550879,22,71.922593
-1.555994,22,72.003333
-1.399078,16,72.072736
-1.529049,21,72.168789
-1.505432,20,72.252637
-1.540856,21,72.330306
-1.653769,25,72.424099
-1.483036,19,72.50135
-1.657651,26,72.597953
-1.614241,24,72.696374
-1.378952,15,72.755332
-1.567032,22,72.837351
-1.525041,21,72.923306
-1.569737,22,73.010597
-1.536028,23,73.094367
-1.585448,24,73.176598
-1.477281,19,73.242996
-1.529515,21,73.314566
-1.452062,18,73.380107
-1.287946,12,73.426513
-1.364182,15,73.48471
-1.591568,24,73.57217
-1.378752,15,73.626471
-1.612942,24,73.726003
-1.486643,19,73.797194
-1.594037,23,73.879027
-1.40875,16,73.939924
-1.393714,16,74.003139
-1.500729,20,74.074837
-1.705266,29,74.169601
-1.594379,23,74.24671
-1.548557,22,74.325311
-1.282759,12,74.366453
-1.41493,17,74.429858
-1.511073,20,74.505411
-1.56068,22,74.593255
-1.544207,21,74.670456
-1.571167,23,74.750052
-1.515793,21,74.82115
-1.570764,22,74.898492
-1.371467,15,74.952805
-1.587499,23,75.040329
-1.486333,19,75.10501
-1.355792,15,75.156731
-1.568468,22,75.23484
-1.544005,21,75.307289
-1.530293,21,75.377217
-1.378099,15,75.432684
-1.370735,15,75.48681
-1.485808,19,75.558892
-1.621271,25,75.648562
-1.655273,25,75.736322
-1.322174,13,75.784001
-1.496588,20,75.855062
-1.349455,14,75.909255
-1.489866,20,75.981346
-1.626351,24,76.067222
-1.453602,18,76.133446
-1.76487,32,76.243134
-1.592958,23,76.319307
-1.578778,23,76.402056
-1.463342,18,76.462981
-1.544252,21,76.532063
-1.627167,24,76.614983
-1.407541,16,76.672861
-1.425156,17,76.733844
-1.763831,31,76.837399
-1.578083,23,76.912057
-1.456983,18,76.975812
-1.542497,21,77.049178
-1.5524,22,77.12103
-7.04087,270,78.040735
-1.717251,28,78.39715
-1.450847,18,78.47549
-1.481296,19,78.55198
-1.489638,19,78.62568
-1.516436,20,78.711365
-1.45971,18,78.777542
-1.48255,19,78.842467
-1.51503,20,78.910687
-1.452374,18,78.976528
-1.589647,23,79.061986
-1.501251,20,79.140991
-1.570787,22,79.249981
-1.642278,25,79.342076
-1.460752,18,79.420645
-1.513793,20,79.486417
-1.510178,20,79.560538
-1.4183,18,79.630144
-1.51272,20,79.713259
-1.615697,26,79.80629
-1.499404,20,79.876272
-1.514183,20,79.942364
-1.489478,19,80.006712
-1.404586,16,80.063097
-1.526019,21,80.135815
-1.429967,17,80.201028
-1.592235,23,80.287118
-1.3801,15,80.338582
-1.629655,26,80.429231
-1.50867,20,80.497596
-1.428361,17,80.559123
-1.556402,22,80.646131
-1.514657,20,80.719974
-1.505398,20,80.791932
-1.565639,22,80.877601
-1.405577,16,80.939026
-1.545125,21,81.015313
-1.534631,22,81.093133
-1.544104,21,81.166379
-1.462397,18,81.231788
-1.375022,15,81.281434
-1.479848,19,81.348244
-1.511058,20,81.414303
-1.463579,18,81.480679
-1.5296,21,81.552918
-1.583918,23,81.638553
-1.46262,18,81.706157
-1.569265,22,81.783712
-1.40779,16,81.841084
-1.507986,20,81.912382
-1.489813,19,81.97776
-1.553122,22,82.052159
-1.627682,24,82.132985
-1.546159,22,82.205466
-1.57076,22,82.274974
-1.390898,16,82.32909
-1.467793,19,82.396043
-1.543585,21,82.469813
-1.627335,24,82.552012
-1.461308,18,82.614661
-1.356567,15,82.668338
-1.400904,16,82.723348
-1.51452,20,82.791182
-1.294184,12,82.831044
-1.459891,18,82.895557
-1.575602,22,82.971296
-1.512793,20,83.042219
-1.613432,24,83.123279
-1.407859,16,83.178606
-1.596304,23,83.258534
-1.397072,16,83.314825
-1.485,19,83.383864
-1.544075,21,83.46148
-1.48868,19,83.525669
-1.517785,20,83.591504
-1.601016,23,83.670041
-1.513823,20,83.735669
-1.483833,19,83.806195
-1.416737,17,83.870958
-1.335963,14,83.926229
-1.47442,19,83.999092
-1.324017,14,84.048918
-1.408339,16,84.101426
-1.595932,23,84.176837
-1.35032,14,84.223665
-1.514262,20,84.288906
-1.519367,20,84.354165
-1.424694,17,84.412275
-1.480646,19,84.475463
-1.466595,19,84.54163
-1.571312,22,84.610885
-1.620606,24,84.695458
-1.535335,21,84.76516
-1.514241,20,84.835549
-1.598173,23,84.911713
-1.435601,18,84.971785
-1.572093,22,85.047057
-1.570972,22,85.123843
-1.527364,21,85.191768
-1.682916,28,85.283004
-1.536239,21,85.35268
-1.463399,19,85.41938
-1.437402,18,85.483236
-1.546038,21,85.555968
-1.50136,20,85.622726
-1.533471,21,85.911628
-1.62784,24,85.992361
-2.33324,67,86.221429
-1.333831,14,86.270155
-1.532898,21,86.342228
-1.379369,15,86.394232
-1.43777,18,86.454748
-1.430809,17,86.509582
-1.585226,23,86.58757
-1.542741,21,86.658112
-1.543641,21,86.746552
-1.573434,22,86.832291
-1.571531,22,86.917161
-1.371193,15,86.974108
-1.431482,17,87.038663
-1.513947,20,87.120362
-1.405032,16,87.186058
-1.397678,17,87.255971
-1.564544,22,87.338309
-1.403929,16,87.397826
-1.562505,22,87.480482
-1.626386,24,87.570645
-1.408772,16,87.627462
-1.533287,21,87.70003
-1.514596,20,87.769
-1.539354,21,87.842043
-1.517036,20,87.908396
-1.454338,18,87.967977
-1.448622,18,88.026597
-1.547712,21,88.09983
-1.625243,24,88.185283
-1.530062,21,88.26797
-1.434386,17,88.330116
-1.509145,20,88.407085
-1.592349,23,88.48238
-1.544726,21,88.549503
-1.462351,18,88.608784
-1.572055,22,88.687307
-1.568836,22,88.763495
-1.529795,21,88.833838
-1.505718,20,88.900098
-1.240134,10,88.932971
-1.369729,15,88.984589
-1.544294,21,89.055634
-1.596639,23,89.135501
-1.589202,23,89.218339
-1.423673,17,89.287991
-1.40903,16,89.355564
-1.530117,21,89.428898
-1.485266,19,89.49355
-1.516708,20,89.565404
-1.37602,15,89.623298
-1.447471,19,89.70672
-1.458941,18,89.78253
-1.400875,16,89.859329
-1.56043,22,89.949952
-1.589476,23,90.043015
-1.404628,16,90.109036
-1.544216,21,90.211925
-1.344998,14,90.275081
-1.565008,22,90.366528
-1.545032,21,90.448488
-1.569659,22,90.528184
-1.571803,22,90.614465
-1.422781,18,90.720071
-1.601996,23,90.806614
-1.513232,20,90.87836
-1.354125,14,90.92895
-1.396093,16,90.987638
-1.48237,19,91.059843
-1.517354,20,91.134007
-1.624535,24,91.217417
-1.723991,28,91.318998
-1.31862,13,91.365015
-1.446788,18,91.43344
-1.514792,20,91.507195
-1.542011,21,91.581473
-1.59416,23,91.667011
-1.484686,19,91.742003
-1.423281,17,91.803928
-1.50935,20,91.87659
-1.454168,18,91.942637
-1.543233,21,92.019161
-1.485484,19,92.084828
-1.53543,21,92.156039
-1.601136,24,92.23495
-1.431784,17,92.29945
-1.481494,19,92.373059
-1.503526,20,92.458072
-1.454988,18,92.520672
-1.569916,22,92.608169
-1.56801,22,92.700626
-1.455953,18,92.777247
-1.267944,11,92.819355
-1.425523,18,92.882922
-1.488313,19,92.95667
-1.463139,18,93.025602
-1.461458,18,93.095707
-1.542034,21,93.179173
-1.287501,12,93.231099
-1.653047,27,93.332511
-1.601669,23,93.422006
-1.586999,23,93.725718
-1.513516,20,93.797724
-1.455991,18,93.85938
-1.397515,16,93.915141
-1.432054,18,93.979756
-1.597712,23,94.059782
-1.460248,18,94.122753
-1.550164,22,94.198739
-1.427025,17,94.256342
-1.484781,19,94.320855
-1.56299,22,94.406365
-1.42688,17,94.468907
-1.441199,18,94.541268
-1.622873,24,94.640824
-1.486928,19,94.717726
-1.562382,22,94.795698
-1.487414,19,94.865583
-1.490561,19,94.938543
-1.512732,20,95.019681
-1.403211,16,95.07543
-1.405201,16,95.140401
-1.37833,15,95.205705
-1.535169,21,95.298043
-1.490014,19,95.374388
-1.433633,17,95.435924
-1.668772,26,95.528175
-1.483618,19,95.598001
-1.51514,20,95.682939
-1.507754,20,95.761129
-1.544257,21,95.834144
-1.498439,20,95.90764
-1.479706,19,95.975525
-1.600416,23,96.057808
-1.556472,22,96.142239
-1.505959,20,96.21615
-1.604042,24,96.295445
-1.353372,14,96.340605
-1.381646,15,96.389784
-1.563675,22,96.465203
-1.689829,27,96.566947
-1.429317,17,96.628897
-1.405073,16,96.685656
-1.451723,19,96.751867
-1.538371,21,96.830357
-1.600628,23,96.90781
-1.461175,18,96.967189
-1.567684,22,97.042152
-1.506787,20,97.116339
-1.517263,20,97.191763
-1.462317,18,97.253953
-1.48588,19,97.318549
-1.462629,18,97.379744
-1.519373,20,97.452997
-1.519536,20,97.525481
-1.392271,16,97.592054
-1.451339,18,97.673612
-1.603883,24,97.773251
-1.518171,20,97.874764
-1.574038,22,97.953156
-1.462182,18,98.028305
-1.432798,17,98.109884
-1.459048,18,98.226384
-1.54573,21,98.312395
-1.568696,22,98.409232
-1.375348,15,98.471169
-1.579855,23,98.557592
-1.633487,26,98.673101
-1.515616,20,98.783058
-1.586425,23,98.909333
-1.568127,22,99.013493
-1.460444,18,99.098707
-1.453354,18,99.170326
-1.887018,37,99.30642
-1.515431,20,99.374936
-1.515742,20,99.442882
-1.574626,22,99.518242
-1.47337,19,99.581146
-1.451446,18,99.644803
-1.56055,22,99.735205
-1.487426,19,99.824226
-1.486041,19,99.902571
-1.404299,16,99.957052
-1.640487,25,100.044093
-1.34539,14,100.096665
-1.506076,20,100.171723
-1.370288,15,100.224181
-1.47348,19,100.29097
-1.570224,22,100.369979
-1.429735,17,100.435118
-1.486889,19,100.506162
-1.342378,14,100.55696
-1.608703,24,100.651498
-1.569655,22,100.757778
-1.373088,15,100.816476
-1.561031,22,100.902203
-1.373757,15,100.955875
-1.352249,14,101.0061
-1.489061,19,101.072904
-1.597221,23,101.154929
-1.568455,22,101.229715
-1.568403,22,101.313564
-1.426464,17,101.37286
-1.531502,21,101.444599
-1.596869,23,101.524273
-1.530422,21,101.830408
-1.490138,19,101.906
-1.457803,18,101.965973
-1.402111,16,102.01959
-1.397843,16,102.076037
-1.460379,18,102.143268
-1.489178,19,102.218788
-1.378743,15,102.274489
-1.510268,20,102.346187
-1.43507,17,102.416129
-1.463766,18,102.485972
-1.381851,15,102.544277
-1.5114,20,102.61658
-1.404784,16,102.686166
-1.403864,16,102.751067
-1.454392,18,102.814092
-1.48003,19,102.881601
-1.515507,20,103.000059
-1.572375,22,103.079375
-1.486435,19,103.152593
-1.435291,17,103.210909
-1.356478,15,103.26004
-1.437697,17,103.320599
-1.515261,20,103.389423
-1.380068,15,103.44131
-1.501535,20,103.504789
-1.462775,18,103.562879
-1.616886,25,103.645001
-1.483878,19,103.719463
