#{"t_start": 1685853222.051607, "env_id": null}
r,l,t
-82893.108638,106,2.036146
-81333.07312,25,2.088015
-73825.654541,20,2.130901
-74809.293335,20,2.168799
-74021.207031,20,2.205701
-72937.246094,19,2.241606
-81234.529541,25,2.286487
-72048.191284,18,2.3187
-69906.334229,17,2.349617
-61770.913818,10,2.369565
-87354.999146,31,2.425416
-76418.512817,23,2.466306
-83483.174194,26,2.515175
-76352.991577,22,2.554776
-151271.569397,98,2.732363
-108629.632324,50,3.095088
-81568.416748,25,3.150447
-73246.161133,20,3.195328
-82183.53479,25,3.250143
-69767.81311,16,3.282058
-78021.051514,22,3.323947
-77308.054321,22,3.370825
-83877.771973,27,3.423683
-77022.79834,21,3.462569
-75238.245483,20,3.501467
-78708.937378,23,3.545469
-61644.140991,10,3.565417
-71453.680054,18,3.60132
-81650.387329,25,3.649768
-120034.333191,73,3.806021
-86303.129883,29,3.859406
-82939.477783,26,3.908281
-90777.327759,33,3.970624
-78499.495117,24,4.015538
-71809.196899,18,4.401667
-83074.824707,27,4.472182
-78400.386841,23,4.530689
-78410.070312,23,4.581553
-112960.74469,59,4.692466
-85760.161377,29,4.746876
-76425.646484,21,4.787766
-78425.10376,22,4.83157
-84264.691833,32,4.89141
-70365.296387,17,4.922333
-80974.800171,25,4.966846
-156939.410034,104,5.153386
-140410.132935,75,5.290558
-82130.185913,25,5.336945
-77401.977417,22,5.653927
-78931.233276,23,5.705787
-76396.498657,22,5.756159
-84891.386108,28,5.820617
-77281.883789,22,5.861015
-80108.294189,24,5.905325
-88106.321289,31,5.961766
-90948.233643,33,6.020608
-80420.1073,24,6.062496
-72292.585693,18,6.096406
-100271.698853,41,6.16729
-84044.149536,27,6.21568
-73654.845581,19,6.251584
-72852.681641,18,6.283499
-66049.472168,14,6.308877
-79432.861328,24,6.352061
-81770.529663,25,6.418761
-80221.120483,25,6.498546
-140236.600037,81,6.965778
-83477.322144,27,7.027518
-80819.684448,24,7.080377
-95283.314209,40,7.163661
-74099.09729,19,7.199765
-71155.71875,18,7.234809
-68040.754639,15,7.264731
-77903.844849,22,7.307607
-78891.998169,23,7.355613
-74384.279541,20,7.394511
-82249.46228,25,7.443628
-111204.408386,68,7.579475
-67668.716553,15,7.6099
-109228.849609,54,7.71952
-81340.012817,26,7.771381
-75470.57959,20,7.81039
-79350.249146,24,7.857782
-84462.397949,32,7.924601
-99998.775513,49,8.35409
-78954.631226,26,8.416921
-82582.365601,26,8.468782
-73327.793457,19,8.504576
-71636.494263,19,8.539477
-96447.667358,40,8.612537
-96771.716431,38,8.683348
-84624.485962,27,8.747246
-68214.398438,15,8.797113
-78667.572998,23,8.840093
-83327.066406,26,8.888963
-77532.094727,22,8.929683
-74530.095459,20,8.966176
-75310.640869,21,9.006459
-90213.991577,32,9.063793
-77391.302002,22,9.104684
-83539.304199,28,9.155549
-70222.864502,17,9.186466
-78318.740723,22,9.228354
-72820.473755,19,9.264257
-80777.723267,24,9.611353
-89232.178345,35,9.700335
-85712.733398,30,9.821428
-74706.44812,21,9.87285
-78001.672485,22,9.919725
-90297.589722,32,9.989538
-63178.049561,11,10.012476
-77518.943237,22,10.059879
-87141.699341,29,10.11972
-79162.077515,23,10.16759
-74873.820312,20,10.210476
-86574.37793,30,10.300532
-78854.998535,24,10.352394
-87753.263062,30,10.411236
-81165.648438,25,10.456805
-67064.040894,14,10.483735
-155177.455444,107,10.682731
-154184.165649,97,11.146414
-92128.609863,35,11.210749
-89619.889404,32,11.270589
-77661.35376,22,11.309484
-96956.154175,39,11.379298
-147733.670288,102,11.565561
-70356.397217,17,11.595482
-80036.199829,24,11.637436
-83474.859131,26,11.701771
-92129.553589,39,11.771585
-80607.039795,25,11.818977
-82889.25708,27,11.870839
-74651.877686,20,11.90774
-84687.972046,28,12.226487
-80952.220825,24,12.279346
-79705.270996,24,12.329893
-83925.536621,28,12.387739
-76758.765381,22,12.426749
-76047.067383,21,12.466643
-85194.055176,28,12.517562
-83969.824707,27,12.569395
-115758.499023,54,12.671683
-87434.381348,31,12.730526
-78635.912476,23,12.775406
-79855.919189,24,12.821866
-61560.794067,10,12.841815
-74621.938843,21,12.884698
-81298.186768,25,12.930379
-81162.276367,25,12.977254
-80159.897461,24,13.02465
-76694.638306,22,13.06554
-82605.368774,26,13.113921
-102642.715088,48,13.543363
-94564.880371,37,13.623839
-75753.088135,20,13.666726
-93826.068115,35,13.731553
-146171.37854,100,13.914768
-75098.250732,20,13.952667
-77368.880737,23,14.000538
-78181.626831,22,14.044199
-81871.545288,25,14.09207
-68555.850342,17,14.123986
-98112.472656,40,14.19679
-76271.407349,22,14.239201
-87919.30188,33,14.29902
-80165.048462,25,14.346891
-73745.120728,19,14.387783
-74023.57312,21,14.439644
-64185.715332,12,14.776813
-78514.211792,23,14.824685
-78136.265137,22,14.870563
-66049.252441,14,14.901479
-84725.177124,28,14.963314
-79869.636963,23,15.009193
-74876.150879,20,15.046398
-93172.524536,36,15.111219
-65408.746826,13,15.135155
-77085.500244,22,15.175048
-88150.09021,31,15.235035
-73118.08728,19,15.271934
-113118.790955,64,15.394608
-87121.270508,29,15.448463
-76049.216309,21,15.489355
-113041.763794,53,15.586628
-70240.75415,18,15.619537
-101513.444763,44,15.714885
-80033.288452,24,16.086509
-78464.776611,23,16.137981
-128392.857239,77,16.297734
-102631.021851,43,16.375556
-85421.289307,28,16.426423
-75312.304688,22,16.467314
-76981.121704,22,16.507208
-80022.641113,24,16.55109
-80823.845825,25,16.59597
-78607.564453,24,16.637401
-64048.834167,13,16.661338
-90479.832825,45,16.743351
-78688.011597,23,16.784242
-80128.795166,25,16.838096
-67424.19043,15,16.869014
-73309.895752,19,16.903921
-83145.412231,26,16.951374
-92457.042114,34,17.012214
-80780.603271,25,17.313376
-84953.784058,29,17.374102
-76922.626831,21,17.416987
-86906.880615,30,17.476827
-76248.723022,21,17.514725
-80930.157959,25,17.559394
-81648.269653,26,17.605271
-82849.487183,27,17.656135
-71983.100464,18,17.68805
-83329.925171,29,17.739912
-180330.645935,142,17.994111
-155888.283875,104,18.180859
-67697.299194,15,18.474054
-91182.877075,33,18.543375
-85941.404175,29,18.606715
-80504.999634,24,18.65658
-84400.897461,27,18.706451
-66816.362549,14,18.732381
-74053.280457,21,18.770777
-82655.048462,27,18.819165
-65547.671265,13,18.843101
-73988.041992,20,18.880002
-75646.320007,25,18.925932
-89463.00354,31,18.980788
-83341.488037,27,19.02966
-76289.430908,21,19.066746
-70543.438599,17,19.096666
-71195.034302,17,19.127472
-70534.17041,16,19.156396
-74935.858032,21,19.194298
-74765.092896,20,19.233197
-77594.329346,22,19.271668
-74782.146606,20,19.310296
-109550.878052,54,19.660049
-76456.208618,22,19.70785
-73060.806641,19,19.747744
-78405.89624,23,19.797124
-82500.721069,28,19.856303
-174161.459961,134,20.095221
-79867.086548,24,20.137622
-72463.832153,20,20.173747
-147078.962585,117,20.401009
-82063.750854,29,20.46085
-79253.20813,23,20.509718
-80665.084229,25,20.555904
-114397.027649,65,20.922292
-96043.346924,40,21.014069
-79481.014404,24,21.064015
-77325.023926,22,21.103908
-76841.317749,22,21.14351
-76399.361816,21,21.181406
-83081.168823,26,21.227489
-170174.144196,119,21.438923
-68111.928223,17,21.469841
-99648.630005,42,21.543643
-86867.111572,30,21.595508
-88682.325806,30,21.652081
-83358.380981,27,21.701674
-73111.071533,19,21.737249
-64392.486938,12,21.759882
-134061.88916,85,22.194313
-82395.95105,26,22.247311
-120911.724731,59,22.3553
-65511.690063,13,22.379238
-73633.816895,19,22.413081
-94878.272339,36,22.478309
-73624.930542,19,22.513996
-76544.061401,21,22.551895
-77876.696045,23,22.593782
-77132.513916,21,22.631741
-122609.534668,67,22.762863
-90327.251221,33,22.821476
-87475.338501,30,22.874108
-69401.408691,16,22.903125
-75666.842285,21,22.94055
-113334.928406,57,23.303131
-76922.571533,21,23.35599
-81654.885742,26,23.414872
-84809.78833,29,23.473101
-88737.167725,32,23.536619
-73028.4021,19,23.57352
-76862.228027,22,23.61441
-84072.360107,27,23.666637
-79597.086304,24,23.710534
-87216.650269,30,23.768827
-69907.536743,17,23.802736
-76102.605347,21,23.844624
-133489.094543,74,23.978589
-107200.27124,47,24.063021
-78170.33313,23,24.104588
-140966.848267,89,24.559076
-65498.415527,13,24.589992
-63072.877686,11,24.619322
-67256.039429,16,24.656223
-75067.062256,22,24.709085
-151011.941467,115,24.912072
-199890.987915,158,25.217396
-83242.256592,26,25.267263
-129254.995911,69,25.392443
-73892.14624,20,25.427381
-78561.612427,23,25.736006
-80399.848755,25,25.789839
-77372.561279,22,25.83771
-85250.658813,29,25.897059
-85981.899414,29,25.958243
-81831.277954,25,26.003048
-87968.983887,34,26.06289
-77523.844971,22,26.101785
-72263.262695,18,26.134698
-135480.247314,112,26.335161
-74515.650757,20,26.371064
-83306.587646,27,26.419478
-81041.401733,26,26.465355
-129973.406799,90,26.624571
-79939.666016,24,26.929591
-67201.431274,15,26.961506
-85551.080322,28,27.021736
-78351.096313,23,27.069249
-96782.954742,49,27.164904
-81753.668213,25,27.209292
-77107.231812,22,27.248704
-78819.542358,24,27.290591
-202352.486084,163,27.57603
-75677.815063,21,27.612154
-104297.612305,70,27.737485
-81901.40564,25,27.782365
-67003.034424,14,27.807299
-72117.691528,19,28.085757
-98139.983765,45,28.177513
-100110.120361,45,28.270369
-67082.22583,14,28.294304
-72783.65686,19,28.328227
-132878.906555,82,28.471494
-87985.162109,32,28.527628
-151833.383957,177,28.846409
-68405.4646,15,28.874336
-65282.530029,14,28.899215
-77420.314697,23,28.941241
-81129.400024,26,28.986657
-76412.720459,21,29.311786
-73240.942505,19,29.360656
-74634.547119,22,29.418504
-72259.029785,19,29.4574
-86119.283691,30,29.512254
-97894.625,40,29.583508
-60523.99353,9,29.599465
-67413.125854,15,29.626766
-138744.97937,84,29.777716
-78914.620605,23,29.822688
-76819.757812,24,29.870559
-80153.682007,24,29.914734
-93246.556763,35,29.978562
-142525.727844,94,30.142228
-96646.439453,40,30.213316
-101384.447632,43,30.560491
-66123.555298,14,30.589414
-90361.356445,34,30.660759
-67563.272095,15,30.688203
-73470.056152,21,30.725105
-90311.937134,32,30.781667
-94469.869019,36,30.846257
-76614.988281,22,30.886658
-97551.182922,48,30.973595
-77570.243042,22,31.012999
-83617.437012,27,31.060919
-93525.927734,36,31.123896
-77176.386841,24,31.166782
-79955.480469,24,31.208671
-82107.906372,26,31.253576
-82965.217163,26,31.300424
-81530.913696,25,31.346822
-82201.353394,25,31.390705
-81373.134399,25,31.716079
-69549.037598,16,31.750985
-76671.413574,21,31.794869
-86676.86438,29,31.8577
-109130.152771,58,31.966228
-99417.66156,45,32.058521
-89531.924133,34,32.117747
-78968.53833,23,32.158149
-125598.185608,93,32.321712
-93586.580566,35,32.385286
-125460.484009,79,32.522922
-109985.245728,50,32.870181
-88620.708008,31,32.938996
-79155.692749,23,32.988864
-99903.090698,41,33.072579
-87150.333374,32,33.131422
-109159.749512,51,33.224515
-69643.153442,16,33.252412
-67118.856934,14,33.277347
-164665.974365,106,33.464995
-76459.591675,21,33.502894
-65377.435791,13,33.52634
-77929.822144,22,33.565237
-109174.793335,51,33.655443
-86925.495972,30,33.707307
-90280.701538,32,33.764155
-78705.874023,23,34.089961
-64496.445312,12,34.120879
-111981.102661,51,34.234603
-84694.179443,27,34.286243
-81457.66394,25,34.33024
-91102.093018,35,34.396064
-68901.571533,16,34.425449
-76297.52771,22,34.464373
-77166.979248,23,34.508068
-80077.869507,24,34.550646
-88892.562134,34,34.610779
-76420.401855,21,34.649676
-71282.737061,18,34.681591
-82856.554932,26,34.728472
-80159.171021,24,34.770361
-69360.019653,16,34.798844
-124321.433777,78,34.939275
-85193.449951,30,34.994731
-70066.815186,18,35.295872
-151107.6474,105,35.506657
-96830.817383,40,35.580459
-79337.697876,23,35.621219
-75096.912231,27,35.671086
-67863.042236,15,35.699566
-72232.723877,18,35.731709
-93745.768066,40,35.807513
-69608.485596,16,35.837432
-70867.446533,17,35.869347
-82753.50415,26,35.91622
-102215.549316,45,35.996309
-89982.705444,32,36.055746
-84758.122314,28,36.105041
-75172.413208,20,36.140789
-126349.718872,65,36.530617
-95569.678589,37,36.604421
-158826.278687,136,36.851877
-86327.077393,29,36.907115
-83426.064697,27,36.956867
-172597.200562,121,37.168161
-97127.829529,43,37.242962
-105324.398499,49,37.32854
-79916.895142,24,37.372447
-88938.976074,34,37.722838
-85278.26709,28,37.780649
-73933.517578,20,37.821047
-82312.30481,26,37.872908
-90091.345337,33,37.932096
-73210.70459,19,37.966979
-69587.577759,16,37.995789
-121793.798706,61,38.109448
-96130.459717,45,38.188238
-80435.4823,24,38.231123
-84962.959961,27,38.278995
-69199.791138,16,38.307917
-88061.271851,30,38.360267
-108345.935791,48,38.44415
-76306.371094,21,38.482049
-77801.456421,22,38.522698
-77671.210449,22,38.561779
-69691.611816,16,38.860181
-83154.304321,28,38.916478
-91045.002563,33,38.982301
-70143.945557,17,39.016434
-91685.749023,37,39.089521
-70877.398071,17,39.120952
-81521.207275,25,39.165356
-83816.531738,27,39.212799
-127533.674622,69,39.332918
-71497.697632,18,39.366956
-80498.155518,24,39.412397
-79692.867065,24,39.45982
-104766.553223,50,39.549117
-110062.360229,56,39.647258
-84458.048828,27,39.697717
-82082.494751,26,39.747583
-125402.950684,71,40.156603
-84172.713379,27,40.212711
-88279.980164,33,40.274546
-83056.603516,26,40.321676
-163965.161621,100,40.502566
-81576.31311,25,40.547446
-92280.823608,36,40.615043
-175478.96698,132,40.852813
-102102.403259,52,40.94832
-75829.269287,21,41.228609
-80897.36792,25,41.280237
-68123.074707,15,41.311154
-64577.654663,13,41.336423
-74875.404663,20,41.37643
-83439.717163,27,41.429039
-135386.554291,81,41.57052
-86942.92334,31,41.626371
-88818.619385,37,41.69122
-97244.73291,50,41.778965
-69423.591553,17,41.811246
-82597.543213,27,41.858148
-133028.720398,79,42.003271
-61844.836304,10,42.021223
-76695.976685,22,42.06089
-88353.059448,31,42.115744
-80228.496582,25,42.425488
-80612.473877,25,42.478345
-75977.71582,21,42.524222
-73461.69812,19,42.562125
-78933.235718,23,42.60501
-78636.358032,23,42.647895
-97009.004883,40,42.720387
-82096.310181,25,42.764268
-77379.65918,22,42.804163
-79807.256104,24,42.846941
-94709.669189,39,42.915031
-81837.480347,25,42.961907
-75931.391479,24,43.006712
-76910.936035,23,43.050594
-75442.07312,21,43.089122
-78887.773682,23,43.129284
-96268.342407,39,43.197103
-88611.719666,34,43.258235
-69743.238403,16,43.286611
-76564.045654,21,43.600429
-98394.595337,45,43.69318
-75796.512695,21,43.735069
-131131.69458,85,43.888707
-114380.040955,70,44.012391
-86414.00293,30,44.067635
-78027.393311,23,44.111331
-77494.822479,30,44.165169
-85282.387817,28,44.21404
-82184.270874,25,44.25904
-98639.676025,38,44.32493
-102528.608215,54,44.419597
-72299.85022,18,44.452509
-84178.929321,28,44.504496
-84720.944946,28,44.837166
-78442.383911,23,44.88404
-98625.968018,42,44.964877
-73107.108398,19,45.002775
-59052.306274,8,45.017735
-74542.209839,20,45.054636
-86181.55249,30,45.107787
-114811.49353,54,45.202534
-85266.943237,28,45.2524
-81749.657959,26,45.298278
-115730.546021,91,45.460636
-82902.974854,26,45.506513
-85870.596436,29,45.558164
-78483.720337,23,45.598058
-78742.968994,23,45.640549
-79957.324951,24,45.683546
-78667.983521,24,46.002373
-76147.501709,22,46.052656
-80139.430664,27,46.108796
-106870.488159,48,46.205972
-115482.727905,56,46.315415
-94491.124023,38,46.388218
-83344.841919,27,46.436099
-72209.797607,18,46.468013
-62526.14624,11,46.487959
-83658.925293,28,46.537835
-108378.412842,49,46.624834
-123527.793457,63,46.735675
-82550.008667,27,46.784542
-149429.385651,149,47.347099
-118738.871826,62,47.462107
-83585.45752,27,47.512217
-63065.263794,11,47.533161
-60509.221436,9,47.550117
-91684.719788,37,47.618934
-84039.236694,27,47.667803
-66943.161499,14,47.693734
-114402.605347,55,47.795539
-74698.802368,20,47.830966
-85017.905151,28,47.88183
-87585.912842,29,47.935259
-89828.325562,32,47.994101
-80662.631714,25,48.040976
-68378.119507,16,48.068902
-110765.188599,58,48.448295
-80762.193237,25,48.501154
-70624.005249,20,48.545036
-75753.786133,21,48.589916
-134749.701782,72,48.719263
-96053.054321,40,48.794061
-76566.298218,22,48.833954
-85177.149658,30,48.915055
-78074.48584,22,48.985827
-78076.159912,22,49.033284
-91056.33374,33,49.097112
-76349.3927,22,49.139
-96911.220825,39,49.213801
-96448.515869,38,49.286606
-75663.763306,22,49.328494
-129660.694153,98,49.796755
-113549.792542,64,49.928859
-131613.020508,84,50.101004
-65907.527832,13,50.12494
-76059.830566,22,50.165831
-76849.054199,22,50.205724
-72705.182251,20,50.242625
-90695.368042,32,50.299473
-75011.530396,21,50.337372
-93495.853271,36,50.401201
-152962.485565,125,50.648348
-95292.711548,37,51.020216
-85383.820679,30,51.083048
-78423.900391,23,51.131931
-100800.002808,41,51.209725
-84846.111206,29,51.26038
-79654.408813,26,51.308254
-78775.300903,24,51.353132
-60540.892578,9,51.369092
-170987.450684,154,51.654818
-84746.861328,28,51.708041
-82250.743896,25,51.753036
-158549.6203,121,52.254471
-68302.062866,16,52.287383
-71785.3302,18,52.324294
-91241.171936,38,52.398132
-67455.307495,14,52.425094
-81654.977661,26,52.470939
-131258.220642,76,52.606112
-106976.194946,48,52.693537
-116026.191162,56,52.791992
-84091.593018,27,52.842865
-77405.039429,23,52.885909
-98426.442383,45,52.969228
-79795.223022,26,53.01749
-67219.815796,15,53.046412
-80996.761353,25,53.091324
-80805.615723,24,53.407838
-68308.276489,15,53.439755
-92201.63147,39,53.518732
-76030.656372,21,53.561615
-92765.91394,37,53.62744
-81616.035522,25,53.671323
-68305.799927,15,53.698252
-80622.108887,24,53.741136
-127248.625244,80,53.882318
-82705.860962,26,53.930191
-85835.294067,30,53.984714
-64399.05542,12,54.007652
-94273.640869,37,54.083457
-87930.209229,30,54.144295
-201818.32959,185,54.74304
-80912.821167,25,54.787498
-72279.294922,18,54.81997
-72398.178467,18,54.851486
-96874.095703,38,54.926287
-151465.177185,111,55.128801
-82580.300659,27,55.176673
-72348.673706,18,55.209586
-77151.997314,22,55.248481
-87518.278198,34,55.317731
-76036.499512,22,55.366009
-89929.475647,35,55.430835
-77763.000244,22,55.471726
-110701.363525,85,55.908115
-74702.028931,20,55.951631
-91516.038879,39,56.021833
-69213.782959,16,56.050784
-83944.32373,27,56.098953
-72052.976501,20,56.13536
-94219.988342,48,56.222127
-64421.455322,12,56.244095
-78241.803711,23,56.28496
-75976.222656,21,56.32186
-81968.067627,26,56.369732
-81951.73645,25,56.415954
-70072.291382,17,56.447607
-99830.804199,41,56.522012
-173457.317139,158,57.065797
-148744.779236,101,57.247109
-81144.598022,25,57.292987
-88028.098755,31,57.354834
-76596.731934,21,57.399414
-138788.336548,81,57.571023
-105367.38208,48,57.660341
-69224.425659,16,57.69026
-82398.816406,26,57.740741
-109307.476013,53,57.839676
-90816.696838,36,57.908135
-131795.394775,94,58.381095
-125864.628845,73,58.517502
-84278.87793,29,58.568801
-77482.915283,22,58.608694
-80202.868896,25,58.653023
-96411.371704,38,58.722839
-105918.747925,47,58.806614
-70528.956421,17,58.837081
-128430.503174,101,59.016247
-118177.236511,80,59.42549
-82554.867188,26,59.47735
-65790.343628,13,59.504278
-92264.501465,34,59.570102
-83435.545898,27,59.620175
-62662.209839,11,59.641091
-98866.080017,47,59.725039
-70662.263672,17,59.756224
-118047.699463,64,59.870878
-69710.812256,17,59.902147
-101251.889954,55,59.998321
-75055.250244,22,60.037217
-65685.892456,13,60.060156
-87455.285645,30,60.112419
-78123.085083,23,60.153309
-82207.189453,27,60.200185
-67035.915405,14,60.225358
-92315.227295,34,60.285399
-66633.973022,14,60.557911
-74407.523193,21,60.601742
-197634.598022,134,60.855245
-81366.091187,25,60.900132
-82436.817993,26,60.948331
-103204.375,44,61.027777
-73170.252563,19,61.062775
-84999.630066,30,61.116003
-68938.789673,17,61.145922
-79856.441162,27,61.193799
-112980.369263,53,61.285635
-76119.462158,21,61.322542
-74982.889038,21,61.360976
-106653.050537,48,61.446724
-64002.032227,12,61.729918
-70919.389893,17,61.76283
-82012.067749,26,61.816202
-72374.486328,18,61.854102
-102844.550079,64,61.97378
-67964.796631,16,62.00158
-77573.915405,22,62.040477
-78447.774048,24,62.083905
-61387.801758,10,62.102854
-77697.946167,23,62.142748
-91886.924377,45,62.221542
-79044.767456,24,62.263429
-78835.583252,23,62.304959
-131757.249817,90,62.462097
-153915.555573,156,63.007843
-87817.666626,30,63.069184
-83583.235962,27,63.118054
-79875.280518,24,63.160304
-98547.945923,40,63.233241
-150171.894836,101,63.414062
-99601.499939,49,63.505231
-100672.527588,41,63.576879
-99483.487793,41,63.65375
-93054.242188,35,63.716499
-83682.208984,29,63.772778
-77266.525146,22,64.084281
-98695.764038,40,64.167051
-71965.975952,18,64.202872
-111854.088318,53,64.305016
-118817.648804,57,64.405741
-73683.777222,23,64.445926
-60290.577148,10,64.463879
-72105.955566,19,64.497794
-74602.83252,20,64.5327
-106964.832092,53,64.626962
-81731.837036,31,64.680819
-70251.573486,17,64.712733
-75376.341919,21,64.749664
-70733.039371,43,64.828116
-89602.014526,34,64.892457
-84112.140869,28,64.942324
-84748.866211,28,65.277506
-113041.366028,57,65.393963
-128900.856812,76,65.538623
-125862.651245,65,65.652938
-65722.430542,13,65.676874
-119238.068604,59,65.781595
-77173.381226,22,65.821493
-77706.858765,23,65.864417
-65948.652466,15,65.890589
-84392.938721,32,65.947529
-80848.807983,25,65.992298
-148715.202942,112,66.438108
-93888.519287,39,66.517892
-70817.495239,17,66.552799
-83980.893921,27,66.606163
-89226.6521,31,66.664836
-121469.915527,58,66.769553
-69504.568115,16,66.799472
-108290.427368,50,66.891261
-188095.668396,142,67.145102
-86771.946899,37,67.21184
-98751.56958,41,67.286733
-105868.73114,51,67.676354
-73484.647583,19,67.717244
-100893.53833,42,67.807003
-118621.992065,70,67.933918
-141937.683228,89,68.091695
-93290.259033,35,68.153838
-109752.641785,55,68.250922
-170512.539673,119,68.462137
-96814.838135,39,68.533946
-109129.909546,51,68.891997
-76464.774292,22,68.93588
-75747.411011,21,68.97927
-67913.998657,15,69.00919
-68229.869995,15,69.03911
-61768.635864,10,69.057991
-63067.200439,11,69.07751
-87631.073975,30,69.129405
-117736.347046,56,69.23061
-76912.829956,22,69.269056
-110031.010986,51,69.358008
-83759.985107,27,69.405009
-88871.58606,32,69.462883
-81069.376587,25,69.50876
-80641.482422,24,69.552809
-77971.557983,22,69.592821
-91364.792603,37,69.660743
-76568.633545,22,69.701632
-84880.016113,29,69.754215
-75676.954712,21,70.083966
-86927.473633,29,70.142808
-129896.203857,68,70.276957
-114060.987305,59,70.383557
-84045.500732,28,70.433424
-74491.080688,20,70.469179
-85894.341187,31,70.527024
-110805.867676,51,70.619757
-88674.978516,36,70.68524
-78184.412109,23,70.72613
-94382.404053,37,70.792084
-114060.161987,52,70.885816
-75080.855225,21,70.924712
-67686.48645,15,70.953146
-67009.03772,14,71.256092
-165442.164917,99,71.450153
-84632.006195,40,71.519868
-109786.961121,65,71.633305
-122757.492096,99,71.823326
-88420.476196,33,71.881171
-79420.199463,24,71.925053
-121865.410034,68,72.047724
-85096.400635,28,72.097319
-95804.993286,39,72.166134
-75371.474121,21,72.466178
-67024.142944,14,72.495101
-82886.338989,29,72.552946
-82223.161865,28,72.608305
-85541.981201,29,72.660647
-84583.621338,27,72.708514
-74364.911133,20,72.743421
-76714.241821,22,72.781824
-65758.137451,13,72.805258
-76751.164978,25,72.850138
-97159.129211,43,72.926257
-94349.074829,37,72.994932
-78319.713379,23,73.040809
-143149.680115,83,73.188201
-71503.759888,18,73.221112
-80055.856812,25,73.276362
-89230.787231,33,73.337235
-63848.79248,12,73.624136
-84112.173218,27,73.687965
-80096.389771,24,73.737831
-86839.030029,30,73.798989
-173950.750549,129,74.03202
-122836.813843,63,74.143481
-93485.258484,42,74.221898
-80396.592163,25,74.267775
-74359.324463,20,74.30388
-76152.92749,23,74.34637
-81483.945435,25,74.393309
-61783.187622,10,74.412259
-69716.646729,17,74.443176
-75717.057983,21,74.482071
-72301.990845,19,74.516979
-70398.028442,17,74.548921
-93547.347473,37,74.891294
-107510.733643,49,74.995077
-88655.837769,34,75.060442
-85353.561035,29,75.111813
-86682.236816,31,75.168661
-79021.387939,24,75.211574
-70104.697388,17,75.242463
-64172.810547,12,75.264939
-86511.972046,30,75.316657
-108938.394073,90,75.473751
-96730.304993,41,75.546117
-81045.789551,25,75.590843
-106396.078918,52,75.683597
-123543.447632,68,76.061907
-84021.050903,28,76.117736
-123021.991333,62,76.235636
-75399.800537,21,76.28063
-78485.247803,25,76.323514
-96704.405518,41,76.394836
-67007.285767,14,76.420767
-121466.721436,72,76.547963
-100851.120117,44,76.62433
-84884.058716,29,76.686396
-67284.632812,15,76.713832
-82422.083862,28,76.766279
-65464.075806,13,76.791244
-94071.42627,35,76.854558
-103328.192505,57,77.215505
-99699.984131,41,77.299807
-79968.722412,27,77.357653
-79396.361084,24,77.404527
-66754.968628,14,77.429461
-74062.411987,19,77.46337
-70291.542114,17,77.49451
-142765.931946,86,77.649238
-63112.361572,11,77.669282
-102990.246429,114,77.874034
-98462.363525,40,77.945695
-114687.893311,63,78.062477
-80145.790527,24,78.104984
-85514.390015,31,78.427895
-84475.145874,28,78.485705
-96238.209351,39,78.56251
-88938.252441,36,78.625397
-81425.828613,26,78.670065
-85438.030884,29,78.720502
-92048.447266,34,78.780618
-119362.754456,71,78.906085
-65548.161255,13,78.930045
-80054.303955,25,78.977311
-76970.910767,22,79.018203
-73233.299561,20,79.054113
-60487.137573,9,79.070457
-98969.488586,41,79.146255
-79711.703857,24,79.190137
-75336.040771,21,79.231028
-83529.864624,27,79.284883
-76118.369385,25,79.630766
-100565.038086,46,79.728993
-76004.167725,22,79.775038
-106833.625916,68,79.898266
-96397.250977,38,79.965464
-119302.730591,78,80.105654
-99885.226639,75,80.239871
-88711.929688,31,80.295753
-67919.545654,15,80.322203
-83069.531372,36,80.385073
-82645.863403,26,80.434461
-96612.807007,45,80.51961
-83309.109985,27,80.856363
-72672.751099,19,80.898248
-84865.758911,28,80.959086
-80957.119873,25,81.011964
-75356.151978,22,81.05186
-92181.740479,38,81.120848
-86469.530884,30,81.176699
-79930.015381,25,81.224061
-77846.287598,23,81.264951
-120934.74115,126,81.502669
-61838.055298,10,81.521619
-81192.710449,25,81.569087
-82841.386841,28,81.624932
-95085.134155,37,81.69339
-102869.559692,46,82.029872
-145911.348206,91,82.230609
-80363.881226,25,82.277998
-86252.787964,31,82.335353
-93536.983826,38,82.406165
-146524.069763,85,82.569009
-63100.214355,11,82.589954
-93228.809509,42,82.665708
-172905.819397,129,82.891567
-98686.505493,50,83.23766
-130825.101883,122,83.477134
-82995.322144,27,83.533986
-86443.213501,30,83.587842
-77012.233398,22,83.630004
-91217.566833,38,83.701813
-81048.821533,37,83.776613
-71960.908203,18,83.810525
-79416.858643,24,83.853839
-73421.057495,19,83.888746
-146341.163818,91,84.049715
-78371.80188,23,84.090611
-142937.79541,150,84.638179
-72576.542236,22,84.67846
-64475.271484,12,84.700401
-78163.740967,23,84.74229
-117540.203125,56,84.842023
-61836.0,10,84.860972
-97847.856934,46,84.94312
-143807.975464,91,85.102674
-100352.145752,41,85.174486
-76570.230713,21,85.211073
-74252.856079,20,85.246977
-109800.632263,77,85.622512
-73819.723999,19,85.663177
-77362.915588,24,85.712553
-68405.136963,16,85.744467
-66745.779968,16,85.775703
-113150.151184,65,85.894611
-74457.153931,20,85.930516
-108050.478516,51,86.024042
-108628.102173,59,86.13261
-81574.532288,34,86.192552
-80038.424561,24,86.235438
-72036.536987,19,86.268871
-78392.430176,23,86.308792
-82221.506836,26,86.355666
-68554.76947,17,86.384733
-74405.980835,20,86.421634
-103270.875305,47,86.792718
-135134.339111,83,86.961787
-66311.016846,14,86.988716
-106368.066284,49,87.075954
-78052.930786,23,87.116845
-85072.0,31,87.17223
-64656.340393,15,87.199158
-105321.671875,84,87.350263
-78057.546143,23,87.390437
-73541.052368,19,87.424347
-84192.83606,29,87.47572
-102028.472656,52,87.567653
-90813.198486,33,87.625498
-91264.386719,35,87.686748
-66330.045227,16,87.994078
-72910.5849,21,88.052922
-117571.770874,63,88.202521
-86654.210205,29,88.257488
-77162.835449,22,88.296383
-122205.297241,69,88.423111
-77881.140991,23,88.465958
-123184.45343,69,88.587454
-70460.526611,17,88.616884
-96287.8396,47,88.700719
-101309.645386,42,88.773891
-115478.842346,66,88.893514
-76397.165405,21,89.207044
-71685.691284,18,89.245939
-123789.279785,64,89.378718
-67065.571411,14,89.40764
-75677.797485,21,89.443913
-66766.99884,16,89.473839
-120833.682251,62,89.585945
-91861.374329,49,89.674723
-100335.488464,46,89.759015
-83651.844055,34,89.821178
-130440.341064,71,89.946434
-70661.988525,18,89.978859
-100095.99469,45,90.057488
-92063.718018,34,90.116692
-152236.862976,89,90.540772
-88615.050354,35,90.605031
-134939.028473,102,90.789696
-146639.458191,96,90.961284
-107488.940624,126,91.187129
-81084.064941,25,91.234999
-76744.872925,22,91.2774
-86659.268188,33,91.597607
-78008.442505,23,91.645479
-78092.174438,28,91.705658
-106026.01416,72,91.840611
-75231.885742,21,91.878509
-93088.376587,39,91.950524
-82936.235474,27,91.998041
-109812.687134,54,92.092311
-78560.889038,23,92.134008
-101458.668396,44,92.210391
-123335.256744,93,92.380886
-117078.305283,76,92.779693
-71680.006714,18,92.816594
-110171.888733,54,92.929799
-84818.770874,32,92.988418
-86915.762146,31,93.044775
-107405.407867,59,93.149966
-100685.255981,44,93.226914
-84801.488281,28,93.275053
-128169.472656,92,93.436884
-115817.775513,57,93.535943
-91502.024292,34,93.595923
-87838.75769,36,93.953288
-79305.015289,32,94.017453
-69918.892822,25,94.070312
-124512.015686,91,94.24103
-75765.770264,21,94.292259
-94529.55603,40,94.362616
-77585.900085,27,94.411209
-94100.084106,36,94.475672
-76697.256714,22,94.514853
-68989.126831,16,94.543775
-73142.933594,19,94.577685
-117350.146057,66,94.695767
-113254.225342,76,94.82941
-124071.921997,75,95.217348
-122878.046631,63,95.338479
-108510.168518,52,95.427761
-92501.956787,38,95.495598
-157759.908508,98,95.669625
-80056.588043,41,95.744581
-112482.85553,58,95.846299
-87279.290588,33,95.905292
-83258.396118,28,95.956959
-122462.1474,77,96.346237
-142491.767334,91,96.523264
-93981.949127,53,96.651498
-104874.59082,51,96.750179
-72580.046143,18,96.784054
-104484.505859,59,96.899449
-79671.182739,24,96.945328
-74017.347168,27,96.999546
-91022.999023,33,97.059386
-85222.723511,28,97.110507
-164304.015289,114,97.591268
-97274.271057,48,97.692966
-88365.866333,31,97.748816
-63942.610474,12,97.771477
-95708.056519,38,97.841158
-100721.059479,78,97.985499
-102497.6922,47,98.080763
-120789.135376,79,98.224379
-73344.181885,23,98.266806
-73355.964111,21,98.304704
-104364.73618,77,98.445329
-72623.14502,19,98.740092
-115406.09436,73,98.88979
-114885.575165,83,99.045711
-76410.908813,25,99.09212
-115247.847656,69,99.218311
-84313.164429,29,99.284135
-155365.626945,166,99.609267
-74733.476196,20,99.650158
-111813.234924,58,100.076934
-118521.855217,104,100.283785
-86518.935669,29,100.338765
-111040.886475,60,100.449474
-99350.524536,40,100.526273
-86181.030396,30,100.583531
-110306.080963,66,100.707759
-148333.895996,146,101.262373
-61159.99707,10,101.283317
-82371.358162,98,101.478598
-90464.146057,38,101.552573
-83448.155518,27,101.607307
-127845.091614,95,101.799571
-165533.525665,177,102.124333
-66570.897705,14,102.150288
-73361.60553,22,102.188167
-82667.832169,55,102.559253
-77583.086426,27,102.61527
-69594.303833,17,102.651174
-89598.362573,109,102.850132
-95401.351746,45,102.92982
-140854.109375,85,103.087383
-72822.587524,21,103.127281
-82636.853638,26,103.173538
-111368.798126,87,103.329747
-76325.707031,22,103.369641
-78840.687988,23,103.668443
-90730.728271,33,103.736202
-79340.273193,24,103.78554
-88687.791504,31,103.848372
-78772.077637,23,103.888268
-80098.387634,29,103.94013
-164394.459137,135,104.179225
-67554.056885,14,104.204943
-65925.14502,15,104.23187
-151912.892181,130,104.462639
-96029.560242,40,104.536442
-92756.357849,60,104.927912
-70665.413208,18,104.966809
-101415.049866,87,105.12943
-84257.927246,28,105.182288
-93571.263306,37,105.253981
-91922.469543,43,105.332829
-73796.407227,20,105.36862
-148566.129517,94,105.536041
-91992.91449,38,105.602864
-109262.765015,53,105.69615
-72074.170898,18,105.729062
-98029.701538,41,106.101912
-91443.809082,35,106.175834
-144906.835083,103,106.377334
-77992.455444,23,106.418579
-120262.463257,68,106.542251
-65034.594116,13,106.565191
-66696.578003,14,106.592366
-66097.396973,14,106.618296
-79728.329224,28,106.671155
-72454.973755,19,106.705991
-136928.807312,75,106.858582
-82254.488647,35,106.925404
-115521.267578,76,107.337034
-78168.96875,24,107.387897
-109426.607422,54,107.497832
-77016.788696,22,107.538723
-80337.838013,30,107.592531
-79209.901489,23,107.634419
-115518.637878,67,107.755099
-87731.490234,33,107.815359
-110369.499939,58,107.922104
-102548.424927,45,108.011373
-74293.202026,19,108.051267
-90767.923096,34,108.114099
-75487.522827,22,108.156984
-94380.881775,42,108.233997
-64372.092163,12,108.525996
-79033.812256,23,108.575863
-98522.837402,43,108.673601
-72514.072144,21,108.718698
-76480.949219,21,108.758591
-75940.655151,22,108.797876
-88297.016357,50,108.885643
-133863.488953,81,109.032205
-137432.79187,81,109.178975
-128038.647522,72,109.309949
-77474.630371,24,109.351838
-101710.072266,43,109.456426
-130948.210876,86,109.921419
-71673.482178,18,109.959318
-96460.219971,39,110.031203
-84568.36438,30,110.085219
-84599.831909,27,110.133091
-145271.270752,103,110.313609
-78424.605103,23,110.355501
-81214.717163,26,110.401378
-65661.234863,14,110.426311
-114458.784973,58,110.532029
-106452.119507,49,110.623225
-64353.716797,12,110.646165
-127347.183838,81,111.099272
-98317.288452,45,111.195288
-100775.841919,45,111.292194
-73950.921631,20,111.3293
-70304.918335,17,111.362212
-65227.272217,13,111.387122
-86416.354614,32,111.455114
-117646.108307,86,111.621792
-127768.703369,68,111.745565
-138105.159119,78,111.889209
-109401.602173,59,112.291558
-81506.664551,27,112.348558
-126821.37793,80,112.556004
-70684.05481,17,112.603391
-82984.750122,26,112.650265
-87635.042969,32,112.709108
-67024.076172,14,112.734041
-70226.558716,17,112.764343
-82423.595215,26,112.811246
-85649.643005,35,112.879067
-116913.376099,58,112.984616
-118300.669861,73,113.122104
-89237.745361,33,113.183943
-131091.076599,77,113.602939
-99649.088928,49,113.712396
-102156.698822,56,113.818543
-72659.371521,20,113.855502
-121835.346802,61,113.969785
-85367.937866,29,114.024538
-71565.676147,18,114.057451
-93037.837341,42,114.134757
-72431.777283,20,114.171257
-105717.758911,56,114.271333
-89680.9953,40,114.343222
-67782.694519,15,114.371143
-124328.188599,72,114.759489
-78256.185059,23,114.806238
-72015.835571,20,114.851119
-76626.814697,22,114.895001
-79096.519043,23,114.939881
-86227.993103,33,114.999159
-93603.770752,37,115.066092
-89114.672852,41,115.141889
-99091.493042,42,115.22471
-160900.564941,110,115.437524
-101811.56897,48,115.53327
-75535.716309,21,115.579149
-89601.331299,32,115.648962
-100454.213928,43,116.053881
-148457.050812,139,116.36488
-93434.015503,54,116.463913
-95523.711426,39,116.538205
-132394.572571,72,116.672846
-107327.556885,49,116.762605
-68244.399048,15,116.790531
-94103.228027,36,116.85835
-103588.229858,45,116.943709
-154118.593811,97,117.469024
-73779.474243,20,117.520886
-101075.699219,49,117.630594
-66119.981079,14,117.6655
-93569.911001,75,117.802601
-76129.748901,21,117.84009
-99306.728564,91,118.016621
-109709.793091,64,118.137196
-113596.372437,57,118.240435
-65249.394287,13,118.264373
-149611.82988,148,118.862731
-73740.855469,19,118.903622
-128389.644714,69,119.055217
-73334.674927,19,119.098102
-124712.38385,74,119.266652
-82190.443939,53,119.390326
-112313.632141,71,119.537538
-112676.974731,54,119.638785
-86883.711548,30,119.694637
-161795.116608,147,120.259812
-70934.320557,17,120.290729
-70293.05896,18,120.322354
-69099.135254,16,120.351951
-76512.434692,21,120.389849
-136821.040833,93,120.557523
-100459.539124,46,120.641698
-107536.02771,58,120.747685
-113741.996094,54,120.844933
-103572.014954,51,121.256356
-93214.362061,41,121.343123
-163011.827942,126,121.592457
-65588.016846,14,121.620382
-112409.312378,51,121.717123
-65568.789062,13,121.742057
-118204.387466,106,121.947507
-102629.073547,46,122.035273
-67990.87793,15,122.065193
-63275.960693,12,122.090127
-85890.012756,33,122.152959
-74331.212402,20,122.190377
-100860.919861,58,122.629827
-56599.157959,6,122.65476
-72286.918335,18,122.698661
-77225.309789,40,122.776453
-84990.241821,30,122.834298
-107864.838318,61,122.95099
-75620.795898,24,122.996867
-65224.614868,13,123.0218
-117155.924591,72,123.160698
-66854.750488,15,123.189621
-85339.692749,28,123.24248
-77142.78125,26,123.290351
-75216.761597,22,123.332239
-87264.949493,45,123.416015
-72527.882202,18,123.449925
-73159.453491,19,123.486826
-83023.187744,27,123.839044
-75978.189697,21,123.882925
-82598.212158,26,123.950434
-84522.73938,29,124.010274
-77082.217651,23,124.052162
-116710.073425,66,124.171853
-60399.824829,9,124.187811
-74045.11853,20,124.223715
-116707.957214,66,124.344519
-75492.213501,20,124.380843
-91537.036133,35,124.442191
-79038.315186,24,124.484584
-87874.104248,32,124.542954
-80027.955566,24,124.585372
-60477.767578,9,124.602327
-161670.966415,149,125.141829
-72381.825806,20,125.18272
-77905.206787,25,125.228598
-82228.961182,27,125.277467
-72554.970703,19,125.312375
-57814.831787,7,125.326337
-81641.554565,25,125.371249
-111704.867004,56,125.470985
-130454.36731,92,125.63825
-111020.151978,71,125.767754
-68243.380859,15,125.794681
-107844.06189,49,125.881875
-116144.584595,59,126.25421
-112874.567261,71,126.415022
-73441.129272,20,126.456534
-79298.645386,23,126.506192
-88899.905884,32,126.589968
-107742.411865,52,126.696341
-68544.74939,15,126.729326
-121449.584076,103,126.991498
-72526.993408,20,127.044173
-98927.90979,41,127.137694
-75043.028809,21,127.181576
-93890.169556,37,127.263288
-88702.264038,31,127.334099
-110870.026367,50,127.772964
-70847.678589,19,127.820837
-75906.808105,21,127.865407
-67555.452759,15,127.897321
-100498.213745,43,127.987885
-96235.238922,61,128.114991
-147914.64624,104,128.296293
-120720.210083,67,128.413347
-64076.782959,12,128.436287
-105570.257812,51,128.535183
-96324.501831,39,128.603006
-75926.065186,21,128.898941
-68191.612793,15,128.92986
-74623.101562,20,128.97377
-111038.444458,52,129.082115
-117172.202026,75,129.217249
-73151.275269,20,129.253177
-76703.398193,22,129.293046
-104722.06543,48,129.37882
-89672.445068,33,129.437011
-111539.811218,52,129.533881
-77078.270142,23,129.574178
-80476.297485,26,129.62068
-117912.074432,96,129.794547
-74871.994019,20,130.088904
-123109.249695,80,130.255152
-71421.672119,18,130.291055
-112471.234146,101,130.470367
-111927.516785,54,130.569954
-98784.069458,40,130.643675
-73360.55835,19,130.679579
-70806.864746,17,130.711033
-85582.694092,30,130.768878
-60230.814209,9,130.786831
-77386.995117,24,130.832539
-73290.515381,19,130.869441
-136140.182251,89,131.276085
-80471.588104,64,131.406928
-82375.61438,27,131.460819
-87450.556519,32,131.519356
-79262.856445,24,131.561894
-99925.537964,42,131.636284
-61549.540894,10,131.657228
-126987.515625,74,131.800928
-69569.398438,19,131.835183
-84967.783447,28,131.88804
-108732.288574,62,131.99945
-65820.57135,17,132.030368
-83344.949097,26,132.07522
-69456.787354,16,132.104021
-78052.144531,24,132.145916
-78724.688232,24,132.188802
-80998.701721,31,132.524038
-69991.007812,17,132.561938
-119631.140503,77,132.708805
-90846.423035,36,132.770662
-115164.454193,107,132.976335
-72077.365234,18,133.009879
-71105.813354,18,133.044331
-72806.387756,22,133.085325
-75244.09729,21,133.124001
-89739.20874,34,133.183736
-121286.130676,68,133.302818
-112501.30127,62,133.678285
-77848.40332,39,133.756397
-85206.134191,84,133.917965
-84332.383545,28,133.966834
-71336.786987,18,133.999775
-80029.891602,24,134.044724
-85084.142456,29,134.098145
-67637.480835,15,134.124366
-70937.279907,19,134.158606
-87218.845215,31,134.213915
-80537.8573,25,134.260034
-128231.288788,97,134.432327
-68414.742554,15,134.460256
-95428.997406,56,134.564005
-115693.094299,61,134.984226
-146315.957458,158,135.284447
-142428.013733,95,135.453974
-103320.945343,65,135.573845
-77913.701904,22,135.613318
-96770.083069,43,135.696016
-131296.82489,76,136.15116
-66688.537842,14,136.18108
-85366.172729,29,136.239924
-88611.740845,32,136.313726
-79419.390259,24,136.361132
-81470.761353,25,136.406013
-132441.386292,74,136.542677
-84040.208862,27,136.591084
-83412.850677,67,136.712759
-103608.430084,73,136.846089
-107926.643799,49,136.934825
-104456.383728,57,137.038863
-65752.822388,13,137.063797
-165476.072754,140,137.61593
-69316.782715,18,137.648956
-74698.64624,20,137.686856
-67983.074707,15,137.712787
-82348.524536,26,137.759786
-82667.742554,27,137.808656
-119976.3573,68,137.943692
-119177.887695,67,138.071213
-99818.519775,45,138.152158
-105494.661743,56,138.250926
-90320.744141,35,138.587555
-92952.829956,42,138.672832
-84760.602539,29,138.732672
-67811.889648,15,138.761595
-86302.320557,31,138.817448
-80043.412903,34,138.875916
-74173.306396,20,138.910823
-60611.629028,10,138.928315
-99598.374329,45,139.006989
-80304.422485,24,139.051875
-78303.248962,26,139.099767
-97515.077919,80,139.242414
-61694.066895,10,139.260365
-74586.619507,21,139.297266
-66316.473633,13,139.320712
-69902.146912,18,139.352765
-81296.529053,26,139.397645
-64339.703979,12,139.418617
-71687.272705,18,139.450507
-67006.310059,14,139.476438
-131625.760193,76,139.896176
-91911.318604,35,139.964992
-81334.67395,27,140.011871
-74209.734436,22,140.05378
-104548.653259,47,140.141072
-90745.724731,40,140.214177
-76053.497314,22,140.253072
-80984.627075,25,140.298035
-74380.19342,22,140.338278
-74506.005188,23,140.379708
-65525.858521,14,140.406636
-80819.681763,26,140.453513
-72520.139526,19,140.489417
-76426.84375,22,140.530481
-90051.492188,33,140.59132
-125076.348495,76,140.996888
-71942.004517,22,141.042924
-76452.609253,23,141.0908
-86991.164795,33,141.156958
-109021.733765,95,141.32812
-135704.856781,103,141.511788
-87592.255127,33,141.57371
-78209.870361,23,141.615117
-131323.547546,103,141.800798
-81681.038452,26,141.847276
-76980.00769,23,142.163435
-93298.584381,62,142.291979
-106162.328735,51,142.390714
-107813.631836,61,142.50043
-138727.001282,93,142.665839
-100593.042053,42,142.742758
-68182.670166,57,142.845146
-116761.393677,57,142.947492
-65053.378906,13,142.970456
-81705.458252,26,143.026313
-79751.441895,24,143.075863
-94373.972839,50,143.440833
-137754.914825,94,143.621879
-128260.798615,101,143.798358
-106688.830978,100,143.977836
-99163.522339,42,144.054322
-73758.045288,20,144.089229
-98015.791534,60,144.195076
-59029.49585,8,144.211036
-113115.373749,72,144.594845
-110656.675631,119,144.816879
-68329.146332,23,144.857492
-74628.932983,20,144.893221
-80114.490295,33,144.953056
-76601.849854,23,144.993969
-73039.441162,19,145.028874
-67130.021484,16,145.05875
-73067.706299,19,145.093876
-89690.399536,47,145.178683
-95940.592102,42,145.255676
-82613.547363,26,145.311036
-94601.788391,44,145.387887
-112676.111328,62,145.783576
-90445.50647,44,145.874962
-90169.350952,47,145.961051
-76892.244141,22,145.999946
-72544.409485,21,146.038842
-84469.577026,33,146.098887
-84523.041565,35,146.160722
-79495.394775,30,146.213445
-72847.526733,19,146.246937
-95585.193146,65,146.361854
-80287.307922,28,146.410243
-83741.440674,27,146.458332
-74188.106689,21,146.496387
-79666.277222,25,146.54285
-74507.046631,20,146.579358
-118459.932251,68,146.994567
-92260.396606,34,147.066374
-77439.117188,23,147.114247
-72577.70459,19,147.148643
-80327.0,25,147.193523
-107645.310852,53,147.285308
-95239.585327,38,147.352552
-101349.245239,46,147.431766
-60458.687378,9,147.448548
-63867.651733,12,147.470763
-68522.817749,16,147.499655
-67636.660034,15,147.526436
-72284.874573,20,147.56275
-75303.423706,21,147.599348
-158101.651154,181,148.217314
-87646.580078,33,148.284124
-78030.341797,24,148.330328
-88914.724976,35,148.395925
-108884.899414,67,148.515484
-104817.59314,63,148.633696
-120607.534302,77,148.76863
-92467.120605,35,148.829986
-143410.538696,95,148.994815
-86475.152138,87,149.442743
-62102.545166,11,149.466125
-71193.34375,18,149.503706
-136782.074341,81,149.65159
-159689.084778,114,149.856948
-111904.722046,55,149.954258
-127924.160645,72,150.078925
-117633.440369,69,150.198633
-172063.949295,132,150.757041
-106935.709778,63,150.868742
-83002.150269,26,150.916474
-74451.010132,20,150.952378
-87094.038025,33,151.01208
-89527.81749,63,151.125913
-101240.394775,46,151.208273
-75737.146362,21,151.247685
-84774.382202,30,151.300545
-115299.013916,69,151.427204
-80569.771362,25,151.731795
-106091.384766,57,151.852237
-130741.29187,74,151.989575
-104250.176308,61,152.095737
-120596.696228,68,152.214132
-86263.62384,40,152.283485
-81122.24707,27,152.331875
-67669.94342,18,152.362792
-104286.325409,57,152.462051
-118306.211121,68,152.587808
-88825.33756,88,153.016733
-74227.603149,20,153.05862
-126343.335938,65,153.174327
-98665.843079,55,153.280973
-92405.917297,49,153.368812
-81496.828979,26,153.415851
-73150.570923,19,153.450758
-114965.858154,67,153.57244
-70560.666138,17,153.601344
-82542.831543,28,153.651215
-122400.602295,63,153.764251
-118630.038025,61,154.165245
-76924.595787,58,154.283438
-90258.475098,35,154.345525
-79813.379211,26,154.392996
-159873.533325,127,154.621342
-78641.891235,25,154.668737
-80248.067505,29,154.720598
-74049.706543,25,154.765478
-98520.581604,50,154.854337
-74337.273438,21,154.892236
-127345.081299,83,155.306732
-109916.952179,66,155.441388
-83904.122345,42,155.519688
-93585.758789,42,155.594733
-66826.373413,14,155.619602
-74903.240601,27,155.666592
-83848.727234,30,155.720088
-96177.49231,38,155.787422
-97757.35128,63,155.900842
-82638.713745,27,155.950022
-86342.644531,29,156.001912
-66581.633789,14,156.027984
-66685.70519,48,156.111559
-70080.062988,18,156.143474
-89030.317871,49,156.505579
-61637.459106,10,156.52752
-127331.495222,120,156.752922
-78495.080006,71,156.876908
-78293.692017,23,156.918798
-88545.097717,46,157.00058
-95910.651779,78,157.142237
-68455.307312,17,157.173155
-143600.886566,133,157.686847
-71385.501587,19,157.727739
-119462.788574,65,157.858392
-64373.515503,12,157.880333
-79711.547363,24,157.924218
-63062.606689,11,157.944163
-83290.086792,29,157.997021
-80958.313403,71,158.12571
-65745.805908,14,158.150644
-72876.971558,21,158.189793
-117714.950165,89,158.357514
-90277.845093,33,158.423337
-86928.912231,34,158.486173
-101492.190308,46,158.573501
-88573.660522,33,158.902727
-75336.100525,24,158.952595
-75002.068848,21,158.994998
-92094.410156,42,159.074786
-85146.201538,29,159.125787
-86237.956787,31,159.181067
-87709.677612,56,159.27937
-120176.87912,86,159.428991
-109926.408997,70,159.56762
-77977.875183,28,159.617486
-111393.083557,63,159.732689
-116476.857178,62,160.13163
-99054.157715,41,160.216863
-131404.971375,85,160.375849
-78670.492676,25,160.421726
-79162.371826,25,160.49453
-103900.771057,56,160.751097
-81699.302022,73,160.88913
-133262.20813,96,161.092128
-77063.340576,22,161.131739
-103289.075134,49,161.478785
-113911.844879,85,161.6559
-95222.144836,41,161.729702
-90176.971619,34,161.790768
-68933.219116,17,161.821687
-92703.533051,45,161.902506
-83331.176636,28,161.952055
-83335.842285,27,162.002896
-81794.84082,27,162.051389
-80556.903809,32,162.110233
-119803.611328,62,162.221183
-96912.755615,39,162.291682
-79600.187805,27,162.340792
-75341.903198,31,162.716528
-87239.345581,31,162.797625
-85124.957336,31,162.872052
-124393.234497,71,163.007697
-92408.999939,39,163.078969
-92530.713623,35,163.143749
-86591.548889,34,163.208569
-98182.559692,43,163.305689
-83032.301147,30,163.363364
-95595.115906,51,163.480297
-102505.545044,45,163.568592
-64890.200562,13,163.596975
-147801.058167,110,164.165626
-102589.759766,47,164.291727
-81881.950806,28,164.351566
-127349.57283,113,164.578726
-141199.072021,91,164.754905
-86152.963623,29,164.819731
-78827.905029,24,164.863476
-90767.873413,34,164.925573
-84372.263306,28,164.976436
-63971.515259,12,164.998377
-59168.265503,8,165.013853
-76545.358887,22,165.055974
-73779.359131,20,165.092874
-87961.319702,33,165.398585
-91998.812927,43,165.485353
-92001.883423,35,165.555497
-150715.510132,108,165.745075
-91836.398865,44,165.823611
-109039.07251,56,165.925747
-58970.460938,8,165.939823
-102485.266785,49,166.030697
-75741.92334,22,166.071001
-83461.165527,28,166.119396
-84970.977173,29,166.170174
-90752.930908,34,166.231584
-93841.910522,42,166.599195
-91767.269592,42,166.689044
-89017.477417,31,166.751433
-80113.230408,36,166.815699
-80174.709106,25,166.860961
-117835.483612,72,166.991946
-79787.160645,27,167.039403
-80976.610229,24,167.083285
-86146.463196,33,167.141905
-74153.030884,21,167.178838
-104989.098267,50,167.268568
-61356.376343,10,167.286519
-132570.311646,73,167.418698
-128818.757812,95,167.86165
-111385.040771,59,167.976344
-90527.246979,44,168.059971
-65314.696533,13,168.08691
-127464.193909,73,168.228113
-71898.625122,18,168.262613
-80878.309448,26,168.310943
-99274.62677,44,168.391159
-70225.172363,17,168.422597
-84721.125854,28,168.475456
-86069.51001,34,168.540724
-120760.186646,60,168.649538
-80311.631348,25,168.961778
-94847.326172,40,169.049178
-90327.999817,36,169.129491
-86564.397156,50,169.221246
-77720.623291,23,169.286582
-124308.557068,79,169.463921
-154748.475353,163,169.833027
-80882.981812,26,169.885881
-100900.671509,45,169.97604
-72302.078369,18,170.010497
-91632.229248,37,170.408269
-74027.187256,21,170.459641
-65573.180786,13,170.491556
-87210.625732,32,170.573581
-87253.88269,31,170.639425
-69408.284058,16,170.675329
-79910.513794,28,170.739467
-82891.400757,27,170.800384
-116603.463257,57,170.931065
-66847.056763,15,170.963976
-94114.132202,44,171.05073
-79965.682983,25,171.094516
-119994.583221,91,171.255974
-77234.550659,23,171.296418
-68831.135468,21,171.334317
-81794.255737,26,171.388756
-97996.832642,53,171.765844
-70569.867065,17,171.803298
-77399.907349,23,171.852166
-78551.258057,24,171.898614
-104547.04718,52,171.991366
-112515.189148,59,172.098073
-64434.620605,12,172.120011
-90783.401123,35,172.183816
-102712.613525,44,172.263606
-130050.89447,75,172.398482
-70688.714172,20,172.434358
-70731.001465,18,172.468267
-66689.950195,15,172.496711
-71812.021729,18,172.531617
-82219.087402,26,172.580145
-127942.188171,69,173.00969
-70577.802368,18,173.053572
-70772.497192,19,173.094463
-73470.269287,19,173.128348
-117459.277527,71,173.255402
-88793.551086,34,173.315241
-126600.519531,127,173.554115
-67988.407349,15,173.58232
-63326.079224,12,173.606257
-86767.144562,72,173.740087
-85326.625183,30,173.793989
-111535.313538,71,174.22894
-76146.102173,22,174.277809
-78476.326111,26,174.336958
-102998.896545,46,174.420733
-83034.228149,27,174.467608
-98700.900146,41,174.541411
-105622.205017,49,174.629831
-201234.083679,228,175.045451
-86450.055176,30,175.368794
-81088.318359,25,175.419232
-75770.362061,21,175.461755
-74910.46106,20,175.503642
-110932.12883,74,175.63927
-79977.124023,24,175.682924
-84546.080811,30,175.735849
-94417.151672,45,175.817117
-71741.630005,18,175.851027
-70800.088623,17,175.881974
-135319.005249,90,176.053273
-93047.976196,44,176.13398
-79125.942017,24,176.177863
-73118.353027,20,176.212527
-72605.494751,20,176.24843
-81426.072083,30,176.555751
-66336.05188,14,176.58567
-69645.425537,16,176.619585
-70803.916382,18,176.660981
-84296.031372,28,176.718468
-76989.473694,26,176.765342
-65424.466519,40,176.836031
-64992.458618,13,176.85897
-86310.050903,30,176.911369
-79440.925415,27,176.95924
-76989.97876,22,177.001237
-77035.95459,22,177.044122
-124981.290955,113,177.24627
-74869.237154,63,177.356143
-76305.523438,36,177.423575
-80666.741089,24,177.732921
-77901.614746,23,177.782788
-121681.779938,84,177.949857
-130336.150391,82,178.098423
-99200.012299,64,178.21342
-108045.447021,56,178.326732
-75830.262329,21,178.366622
-70096.967773,17,178.396542
-77644.311096,29,178.446848
-75926.360352,23,178.488735
-85729.820923,29,178.554589
-110008.567383,60,178.663857
-77034.358032,22,178.97057
-78633.417847,24,179.021827
-103075.344986,65,179.158891
-69876.311301,47,179.241048
-93760.011597,63,179.35725
-71164.852173,18,179.391186
-66151.903137,18,179.425068
-81342.791809,29,179.478925
-117560.223206,75,179.623221
-82460.236725,38,179.692037
-78422.805664,25,179.736917
-63943.106567,12,179.759856
-83915.373657,27,179.808542
-139283.825195,94,180.253589
-126187.288025,68,180.401297
-73024.951904,19,180.436441
-65143.188599,17,180.467358
-69348.820635,51,180.561136
-66923.764648,14,180.588091
-94722.777161,39,180.658874
-81092.773804,26,180.709933
-119214.110088,97,180.896464
-78262.409302,24,180.940373
-80154.130493,25,180.987659
-96633.823792,45,181.07083
-82582.372803,30,181.411682
-73961.797485,20,181.457559
-65906.626343,14,181.488477
-101618.389709,49,181.597599
-84583.225159,39,181.669735
-115424.587738,93,181.847321
-83016.533081,28,181.901179
-134144.747253,76,182.047085
-159319.982513,113,182.272899
-107177.121239,88,182.739844
-65365.914062,13,182.770761
-80707.56189,25,182.829529
-101962.476257,60,182.958185
-61809.615662,11,182.981124
-63049.13678,14,183.009287
-92645.049568,98,183.200304
-118026.586945,81,183.358217
-99785.329407,54,183.459264
-74895.746826,21,183.505513
-102479.063904,48,183.595273
-92094.541656,93,184.063308
-70804.60022,17,184.098241
-108127.835526,94,184.275153
-120520.984802,102,184.461346
-81791.901123,25,184.510319
-80059.970947,26,184.564199
-83719.36853,27,184.612883
-72012.313232,18,184.646823
-72618.799561,18,184.681239
-69517.413574,18,184.716044
-123005.947632,109,184.915954
-76086.298706,21,185.229251
-71104.707764,18,185.268689
-92844.072388,37,185.348198
-112076.303101,78,185.498812
-101246.659729,48,185.587208
-198166.069824,197,185.941751
-72376.992126,21,185.982314
-102913.599487,48,186.071085
-63997.522949,12,186.093534
-95619.557739,37,186.450929
-122472.893311,66,186.591076
-91712.15213,56,186.699295
-75153.069824,20,186.738159
-71272.643555,18,186.77162
-84901.200195,29,186.824479
-73901.677979,20,186.861381
-151492.568619,163,187.157342
-67620.664917,15,187.183588
-92644.711304,37,187.249437
-93340.832245,60,187.356485
-70833.887573,17,187.642429
-101511.437347,65,187.775785
-97320.487732,43,187.857278
-66310.953491,15,187.88321
-77063.552612,23,187.925098
-73387.933105,19,187.960006
-75432.580078,21,187.997863
-85496.219788,34,188.060241
-104945.194336,60,188.169771
-64074.448608,13,188.193732
-70210.687958,24,188.240386
-111410.273163,65,188.358046
-144845.09137,89,188.523766
-102128.562317,51,188.922752
-125364.044739,69,189.066368
-105892.339539,51,189.156107
-72409.744202,21,189.19448
-86636.852539,32,189.251324
-95628.13913,57,189.355567
-94026.987122,38,189.426816
-101554.58374,49,189.514168
-106559.515991,52,189.610193
-65467.118042,13,189.635434
-164603.437042,139,190.170288
-76861.660889,22,190.219157
-110665.166077,54,190.321882
-100107.630249,49,190.413738
-75142.800537,24,190.459459
-111814.960388,77,190.612363
-74586.035645,20,190.649265
-86595.909668,30,190.703127
-102325.391754,77,190.846571
-112781.654724,59,190.956472
-80614.540344,26,191.005708
-66256.785645,14,191.323202
-85669.617126,43,191.411965
-83596.99231,28,191.468813
-76941.970337,22,191.51256
-100584.788574,51,191.602121
-107998.574173,93,191.783333
-56479.165771,6,191.795452
-83623.736816,28,191.847313
-250613.40213,208,192.240848
-98664.44574,50,192.611299
-93813.138428,36,192.691086
-95333.059509,43,192.773232
-102281.420471,52,192.872323
-112039.821472,59,192.981066
-88871.557739,54,193.081277
-256030.291502,216,193.462514
-119584.504913,76,193.878115
-124479.774292,76,194.02809
-128501.879761,72,194.158522
-84953.404846,34,194.218878
-91298.528687,58,194.330396
-91486.946533,34,194.393191
-75508.547119,21,194.430087
-80817.148911,40,194.503112
-94555.472473,41,194.579415
-82620.047791,30,194.63478
-79008.965271,26,194.953105
-106724.85791,51,195.063229
-83121.052994,46,195.160475
-106420.268097,72,195.292156
-114929.449158,91,195.460191
-91894.751465,44,195.540365
-78769.732056,25,195.585242
-131280.186829,115,195.789019
-96229.429443,40,195.86482
-70737.529663,17,196.165957
-70298.006226,18,196.20602
-158966.263489,148,196.494103
-131885.626896,115,196.700175
-128789.769531,74,196.834776
-67176.526367,14,196.864697
-94070.263306,66,196.990864
-105875.1698,51,197.08457
-69459.258545,16,197.372824
-75855.057861,28,197.431667
-88382.262238,88,197.611845
-82866.970337,27,197.660693
-79207.918091,24,197.705647
-76624.280518,24,197.748532
-60316.420471,10,197.768479
-75216.100037,27,197.817348
-73649.710815,19,197.85425
-79253.085205,26,197.901124
-79806.845398,27,197.954009
-89946.833252,33,198.018814
-96121.051941,54,198.118553
-95700.881012,59,198.236242
-68422.694092,16,198.265164
-107469.502686,60,198.647177
-142541.877258,88,198.821246
-79312.03772,23,198.862827
-92034.64209,40,198.942614
-76940.184204,23,198.984502
-113332.474243,58,199.095206
-70694.680176,18,199.128117
-86208.054199,31,199.184966
-67978.608215,17,199.215886
-127599.966675,101,199.400903
-113085.072205,70,199.52839
-71353.855103,20,199.840241
-86278.60733,43,199.930001
-63419.855408,13,199.956929
-68159.377686,20,199.99782
-79616.810547,24,200.041705
-110908.578552,54,200.14258
-65441.951294,13,200.16851
-83053.55426,30,200.227354
-119813.990433,92,200.398741
-74485.286255,21,200.437358
-71373.182861,29,200.495204
-85622.026306,33,200.55606
-104158.608398,46,200.638931
-66765.94519,14,200.663511
-82052.620728,30,200.719362
-106451.702698,60,201.111538
-68612.300903,16,201.145447
-108667.161987,62,201.265617
-117599.989502,84,201.417531
-142894.892395,101,201.607584
-120531.368934,83,201.765859
-141242.474548,94,201.932895
-81014.246948,26,202.262427
-61788.172363,10,202.293344
-121695.712463,100,202.488774
-64835.636963,13,202.51271
-98869.406082,82,202.664305
-79096.060745,62,202.778075
-64366.974976,12,202.80201
-119648.468567,100,202.980322
-83495.888184,49,203.067554
-70587.202637,17,203.098123
-68490.616699,16,203.127047
-70652.623901,17,203.158572
-75951.127808,22,203.468975
-157625.923615,116,203.698909
-138948.623596,101,203.882714
-105993.106842,62,203.99582
-80347.7677,26,204.043881
-87598.047852,35,204.105678
-104643.9841,68,204.226362
-98613.757446,64,204.337382
-81569.066406,28,204.649074
-92779.250122,39,204.730362
-143155.018524,122,204.988754
-88793.030151,33,205.048167
-87177.63324,44,205.124413
-100556.437592,54,205.238261
-64857.417175,15,205.271174
-95752.677635,70,205.407998
-80634.738953,39,205.477972
-135677.641296,80,205.899387
-110216.435608,62,206.02737
-72796.495483,19,206.06777
-75307.182129,26,206.119579
-78654.064972,51,206.211434
-78123.634155,23,206.252337
-118661.639282,60,206.361807
-90886.429364,62,206.486473
-69215.052979,16,206.518388
-75313.125916,30,206.577301
-109151.963684,53,206.679785
-80795.429531,56,206.788774
-68871.679077,16,206.820692
-110011.763977,61,207.218015
-85533.295097,66,207.349727
-66321.983521,14,207.375626
-75224.563599,22,207.415256
-70512.799561,17,207.446834
-80740.398682,25,207.493405
-80202.862793,27,207.542025
-103833.245422,53,207.636918
-85407.786743,29,207.690645
-105986.368271,126,207.921954
-101402.12384,50,208.023988
-102446.466064,44,208.389025
-108121.964783,53,208.497768
-139843.661377,92,208.665527
-216635.884583,180,208.991111
-64957.052338,17,209.023595
-62981.613647,14,209.049527
-121163.694092,86,209.203754
-95603.28186,44,209.283703
-108398.940399,78,209.727272
-107086.693115,54,209.828002
-88355.83551,36,209.89811
-83809.26709,31,209.959944
-77217.136597,28,210.014318
-73696.484497,20,210.053545
-94885.910828,55,210.156888
-94603.951782,38,210.228696
-65318.030762,13,210.254627
-149345.921112,121,210.475038
-69115.424215,38,210.828405
-144491.567932,120,211.070132
-107027.103333,59,211.181341
-80709.12854,26,211.229338
-99015.362183,52,211.324593
-84052.160156,28,211.376455
-73876.733032,22,211.417298
-101644.166321,67,211.542938
-95673.651733,44,211.628217
-64773.219604,13,211.65315
-101096.726868,95,212.151636
-67268.205078,15,212.186049
-87667.903168,41,212.27581
-96005.873825,71,212.412184
-78592.52832,24,212.460055
-112766.482544,62,212.583725
-110951.606606,84,212.74796
-76465.751465,22,212.791061
-68093.38798,50,212.889276
-59003.230469,9,212.90623
-65509.175842,17,212.939142
-95217.039551,47,213.0309
-78140.46167,23,213.07578
-89539.961426,34,213.448844
-80025.718506,25,213.504142
-64051.643311,12,213.533065
-112980.141083,90,213.705929
-66889.873962,15,213.732856
-98895.450317,80,213.880312
-74933.296143,20,213.915828
-76876.516574,69,214.071846
-98488.969421,55,214.173064
-66941.067993,15,214.202012
-66894.877319,15,214.227918
-96925.263229,92,214.651662
-57865.655396,7,214.66905
-102669.2771,49,214.768496
-75594.940552,23,214.816368
-96522.670471,43,214.891168
-70258.987427,16,214.921088
-82827.339539,32,214.977624
-132016.050251,122,215.199435
-70454.782104,18,215.233345
-218080.910641,137,215.476885
-149586.813818,138,216.010145
-72041.982788,18,216.042644
-68041.563354,15,216.068794
-73805.07074,22,216.108949
-77935.626038,25,216.152894
-94275.357666,39,216.220892
-470830.427006,235,216.631849
-112847.1073,61,217.035768
-61804.970947,10,217.058706
-116196.463058,149,217.353154
-90997.571716,43,217.432239
-62131.023804,12,217.455176
-75679.02774,32,217.516039
-76785.587921,35,217.58125
-68723.817505,16,217.61117
-98991.304718,62,217.726369
-93905.311401,42,217.805162
-74789.249268,22,217.851711
-99107.70282,46,217.968113
-87064.541748,30,218.299041
-90306.545898,38,218.38182
-63155.786499,11,218.405755
-88616.57196,43,218.49053
-77341.1427,28,218.541394
-86264.126526,61,218.64784
-119094.563171,64,218.763531
-61076.14917,10,218.781483
-102257.999207,49,218.871752
-83954.719971,28,218.926117
-92214.539551,38,218.993943
-75471.767761,26,219.040818
-113042.413399,108,219.536896
-96687.941528,54,219.649715
-120055.705627,76,219.794335
-86697.255737,29,219.847194
-99839.965759,44,219.929005
-96381.049566,96,220.105072
-97792.956543,43,220.180989
-76102.336487,23,220.221879
-85315.534851,35,220.282717
-72744.959656,22,220.32146
-113731.880981,89,220.770523
-121178.514435,79,220.930808
-81727.359741,26,220.977423
-117490.175293,70,221.106061
-89903.616928,53,221.199575
-83128.818183,81,221.369159
-69063.08783,17,221.400366
-97696.335175,52,221.512181
-66740.262085,14,221.539111
-82560.651001,30,221.595531
-102608.737946,65,221.98205
-100035.786377,45,222.088783
-83315.16626,28,222.145631
-77053.376831,23,222.188309
-78239.932434,26,222.237554
-86968.577515,37,222.306535
-90075.157227,32,222.365946
-72717.69751,19,222.400827
-79054.551025,25,222.448699
-82680.831726,44,222.534984
-87203.101074,38,222.606059
-89345.620667,37,222.674876
-75459.675537,21,222.721757
-68705.202576,21,222.761621
-143569.195618,95,223.239343
-80133.795898,29,223.298185
-82467.694092,27,223.351602
-86425.082642,45,223.436893
-92401.326294,77,223.571288
-71323.509644,18,223.603295
-116346.071248,111,223.804197
-97508.952026,39,223.872247
-92021.081055,35,223.934058
-75811.281982,22,223.972954
-63783.872131,14,223.998884
-68181.478989,44,224.078219
-273895.655075,201,224.726226
-74803.263611,23,224.768112
-100130.606094,74,224.89838
-88241.2948,33,224.956198
-84338.982605,41,225.029291
-70858.671387,18,225.061233
-67544.041138,15,225.087164
-73994.844727,20,225.123303
-75118.10376,21,225.159204
-64080.862793,12,225.180148
-99034.93042,54,225.274996
-64635.574097,14,225.300926
-86103.481995,35,225.649362
-192665.272211,185,225.992033
-74312.062622,20,226.027937
-76475.948059,27,226.075809
-87183.25354,36,226.150492
-71055.710693,17,226.195372
-84486.665161,29,226.269174
-77896.595703,22,226.32104
-97039.618896,48,226.449695
-81068.239156,50,226.542981
-56263.80542,6,226.553952
-69922.247192,18,226.587408
-63641.372803,14,226.886081
-75492.049194,24,226.939445
-76482.347595,28,226.99729
-66996.578003,16,227.033194
-104907.597229,78,227.176308
-94663.688629,55,227.271891
-90778.357788,36,227.335752
-82143.527466,27,227.384621
-64049.007324,12,227.405564
-114503.400574,61,227.513669
-85620.681763,31,227.568523
-96766.16214,50,227.655914
-77432.824951,22,227.696679
-69405.122437,16,227.724606
-67419.404175,15,227.753527
-104133.244751,71,228.196456
-93908.159302,38,228.27313
-86707.359564,87,228.428241
-78951.870422,25,228.472125
-84292.60376,36,228.537949
-94536.08429,40,228.606596
-68316.101867,44,228.685219
-78618.697144,23,228.727107
-87391.888428,31,228.784056
-66487.433228,14,228.808989
-134015.766388,115,229.280865
-116492.505302,82,229.445951
-96896.193489,105,229.632936
-75038.24585,20,229.669838
-79348.876221,33,229.728173
-80291.609131,25,229.776045
-69671.832153,21,229.816693
-100654.343395,87,229.970298
-109132.471375,69,230.089945
-103355.445068,61,230.463055
-68315.340332,16,230.496369
-73457.438477,20,230.538762
-62381.206177,11,230.561701
-76305.800171,25,230.611079
-68910.959717,16,230.643991
-73522.37207,19,230.679894
-121538.516296,79,230.820495
-103327.790955,46,230.903645
-93768.039948,52,230.997401
-74376.856766,40,231.070206
-91010.833624,76,231.205834
-77259.412903,23,231.248741
-117485.476334,134,231.765826
-70360.052856,19,231.804721
-89501.89427,74,231.93635
-90563.305908,37,232.000578
-69539.418219,53,232.092487
-78514.730469,25,232.135384
-70652.012085,18,232.167322
-69923.381531,24,232.210307
-62975.876221,11,232.229258
-82687.834595,26,232.276132
-68864.853149,16,232.304325
-112997.949341,66,232.421071
-97878.992584,65,232.541671
-61916.996887,13,232.821999
-72565.139747,63,232.952666
-122283.805847,84,233.109254
-85057.961426,29,233.160118
-106711.615952,108,233.363714
-75473.61438,22,233.403606
-96266.585602,77,233.541747
-71145.823808,46,233.624331
-64693.508545,13,233.648267
-76129.337036,30,233.703704
-72289.73938,19,233.735618
-61771.63562,11,234.036639
-95393.958801,51,234.138118
-91073.099564,82,234.289631
-77051.76001,23,234.330043
-88598.953491,49,234.415832
-108763.203918,53,234.507587
-82091.691902,44,234.589368
-104631.005539,98,234.765743
-87471.563393,58,234.868404
-83263.68103,29,234.922756
-100836.979706,68,235.325993
-62167.921631,11,235.349929
-77089.855896,25,235.398587
-85414.943604,30,235.450449
-69356.370605,16,235.478374
-78991.430908,23,235.521046
-107874.274384,78,235.65791
-90269.308487,70,235.784152
-61708.477051,10,235.802349
-93300.768738,41,235.875157
-77165.189453,22,235.913838
-105477.467773,55,236.010579
-75629.213623,23,236.051469
-152916.403961,127,236.577759
-78308.697788,71,236.705573
-75658.932251,23,236.746463
-88559.945557,39,236.816854
-66749.136536,25,236.862796
-76585.799316,23,236.902689
-206621.537613,163,237.186713
-88320.565796,32,237.244561
-76416.90094,25,237.287954
-73857.831963,76,237.690498
-77558.759949,26,237.745142
-67217.194641,23,237.78808
-67778.226685,15,237.816005
-71376.719482,18,237.848916
-95061.494751,41,237.923742
-87905.001152,55,238.024619
-68606.231323,16,238.054539
-91657.470857,81,238.207466
-98626.524414,57,238.311188
-63025.829468,11,238.33712
-90604.91333,39,238.42289
-90220.313293,37,238.49373
-74995.299683,21,238.855283
-73801.910034,20,238.899166
-78828.236145,34,238.977956
-68749.642151,18,239.026676
-74328.279663,20,239.069561
-89787.953003,32,239.140376
-90399.508301,40,239.232148
-81748.954269,48,239.331341
-62602.911865,11,239.355277
-90053.045197,55,239.470912
-69615.392456,16,239.508243
-66544.653564,14,239.54484
-96794.055786,40,239.645677
-82603.542114,28,239.712371
-82227.40863,39,239.800613
-72741.569641,21,239.847488
-91479.461125,64,240.292231
-63090.823116,40,240.389772
-72984.553162,21,240.44263
-69481.189209,19,240.483521
-75961.502686,22,240.530799
-105705.546692,49,240.637708
-326631.058773,171,240.946346
-80326.464539,29,240.997558
-80485.509949,32,241.055403
-76928.491333,24,241.096738
-153007.747162,134,241.635935
-79014.559128,35,241.707758
-73970.78479,32,241.767598
-76657.366821,22,241.808536
-75759.984619,21,241.847433
-79618.227783,24,241.89624
-93390.982056,38,241.97104
-73124.174805,20,242.007507
-92273.604843,67,242.126189
-60112.55957,10,242.144141
-68502.326355,21,242.182041
-100629.220764,50,242.270803
-70743.762329,17,242.30172
-68644.24292,16,242.33164
-64875.080444,13,242.355577
-75775.40918,25,242.401469
-158699.318687,177,243.030338
-129685.985941,138,243.304643
-102464.087646,57,243.423416
-69715.482406,44,243.524147
-73306.516167,33,243.612123
-82407.911865,28,243.670967
-74137.397095,20,243.71114
-67788.817505,15,243.742058
-59096.392578,8,243.76001
-84513.495789,36,244.153459
-70850.464905,18,244.199225
-59617.571594,10,244.223161
-60075.047302,10,244.248094
-79032.263672,24,244.305016
-148406.910805,131,244.58493
-76795.946339,49,244.6905
-63778.545471,16,244.725408
-94327.921326,45,244.820344
-82838.072311,73,244.959409
-77144.845154,34,245.021993
-87505.385681,34,245.083828
-79998.407959,25,245.128832
-84243.166382,29,245.45111
-102587.550049,47,245.551287
-60151.91687,9,245.570236
-108426.843761,124,245.79442
-211243.626068,128,246.021826
-76199.666382,24,246.063699
-62131.248016,15,246.091627
-63023.841034,22,246.13018
-67076.849731,15,246.156304
-93739.318115,40,246.226117
-65803.432007,14,246.25105
