#{"t_start": 1686009102.6132674, "env_id": null}
r,l,t
4999978.0,5,1.770656
4999958.0,9,1.788581
-5000151.0,31,1.847453
-5000253.0,51,1.937243
4999925.0,16,1.966166
-5000315.0,64,2.082507
-5000097.0,20,2.117413
-5000159.0,32,2.174261
4999920.0,17,2.204213
-5000197.0,40,2.276039
-5000164.0,33,2.336458
4999937.0,13,2.360396
-5000155.0,32,2.416798
-5000376.0,76,2.552607
4999805.0,40,2.625388
4999866.0,27,2.673261
-5000152.0,31,2.744076
4999812.0,38,2.812068
-5000308.0,62,2.921863
-5000109.0,22,2.970213
-5000186.0,38,3.039374
-5000129.0,26,3.087184
-5000194.0,39,3.158712
4999778.0,45,3.240648
-5000131.0,27,3.291014
4999844.0,32,3.349496
-5000176.0,36,3.415325
-5000410.0,83,3.56902
-5000165.0,34,3.631992
4999811.0,38,3.700808
-5000317.0,64,3.817262
-5000121.0,25,3.864136
-5000139.0,28,3.915997
-5000209.0,42,3.991797
-5000135.0,28,4.042836
4999815.0,38,4.110612
4999792.0,42,4.18641
-5000897.0,180,4.503867
4999904.0,20,4.540336
-5000214.0,43,4.622118
4999769.0,47,4.720853
-5000124.0,25,4.76923
4999762.0,48,4.858338
-5000376.0,76,4.994634
4999936.0,13,5.019087
4999834.0,34,5.080884
-5000139.0,28,5.131748
-5000131.0,27,5.178623
-5000157.0,32,5.234728
-5000159.0,32,5.293543
-5000161.0,33,5.351387
-5000147.0,30,5.408236
-5000456.0,92,6.480619
4999831.0,34,6.551082
4999900.0,21,6.594965
4999822.0,36,6.660328
4999895.0,22,6.698879
-5000660.0,133,6.936094
-5000100.0,21,6.975969
-5000461.0,93,7.14204
4999817.0,37,7.207864
-5000370.0,75,7.34153
4999872.0,26,7.388382
-5000213.0,43,7.465176
4999769.0,47,7.550478
-5000065.0,14,7.575413
4999877.0,25,7.620291
-5001877.0,376,8.283255
-5000139.0,28,8.332157
-5000148.0,30,8.385703
-5000152.0,31,8.44109
4999731.0,54,8.537789
-5000132.0,27,8.585662
-5000141.0,29,8.637123
-5000166.0,34,8.697938
4999749.0,51,8.788233
-5000244.0,49,8.876074
4999876.0,25,8.920953
4999915.0,18,8.952868
-5000283.0,57,9.055316
-5000249.0,50,9.148664
-5000156.0,32,9.204607
4999896.0,21,9.24464
4999888.0,23,9.287117
4999920.0,17,9.319419
-5000127.0,26,9.367264
4999809.0,39,9.437467
-5000234.0,47,9.524578
-5000175.0,36,9.58869
-5000134.0,27,9.63764
4999822.0,36,9.70713
-5000147.0,30,9.765481
-5000111.0,23,9.815347
-5000347.0,70,9.94453
4999919.0,17,9.978439
-5000135.0,28,10.029303
-5000350.0,71,11.077509
-5000556.0,112,11.304039
4999870.0,27,11.35194
-5000549.0,110,11.548858
-5000143.0,29,11.599724
-5000126.0,26,11.646597
4999884.0,24,11.689482
-5000414.0,83,11.840519
-5000204.0,41,11.913218
-5000739.0,148,12.180153
-5000195.0,40,12.250872
4999792.0,42,12.326307
4999827.0,35,12.387965
-5000997.0,200,12.741379
4999871.0,26,12.788259
-5000324.0,65,12.911483
-5000301.0,61,13.051895
-5000137.0,28,13.123285
-5000215.0,44,13.24426
4999906.0,19,13.291157
-5000173.0,35,13.3691
4999768.0,47,13.476338
-5000311.0,63,13.635451
-5000623.0,125,13.897912
-5000123.0,25,13.951794
-5000245.0,50,14.059994
-5000139.0,28,14.118424
4999888.0,23,14.166296
4999897.0,21,14.209588
-5000158.0,32,14.2761
-5000317.0,64,14.406252
-5000292.0,59,14.526304
4999812.0,38,14.603099
-5000632.0,127,14.881036
4999851.0,30,14.942837
-5000160.0,33,15.010654
-5000142.0,29,15.069498
-5000572.0,115,16.380657
-5000371.0,75,16.528103
4999867.0,27,16.577964
4999750.0,51,16.672657
-5000234.0,47,16.758431
-5000116.0,24,16.8023
-5000318.0,64,16.921529
-5000196.0,40,16.995824
4999881.0,24,17.042561
-5000129.0,26,17.095419
-5000168.0,34,17.161325
-5000123.0,25,17.211186
-5000156.0,32,17.275421
-5000152.0,31,17.335643
-5000154.0,31,17.395483
-5000347.0,70,17.532622
4999759.0,49,17.625376
-5000543.0,109,17.831164
4999835.0,34,17.896989
-5000306.0,62,18.020304
4999787.0,43,18.103113
4999759.0,49,18.196867
-5000166.0,34,18.261161
-5000266.0,54,18.362894
4999918.0,17,18.395782
4999680.0,65,18.520452
-5000310.0,63,18.640293
-5000317.0,64,18.763414
4999898.0,21,18.80364
-5000424.0,85,18.969252
-5000162.0,33,19.032564
-5000203.0,41,19.113354
-5000276.0,56,19.221069
4999828.0,35,19.287206
-5000534.0,107,19.492174
4999791.0,42,19.572683
-5000161.0,33,19.635591
-5000112.0,23,19.681498
4999606.0,79,19.831107
4999761.0,48,19.933599
-5000146.0,30,20.01538
4999867.0,27,20.068222
-5000472.0,95,21.283929
4999671.0,66,21.427589
4999802.0,40,21.5044
4999923.0,16,21.536427
4999855.0,30,21.593464
-5000145.0,30,21.650905
-5000146.0,30,21.709169
-5000142.0,29,21.76502
-5000244.0,49,21.8613
-5000152.0,31,21.921545
-5000156.0,32,21.983378
-5000169.0,34,22.051
4999878.0,25,22.099482
-5000202.0,41,22.180323
-5000181.0,37,22.25195
4999812.0,38,22.327084
-5000159.0,32,22.388768
4999506.0,99,22.576847
4999898.0,21,22.616811
4999794.0,42,22.697593
-5000127.0,26,22.747119
-5000573.0,115,22.964623
4999833.0,34,23.029456
-5000170.0,35,23.099269
-5000240.0,49,23.195014
4999811.0,38,23.267362
-5000186.0,38,23.340019
-5000189.0,38,23.412362
-5000144.0,29,23.468216
-5000240.0,49,23.560088
-5000376.0,76,23.706332
-5000221.0,45,23.792108
-5000155.0,32,23.854941
4999681.0,64,23.979606
-5000281.0,57,24.091062
4999912.0,18,24.126509
-5000130.0,27,24.177344
-5000123.0,25,24.225215
-5000151.0,31,24.283065
-5000128.0,26,24.333489
-5000337.0,68,24.463169
-5000291.0,59,24.575211
4999830.0,35,24.641543
-5000128.0,26,24.692407
-5000118.0,24,24.738718
-5000146.0,30,24.796224
4999927.0,15,24.825146
-5000615.0,124,25.066092
4999928.0,15,25.100786
-5000129.0,26,25.154182
-5000227.0,46,26.292267
-5000743.0,149,26.593017
-5000127.0,26,26.643425
4999898.0,21,26.684319
-5000131.0,27,26.735782
-5000434.0,87,26.903194
4999738.0,53,27.007431
4999885.0,24,27.052923
4999945.0,12,27.076861
-5000320.0,65,27.206603
4999746.0,51,27.305298
4999748.0,51,27.404035
4999764.0,48,27.497136
4999886.0,23,27.542249
-5000248.0,50,27.635998
-5000299.0,60,27.753554
-5000339.0,68,27.883987
4999777.0,45,27.969144
-5001877.0,376,28.685975
-5000103.0,21,28.726874
-5000256.0,52,28.825418
-5000214.0,43,28.910391
4999704.0,60,29.022875
-5000175.0,36,29.093153
-5000458.0,92,29.268089
4999784.0,44,29.351467
4999693.0,62,29.471347
-5000160.0,33,29.536304
-5000120.0,25,29.583151
-5000176.0,36,29.652113
-5000138.0,28,29.706096
-5000203.0,41,29.783916
4999826.0,35,29.852997
-5000383.0,77,29.999092
-5000527.0,106,30.205111
-5000395.0,80,31.389866
-5000195.0,40,31.469485
4999749.0,51,31.569121
-5000138.0,28,31.621979
-5000156.0,32,31.683813
-5000126.0,26,31.734678
4999865.0,28,31.790209
-5000142.0,29,31.847716
-5000192.0,39,31.92152
4999758.0,49,32.016266
4999883.0,24,32.062344
-5000344.0,69,32.197788
-5000165.0,34,32.26461
-5000164.0,33,32.332838
4999875.0,26,32.383702
-5000132.0,27,32.437559
-5000149.0,30,32.497398
-5000181.0,37,32.567745
4999904.0,20,32.606642
-5000155.0,32,32.667479
-5000100.0,21,32.708394
-5000163.0,33,32.77071
-5000193.0,39,32.846508
4999880.0,25,32.893972
-5000157.0,32,32.954809
4999809.0,39,33.031253
4999786.0,43,33.115052
-5000326.0,66,33.251663
4999783.0,44,33.342545
-5000425.0,86,33.504112
-5000624.0,125,33.74363
-5000158.0,32,33.80302
4999773.0,46,33.894333
-5000137.0,28,33.947192
4999897.0,21,33.988738
4999927.0,15,34.018282
-5000296.0,60,34.133484
4999878.0,25,34.182353
-5000655.0,132,34.437017
-5000140.0,29,34.493864
4999759.0,49,34.587013
-5000459.0,92,34.763923
-5000154.0,31,34.825066
4999833.0,34,34.890891
4999915.0,18,34.924882
-5000893.0,179,36.305248
4999823.0,36,36.385128
-5000234.0,47,36.482723
-5000836.0,168,36.806262
-5000098.0,20,36.846155
-5000199.0,40,36.924984
-5000179.0,36,36.994195
4999892.0,22,37.038078
-5000488.0,98,37.229566
-5000189.0,38,37.303368
4999739.0,53,37.406094
-5000205.0,42,37.489213
-5000294.0,59,37.601424
-5000112.0,23,37.649295
4999938.0,13,37.67423
4999894.0,22,37.71615
-5000271.0,55,37.819876
-5000133.0,27,37.871738
-5000146.0,30,37.929582
-5000126.0,26,37.980447
-5000195.0,40,38.056491
-5000143.0,29,38.111746
-5000610.0,123,38.34442
-5000250.0,51,38.442159
-5000154.0,31,38.501999
4999754.0,50,38.598741
4999884.0,24,38.645144
4999794.0,42,38.725929
4999848.0,31,38.783774
4999922.0,16,38.813694
-5000576.0,116,39.035226
4999800.0,41,39.115012
-5000226.0,46,39.202349
4999816.0,37,39.275154
4999928.0,15,39.305099
-5000386.0,78,39.452193
-5000369.0,74,39.593822
4999804.0,40,39.670304
4999868.0,27,39.723141
-5000167.0,34,39.787968
-5000125.0,26,39.839027
-5000139.0,28,39.895874
-5000501.0,101,40.08868
4999687.0,63,40.228375
-5001050.0,211,41.632314
-5000251.0,51,41.730052
-5000111.0,23,41.776927
-5000139.0,28,41.832778
4999779.0,45,41.920199
4999838.0,33,41.984028
4999723.0,56,42.093364
-5000211.0,43,42.176637
-5000323.0,65,42.305234
4999843.0,32,42.367068
-5000787.0,158,42.671278
-5000158.0,32,42.732115
4999904.0,20,42.771011
4999889.0,23,42.814893
-5000448.0,90,42.990949
-5000536.0,108,43.196858
4999851.0,30,43.253706
-5000221.0,45,43.339023
-5000300.0,61,43.453716
-5000135.0,28,43.508777
-5000673.0,135,43.765615
4999830.0,35,43.83199
4999769.0,47,43.924742
4999816.0,37,43.995092
-5000386.0,78,44.146687
-5001459.0,292,44.701049
-5000341.0,69,44.833008
-5000134.0,27,44.884869
-5000120.0,25,44.932741
-5000130.0,27,44.984602
-5000222.0,45,45.070879
-5000150.0,31,45.130759
-5000265.0,54,46.275977
-5000145.0,30,46.342023
-5000285.0,58,46.457717
-5000161.0,33,46.523987
-5001296.0,260,47.040618
-5000351.0,71,47.177701
-5000210.0,43,47.262981
4999851.0,30,47.322518
4999816.0,37,47.395505
4999792.0,42,47.47731
4999832.0,34,47.5437
-5000124.0,25,47.592123
-5001042.0,209,47.991848
4999910.0,19,48.027766
4999929.0,15,48.05669
-5001525.0,306,48.637103
-5000114.0,23,48.681578
-5000482.0,97,48.868686
-5000125.0,26,48.919062
4999778.0,45,49.004394
-5000148.0,30,49.064131
-5000210.0,43,49.146106
-5000129.0,26,49.196971
4999869.0,27,49.247284
-5000137.0,28,49.300727
-5000641.0,129,49.574037
-5000144.0,29,49.629891
4999789.0,43,49.713671
-5000194.0,39,49.790042
-5000148.0,30,49.847888
4999871.0,26,49.897786
4999879.0,25,49.945625
-5000135.0,28,49.99922
-5000169.0,34,50.065043
-5000360.0,73,50.202054
-5000213.0,43,51.322953
-5000133.0,27,51.381796
4999952.0,10,51.404736
-5000152.0,31,51.467076
-5000558.0,112,51.684475
-5000088.0,18,51.720117
4999913.0,18,51.75597
-5000142.0,29,51.815422
-5000179.0,36,51.886406
-5000267.0,54,51.99068
-5000153.0,31,52.056125
4999834.0,34,52.124163
4999747.0,51,52.224925
-5000413.0,83,52.386538
-5000118.0,24,52.433105
-5000135.0,28,52.48787
4999777.0,45,52.572749
-5000145.0,30,52.630116
4999883.0,24,52.676991
4999854.0,30,52.73404
-5000136.0,28,52.786958
-5000109.0,22,52.832831
-5000302.0,61,52.948767
-5000154.0,31,53.009054
-5001006.0,202,53.394179
-5000158.0,32,53.45402
4999816.0,37,53.526883
4999856.0,29,53.582804
-5000178.0,36,53.650627
-5000123.0,25,53.698039
-5000112.0,23,53.743917
-5000241.0,49,53.837956
4999737.0,53,53.940687
4999830.0,35,54.008356
-5000119.0,24,54.055811
4999927.0,15,54.083759
-5000144.0,29,54.140584
-5000221.0,45,54.225872
4999661.0,68,54.355063
4999914.0,18,54.388923
-5000172.0,35,54.456793
-5000168.0,34,54.523613
4999895.0,22,54.565626
-5000129.0,26,54.615244
4999830.0,35,54.68314
-5000535.0,108,54.890776
-5000158.0,32,54.951613
-5000125.0,26,55.000829
-5000139.0,28,55.053688
-5000148.0,30,55.112633
-5000570.0,115,56.320686
4999657.0,69,56.461355
-5000574.0,115,56.682454
4999766.0,47,56.773214
4999830.0,35,56.843946
-5000278.0,56,56.955577
-5000120.0,25,57.004447
4999752.0,50,57.100324
-5000350.0,71,57.235493
-5001130.0,227,57.670495
4999785.0,44,57.75306
-5000129.0,26,57.803176
-5000175.0,36,57.87299
-5000129.0,26,57.923852
-5000132.0,27,57.97722
-5000232.0,47,58.065892
4999721.0,56,58.172205
4999735.0,54,58.276043
-5000140.0,29,58.332272
4999832.0,34,58.39661
-5000157.0,32,58.458445
-5000314.0,63,58.578117
-5000628.0,126,58.814486
4999816.0,37,58.888289
-5000141.0,29,58.944139
-5000184.0,37,59.01921
-5000147.0,30,59.077273
-5001003.0,201,59.454577
-5000158.0,32,59.517529
4999892.0,22,59.560413
4999824.0,36,59.627689
-5000128.0,26,59.679091
-5000498.0,100,59.887196
4999859.0,29,59.943047
4999790.0,43,60.025037
-5000151.0,31,60.084454
-5000146.0,30,60.142275
4999819.0,37,61.250814
-5000148.0,30,61.318964
-5000274.0,55,61.432513
-5000195.0,40,61.511902
-5000184.0,37,61.583221
-5000134.0,27,61.635083
-5000123.0,25,61.682955
-5000146.0,30,61.741407
-5000138.0,28,61.79502
-5000421.0,85,61.960976
-5000133.0,27,62.013053
4999882.0,24,62.059394
-5000149.0,30,62.121611
-5000125.0,26,62.171478
-5002605.0,522,63.165593
-5000118.0,24,63.212599
4999863.0,28,63.266454
-5000156.0,32,63.327292
-5000552.0,111,63.538218
-5000220.0,45,63.623991
-5000144.0,29,63.679842
-5000452.0,91,63.851207
-5000159.0,32,63.912939
-5000126.0,26,63.962806
4999911.0,18,63.99871
-5000159.0,32,64.060544
4999797.0,41,64.140839
-5000262.0,53,64.243913
-5000199.0,40,64.319237
4999613.0,78,64.469039
-5000255.0,52,64.566783
-5000138.0,28,64.620197
-5000266.0,54,64.722924
-5000248.0,50,64.816703
4999843.0,32,64.879535
-5000134.0,27,64.930855
-5000480.0,97,65.116451
-5000153.0,31,66.209588
-5000176.0,36,66.28896
4999825.0,36,66.367749
-5000253.0,51,66.467504
-5000197.0,40,66.554825
4999840.0,33,66.618653
4999814.0,38,66.692307
-5000382.0,77,66.84341
-5000250.0,51,66.940659
4999897.0,21,66.982547
4999887.0,23,67.027454
-5000138.0,28,67.082338
-5000691.0,139,67.351474
-5000216.0,44,67.43696
-5000746.0,150,67.72074
-5000132.0,27,67.773597
4999753.0,50,67.869027
-5000410.0,83,68.025782
-5000423.0,85,68.189345
-5000208.0,42,68.2708
-5000134.0,27,68.323686
-5000159.0,32,68.384496
-5000132.0,27,68.43589
-5000161.0,33,68.500537
-5000781.0,157,68.799975
-5000129.0,26,68.850839
-5000333.0,67,68.980055
-5000208.0,42,69.060839
-5000411.0,83,69.219123
4999719.0,57,69.328375
4999782.0,44,69.412878
-5000170.0,35,69.480698
-5000147.0,30,69.538169
-5000491.0,99,69.726085
4999853.0,30,69.783589
4999881.0,24,69.830977
-5000448.0,90,70.004486
-5000601.0,121,71.298883
-5000135.0,28,71.364708
-5000142.0,29,71.421366
4999881.0,24,71.469238
-5000173.0,35,71.538573
4999756.0,49,71.633318
4999836.0,33,71.697773
4999900.0,21,71.737664
4999817.0,37,71.81047
4999866.0,27,71.864327
-5000280.0,57,71.975087
-5000160.0,33,72.038496
4999899.0,21,72.080383
4999780.0,45,72.165975
4999886.0,23,72.210855
4999763.0,48,72.303174
4999663.0,68,72.437815
-5000211.0,43,72.520593
-5000162.0,33,72.584422
-5000139.0,28,72.637861
-5000140.0,29,72.692713
-5000136.0,28,72.745677
4999816.0,37,72.816597
-5000383.0,77,72.964203
4999805.0,40,73.042538
4999770.0,47,73.131646
-5000400.0,81,73.285245
-5000138.0,28,73.340099
4999842.0,32,73.402049
4999808.0,39,73.485826
-5000296.0,60,73.641494
-5000181.0,37,73.714728
-5000142.0,29,73.770673
-5000184.0,37,73.843603
4999866.0,27,73.895464
-5002073.0,415,74.690572
4999731.0,54,74.793728
-5000176.0,36,74.863538
4999826.0,35,74.930476
4999902.0,20,74.969372
4999905.0,20,75.008613
4999878.0,25,75.055893
-5000175.0,36,75.125709
-5000111.0,23,75.168617
-5000145.0,30,76.235173
-5000530.0,107,76.4767
4999911.0,18,76.512604
-5000674.0,135,76.77297
-5000440.0,89,76.944728
-5000276.0,56,77.050725
4999849.0,31,77.111748
4999887.0,23,77.157598
-5000128.0,26,77.207732
4999859.0,29,77.263331
4999675.0,66,77.394983
4999902.0,20,77.435811
4999721.0,56,77.54751
4999856.0,29,77.603365
-5000169.0,34,77.669838
-5000156.0,32,77.731673
-5000154.0,31,77.792511
-5000152.0,31,77.85235
4999829.0,35,77.919692
-5000136.0,28,77.975163
4999839.0,33,78.03871
4999729.0,55,78.144365
4999775.0,46,78.23074
-5000115.0,24,78.276838
-5000208.0,42,78.357835
-5000135.0,28,78.411683
-5000264.0,53,78.514414
-5000111.0,23,78.560291
4999852.0,30,78.619134
4999823.0,36,78.688948
4999666.0,67,78.814372
4999781.0,44,78.915639
-5000132.0,27,78.965508
-5000176.0,36,79.035383
4999930.0,15,79.064822
-5000331.0,67,79.19349
-5000143.0,29,79.248342
-5000363.0,73,79.388069
-5000221.0,45,79.474828
4999921.0,16,79.505746
-5000160.0,33,79.570572
4999788.0,43,79.652355
-5000426.0,86,79.815437
-5000473.0,95,79.99951
-5000558.0,112,80.212153
-5000142.0,29,81.325371
4999884.0,24,81.379227
-5000298.0,60,81.50888
-5000192.0,39,81.585306
-5000350.0,71,81.727925
-5000125.0,26,81.777393
-5000171.0,35,81.845213
-5000154.0,31,81.906051
4999760.0,49,82.000555
-5000213.0,43,82.084291
-5000468.0,94,82.265729
-5000283.0,57,82.378429
-5000209.0,42,82.46187
4999885.0,24,82.508025
-5000265.0,54,82.610104
-5000156.0,32,82.67194
-5000141.0,29,82.727328
4999861.0,28,82.782204
4999934.0,14,82.808471
-5000135.0,28,82.86242
-5000153.0,31,82.921507
4999635.0,74,83.064857
4999713.0,58,83.175807
-5000232.0,47,83.264583
-5000119.0,24,83.33826
-5000563.0,113,83.553977
-5000156.0,32,83.61681
-5002929.0,586,84.739309
4999753.0,50,84.835693
4999696.0,61,84.955373
-5000203.0,41,85.032983
-5000192.0,39,85.107406
4999800.0,41,85.183873
-5000094.0,19,85.220801
-5000474.0,95,86.418684
-5000182.0,37,86.499581
-5000162.0,33,86.562413
-5000412.0,83,86.753198
-5000210.0,43,86.835484
-5000299.0,60,86.950573
4999880.0,25,86.999442
-5000320.0,65,87.12353
-5000174.0,35,87.190352
-5000202.0,41,87.270163
4999843.0,32,87.332642
-5000201.0,41,87.413707
-5000104.0,21,87.455625
-5000163.0,33,87.519203
-5000129.0,26,87.568479
4999916.0,17,87.60139
-5000318.0,64,87.724787
4999762.0,48,87.817278
-5000207.0,42,87.900642
4999740.0,53,88.002316
-5000274.0,55,88.109671
-5000286.0,58,88.217662
4999891.0,22,88.261975
-5000172.0,35,88.327798
-5000865.0,174,88.659162
-5000785.0,158,88.959571
-5000490.0,99,89.149224
-5000653.0,131,89.398727
4999890.0,23,89.443606
-5000144.0,29,89.500254
-5000223.0,45,89.588446
-5000137.0,28,89.643299
4999865.0,28,89.695543
-5000134.0,27,89.747405
-5000134.0,27,89.801904
-5000125.0,26,89.853767
-5000209.0,42,89.934554
-5000143.0,29,89.991403
-5000509.0,102,90.184425
4999796.0,41,90.262592
4999820.0,37,91.412624
-5000146.0,30,91.48144
-5000176.0,36,91.560463
-5000175.0,36,91.628087
-5000148.0,30,91.685908
-5000136.0,28,91.744751
-5000302.0,61,91.869423
-5000588.0,118,92.098463
-5001036.0,208,92.503184
-5000122.0,25,92.552053
-5000167.0,34,92.617148
4999720.0,57,92.72387
-5000124.0,25,92.772725
4999713.0,58,92.887452
4999879.0,25,92.936346
4999893.0,22,92.978209
-5000123.0,25,93.026083
4999821.0,36,93.095924
-5000204.0,41,93.173272
-5000151.0,31,93.2318
4999830.0,35,93.298734
-5000227.0,46,93.386538
4999766.0,47,93.476849
4999894.0,22,93.518769
4999902.0,20,93.557665
-5000147.0,30,93.61454
-5000287.0,58,93.724182
-5000201.0,41,93.801183
4999827.0,35,93.867882
-5000133.0,27,93.922279
-5000141.0,29,93.978161
4999907.0,19,94.014397
-5000376.0,76,94.162995
-5000169.0,34,94.227807
4999686.0,63,94.346128
4999844.0,32,94.406579
4999832.0,34,94.473403
-5000461.0,93,94.649469
-5000095.0,20,94.688366
4999813.0,38,94.761182
-5000377.0,76,94.907224
4999895.0,22,94.950109
-5000607.0,122,95.181218
-5000322.0,65,95.304889
-5000527.0,106,96.557557
4999805.0,40,96.633359
-5000588.0,118,96.865176
4999811.0,38,96.940524
-5000164.0,33,97.005527
4999758.0,49,97.102276
-5000156.0,32,97.164228
-5000141.0,29,97.220082
4999890.0,23,97.264961
-5002369.0,474,98.16929
4999866.0,27,98.221301
4999917.0,17,98.254212
4999761.0,48,98.345358
4999813.0,38,98.419165
-5000198.0,40,98.498481
-5000127.0,26,98.547614
-5000145.0,30,98.604463
-5000150.0,31,98.664302
-5000388.0,78,98.812398
4999798.0,41,98.892866
-5000135.0,28,98.945701
-5000143.0,29,99.000621
-5000130.0,27,99.056107
4999942.0,12,99.08056
-5000536.0,108,99.28542
4999859.0,29,99.340848
4999794.0,42,99.421631
-5000943.0,189,99.778256
-5000136.0,28,99.831313
-5000346.0,70,99.964798
4999896.0,21,100.004926
-5000134.0,27,100.057567
-5000132.0,27,100.128712
-5000172.0,35,100.196369
-5000126.0,26,100.265186
4999861.0,28,100.319554
-5000155.0,32,101.438092
4999809.0,39,101.532344
-5000271.0,55,101.642053
4999901.0,20,101.682431
-5000162.0,33,101.746198
4999864.0,28,101.80009
4999683.0,64,101.923775
-5000180.0,37,101.999091
4999839.0,33,102.063917
-5000151.0,31,102.125248
-5000440.0,89,102.29751
4999557.0,89,102.470311
-5000160.0,33,102.535163
-5000145.0,30,102.594308
4999722.0,56,102.698922
-5000163.0,33,102.763748
-5000123.0,25,102.811455
-5000240.0,49,102.907198
4999903.0,20,102.944521
-5000205.0,42,103.026665
-5000150.0,31,103.086042
-5000186.0,38,103.15938
-5000173.0,35,103.229819
4999950.0,11,103.250766
4999925.0,16,103.281681
4999195.0,162,103.590447
4999812.0,38,103.663252
-5000147.0,30,103.720447
4999858.0,29,103.777324
-5000162.0,33,103.841394
4999861.0,28,103.89525
-5000143.0,29,103.950103
-5000119.0,24,103.997976
-5000136.0,28,104.053534
-5000212.0,43,104.137672
4999782.0,44,104.221448
4999862.0,28,104.275975
-5000152.0,31,104.334817
-5000406.0,82,104.491971
4999806.0,39,104.565774
-5000228.0,46,104.653539
-5000191.0,39,104.729337
4999755.0,50,104.824434
4999794.0,42,104.904356
4999791.0,42,104.984142
-5000929.0,186,105.340255
-5000343.0,69,106.450484
-5000144.0,29,106.516308
4999746.0,51,106.615506
4999896.0,21,106.657393
-5000145.0,30,106.714942
-5000138.0,28,106.768797
-5000524.0,105,106.973054
-5000256.0,52,107.078087
-5000137.0,28,107.133881
-5000454.0,91,107.311362
-5000186.0,38,107.386163
-5000270.0,55,107.494122
-5000138.0,28,107.548464
-5001898.0,380,108.267935
-5000144.0,29,108.32393
-5000153.0,31,108.385456
4999782.0,44,108.469053
-5000089.0,18,108.505954
4999799.0,41,108.583745
-5000126.0,26,108.632615
4999786.0,43,108.715922
-5000211.0,43,108.797703
-5000128.0,26,108.848567
-5000156.0,32,108.910917
-5000169.0,34,108.976612
-5000164.0,33,109.039454
-5000136.0,28,109.093155
-5000203.0,41,109.17225
-5000387.0,78,109.320491
-5000162.0,33,109.384319
-5000697.0,140,109.650689
4999936.0,13,109.675598
-5000137.0,28,109.730663
-5000149.0,30,109.787511
4999820.0,37,109.859319
-5000888.0,178,110.199104
-5000148.0,30,110.257947
-5000813.0,163,111.578999
4999936.0,13,111.603931
4999791.0,42,111.68429
-5000130.0,27,111.736362
-5000144.0,29,111.794363
-5000163.0,33,111.859951
-5000808.0,162,112.198768
-5000116.0,24,112.249633
4999867.0,27,112.301719
-5000135.0,28,112.35693
4999796.0,41,112.437833
-5000548.0,110,112.649206
4999829.0,35,112.717049
-5000252.0,51,112.8138
-5000182.0,37,112.885108
-5000504.0,101,113.080153
-5000256.0,52,113.179467
-5000261.0,53,113.281217
-5000992.0,199,113.660305
-5000210.0,43,113.742085
4999816.0,37,113.814552
-5000308.0,62,113.933688
-5000307.0,62,114.051416
-5000127.0,26,114.102281
-5000133.0,27,114.155589
4999854.0,30,114.212436
-5000121.0,25,114.260309
-5000130.0,27,114.31217
4999894.0,22,114.353061
-5000158.0,32,114.414895
4999841.0,32,114.478258
4999694.0,62,114.597938
-5000466.0,94,114.775164
4999723.0,56,114.881991
-5000230.0,47,114.970282
-5000157.0,32,115.031119
4999818.0,37,115.103316
4999828.0,35,115.171165
-5000706.0,142,116.453958
-5000128.0,26,116.505991
-5000122.0,25,116.555301
-5000142.0,29,116.613039
-5000648.0,130,116.865112
4999863.0,28,116.918968
-5000479.0,96,117.104015
-5000773.0,155,117.4106
-5000135.0,28,117.465451
-5000665.0,134,117.721712
-5000127.0,26,117.770422
-5000151.0,31,117.83064
4999914.0,18,117.865548
-5000495.0,100,118.057041
-5000565.0,114,118.272465
-5000151.0,31,118.331523
4999788.0,43,118.414331
-5000242.0,49,118.507054
-5000292.0,59,118.62075
4999812.0,38,118.694553
-5000366.0,74,118.835201
4999821.0,36,118.905529
-5000130.0,27,118.957414
4999641.0,72,119.096028
-5000156.0,32,119.159848
-5000140.0,29,119.216696
4999801.0,40,119.294078
-5000147.0,30,119.350926
-5000166.0,34,119.41675
-5000190.0,39,119.492575
-5000140.0,29,119.546964
4999851.0,30,119.60481
-5000165.0,34,119.669675
-5000487.0,98,119.857211
-5000490.0,99,120.04696
-5000133.0,27,120.098823
4999716.0,57,120.20826
4999842.0,32,121.35219
-5000237.0,48,121.4609
4999836.0,33,121.532708
-5000692.0,139,121.800228
4999755.0,50,121.896498
-5000159.0,32,121.958333
-5000482.0,97,122.145362
-5000212.0,43,122.228715
-5000585.0,118,122.463576
4999833.0,34,122.532392
-5000191.0,39,122.608334
4999858.0,29,122.662189
-5000976.0,196,123.037687
4999896.0,21,123.079575
-5000184.0,37,123.149532
4999876.0,25,123.198403
-5000137.0,28,123.250695
-5000151.0,31,123.310535
4999848.0,31,123.370403
4999786.0,43,123.452805
-5000114.0,23,123.498686
-5000124.0,25,123.54667
4999754.0,50,123.641415
4999861.0,28,123.696293
-5000269.0,54,123.799534
-5000123.0,25,123.847407
-5000142.0,29,123.902768
4999831.0,34,123.967597
4999621.0,76,124.114068
4999788.0,43,124.198118
4999910.0,19,124.234023
4999834.0,34,124.299373
-5000127.0,26,124.34924
-5000169.0,34,124.415063
-5000144.0,29,124.468919
-5000129.0,26,124.519783
-5000128.0,26,124.570315
-5000135.0,28,124.622594
4999796.0,41,124.699889
4999947.0,11,124.723662
4999861.0,28,124.777439
-5000145.0,30,124.835288
-5000172.0,35,124.902109
-5000527.0,106,125.106744
4999870.0,27,125.157543
4999800.0,41,125.234335
4999832.0,34,126.32609
4999771.0,46,126.430331
4999762.0,48,126.535653
-5000149.0,30,126.593558
-5000532.0,107,126.800502
4999789.0,43,126.885355
-5000986.0,198,127.266078
-5000591.0,119,127.499129
4999789.0,43,127.585901
-5000171.0,35,127.65572
-5000365.0,74,127.794702
4999916.0,17,127.830115
-5000836.0,168,128.150745
4999878.0,25,128.199151
4999934.0,14,128.227077
-5000325.0,66,128.352458
-5000394.0,79,128.505817
4999836.0,33,128.569647
4999871.0,26,128.620511
-5000148.0,30,128.677534
4999897.0,21,128.717935
4999773.0,46,128.806998
-5000169.0,34,128.872823
-5000373.0,75,129.015969
-5000104.0,21,129.056859
-5000777.0,156,129.356762
-5000326.0,66,129.482023
4999766.0,47,129.571759
4999887.0,23,129.616638
-5000252.0,51,129.714382
-5000133.0,27,129.765765
-5000731.0,147,130.04571
4999832.0,34,130.111567
-5000163.0,33,130.17638
4999823.0,36,130.245177
-5000119.0,24,130.31214
-5000173.0,35,131.333772
-5000165.0,34,131.406535
-5000302.0,61,131.533038
4999757.0,49,131.627244
-5000169.0,34,131.693967
4999868.0,27,131.745802
4999839.0,33,131.81137
4999936.0,13,131.838297
-5000109.0,22,131.881183
-5000651.0,131,132.134088
4999719.0,57,132.245353
4999858.0,29,132.302173
-5000264.0,53,132.404472
4999853.0,30,132.463314
4999809.0,39,132.541106
-5000415.0,84,132.706252
-5000532.0,107,132.912641
-5001979.0,396,133.701522
4999910.0,19,133.74244
-5000164.0,33,133.805096
-5000122.0,25,133.854258
4999717.0,57,133.977824
-5000245.0,50,134.073571
-5000131.0,27,134.127426
4999915.0,18,134.162171
-5000124.0,25,134.211041
4999849.0,31,134.269381
4999835.0,34,134.334174
-5000225.0,46,134.422699
4999835.0,34,134.48706
4999860.0,29,134.542912
-5000906.0,182,134.887452
-5000130.0,27,134.940309
4999788.0,43,135.024318
4999945.0,12,135.047257
4999898.0,21,135.087067
-5000147.0,30,135.145245
-5000736.0,148,136.451109
-5000113.0,23,136.500253
-5000147.0,30,136.561901
-5000751.0,151,136.85278
-5000298.0,60,136.966277
-5001430.0,287,137.527361
-5000475.0,96,137.709383
4999841.0,32,137.772216
-5000294.0,59,137.889341
4999743.0,52,137.987832
4999777.0,45,138.076483
4999913.0,18,138.112376
4999869.0,27,138.16481
-5001513.0,303,138.742556
-5000141.0,29,138.803327
4999834.0,34,138.878461
-5000136.0,28,138.932206
-5000169.0,34,138.998183
-5000137.0,28,139.054141
4999823.0,36,139.123625
-5000636.0,128,139.366135
-5000197.0,40,139.442928
4999711.0,58,139.554186
-5000126.0,26,139.603596
-5000384.0,77,139.751493
4999863.0,28,139.804494
-5000344.0,69,139.93555
4999874.0,26,139.986192
-5000125.0,26,140.035037
4999864.0,28,140.089901
-5000345.0,70,140.223544
4999815.0,38,141.279022
-5000136.0,28,141.339861
-5000139.0,28,141.401982
-5000319.0,64,141.532664
-5000125.0,26,141.580275
4999844.0,32,141.642109
4999917.0,17,141.675559
4999920.0,17,141.708074
4999905.0,20,141.747407
-5000135.0,28,141.800774
-5000190.0,39,141.877322
-5000551.0,111,142.092481
4999897.0,21,142.133347
-5000666.0,134,142.389875
-5000121.0,25,142.438744
4999858.0,29,142.495592
-5000187.0,38,142.567746
-5001290.0,259,143.06282
-5000097.0,20,143.101716
4999865.0,28,143.155575
-5000146.0,30,143.212945
-5000156.0,32,143.276934
-5000197.0,40,143.351886
-5002323.0,465,144.237543
4999710.0,59,144.350187
-5000173.0,35,144.417988
4999693.0,62,144.538035
-5000968.0,194,144.907756
-5000161.0,33,144.970149
4999707.0,59,145.084799
-5000337.0,68,146.269499
4999802.0,40,146.361242
-5000211.0,43,146.454702
-5000435.0,88,146.623779
-5000110.0,23,146.667411
4999921.0,16,146.699068
4999769.0,47,146.790049
-5000433.0,87,146.96087
4999855.0,30,147.018717
-5000276.0,56,147.126434
4999891.0,22,147.169319
-5000163.0,33,147.23517
-5000137.0,28,147.290593
4999853.0,30,147.349434
4999834.0,34,147.415256
-5000194.0,39,147.493076
-5000174.0,35,147.560867
4999889.0,23,147.604752
4999954.0,10,147.6237
-5000586.0,118,147.848785
4999750.0,51,147.946523
4999885.0,24,147.994424
-5000145.0,30,148.057753
-5000155.0,32,148.119588
-5000195.0,40,148.196788
4999568.0,87,148.363862
-5000195.0,40,148.440487
-5000430.0,87,148.605494
-5000369.0,74,148.745658
-5000235.0,48,148.837552
-5000123.0,25,148.885422
4999885.0,24,148.932297
-5000127.0,26,148.982164
-5000235.0,48,149.072952
-5000840.0,169,149.39587
-5000136.0,28,149.449751
-5000134.0,27,149.502617
-5000231.0,47,149.592309
4999742.0,52,149.691932
4999632.0,74,149.834549
-5000160.0,33,149.89776
-5000202.0,41,149.975526
-5000175.0,36,150.044422
-5000473.0,95,150.228526
4999863.0,28,151.326852
4999877.0,25,151.382703
-5000176.0,36,151.463486
4999881.0,24,151.511359
-5000470.0,95,151.694468
4999915.0,18,151.729399
4999779.0,45,151.816663
-5000134.0,27,151.887474
4999816.0,37,151.961183
-5000254.0,51,152.058894
4999861.0,28,152.113772
-5001461.0,293,152.678334
4999415.0,118,152.903311
-5000185.0,38,152.97512
4999669.0,67,153.10178
4999865.0,28,153.160624
4999847.0,31,153.222459
-5000131.0,27,153.273323
-5000135.0,28,153.327178
4999812.0,38,153.402002
4999867.0,27,153.45352
-5000147.0,30,153.513359
4999830.0,35,153.579209
-5000148.0,30,153.63503
-5000172.0,35,153.701661
-5000124.0,25,153.75053
-5000434.0,87,153.918653
-5000323.0,65,154.042322
-5000686.0,138,154.307214
4999884.0,24,154.352072
4999878.0,25,154.399869
-5000151.0,31,154.460709
4999880.0,25,154.508612
-5000137.0,28,154.561471
4999776.0,45,154.647275
4999832.0,34,154.713127
4999869.0,27,154.764555
4999808.0,39,154.840357
-5000172.0,35,154.908677
-5000249.0,50,155.003422
-5000112.0,23,155.048555
4999842.0,32,155.111385
-5000144.0,29,155.16733
4999743.0,52,155.265741
-5000160.0,33,156.306129
4999817.0,37,156.388413
-5000181.0,37,156.466207
-5000148.0,30,156.52505
-5000168.0,34,156.589879
-5000192.0,39,156.663681
-5000495.0,100,156.862198
4999924.0,16,156.894111
-5000140.0,29,156.950466
4999867.0,27,157.00133
-5000170.0,35,157.068708
4999819.0,37,157.141978
-5000160.0,33,157.205093
-5000424.0,85,157.372131
-5000315.0,64,157.495426
4999866.0,27,157.547108
-5000155.0,32,157.607945
4999774.0,46,157.694714
-5000174.0,35,157.76353
-5000180.0,37,157.834199
4999848.0,31,157.894016
-5000126.0,26,157.943422
4999805.0,40,158.019739
-5000290.0,59,158.131576
-5000130.0,27,158.183438
-5000154.0,31,158.246268
4999934.0,14,158.27619
4999878.0,25,158.324174
4999956.0,9,158.343124
-5003785.0,758,159.782079
-5000166.0,34,159.846602
-5000281.0,57,159.958289
4999844.0,32,160.018511
-5000636.0,128,161.275076
4999809.0,39,161.361355
4999954.0,10,161.382299
4999927.0,15,161.413216
4999773.0,46,161.502634
-5000223.0,45,161.591642
-5000133.0,27,161.644499
-5000406.0,82,161.800134
-5000849.0,170,162.127573
-5000162.0,33,162.190916
4999890.0,23,162.234798
-5000146.0,30,162.294641
4999820.0,37,162.365521
4999877.0,25,162.413393
-5000181.0,37,162.486741
-5000243.0,49,162.580521
-5000128.0,26,162.630388
-5000130.0,27,162.681254
4999865.0,28,162.734655
4999913.0,18,162.769478
-5000212.0,43,162.852481
-5000202.0,41,162.931269
-5000168.0,34,162.996394
4999892.0,22,163.038814
4999741.0,52,163.137151
-5000145.0,30,163.195916
-5000760.0,153,163.495479
4999796.0,41,163.575268
-5000394.0,79,163.725536
4999950.0,11,163.747481
-5000278.0,56,163.854147
-5000166.0,34,163.917557
-5000355.0,72,164.05453
-5000449.0,90,164.226916
-5000114.0,23,164.270245
4999860.0,29,164.328108
4999888.0,23,164.373506
4999836.0,33,164.436735
-5000112.0,23,164.480882
4999764.0,48,164.574236
-5000520.0,105,164.817667
-5000142.0,29,164.89284
4999702.0,60,165.025575
-5000153.0,31,165.086545
4999791.0,42,165.183285
-5000216.0,44,166.35372
-5000264.0,53,166.479385
4999831.0,34,166.554395
4999728.0,55,166.66111
4999813.0,38,166.734454
-5000166.0,34,166.80104
4999903.0,20,166.842276
4999755.0,50,166.937831
4999805.0,40,167.014625
-5000146.0,30,167.075413
4999901.0,20,167.113306
-5000275.0,56,167.222242
-5000142.0,29,167.278649
-5000771.0,155,167.577389
-5000498.0,100,167.768775
-5000148.0,30,167.827153
4999776.0,45,167.913454
-5000172.0,35,167.981276
-5000483.0,97,168.166747
-5000365.0,74,168.309896
-5000150.0,31,168.368768
-5000139.0,28,168.42559
-5000416.0,84,168.598733
-5000182.0,37,168.671539
-5000848.0,170,168.991493
-5000206.0,42,169.071437
-5000344.0,69,169.204735
4999856.0,29,169.260583
-5000328.0,66,169.389452
4999841.0,32,169.450289
-5000362.0,73,169.589509
-5000459.0,92,169.764519
4999815.0,38,169.837276
-5002027.0,406,171.651673
-5000565.0,114,171.87429
-5000109.0,22,171.917177
-5001045.0,210,172.321596
4999903.0,20,172.360492
-5000149.0,30,172.419333
4999949.0,11,172.440333
-5000353.0,71,172.576323
-5000139.0,28,172.630182
-5000164.0,33,172.69373
-5000135.0,28,172.747633
4999873.0,26,172.797986
-5000238.0,48,172.891553
4999762.0,48,172.982853
4999840.0,33,173.046424
4999912.0,18,173.080868
4999762.0,48,173.172604
4999808.0,39,173.246488
4999818.0,37,173.316306
4999801.0,40,173.393641
4999854.0,30,173.449716
4999930.0,15,173.479636
-5000249.0,50,173.580925
4999775.0,46,173.669499
4999850.0,31,173.729413
-5000205.0,42,173.810331
4999879.0,25,173.8592
4999770.0,47,173.947504
4999864.0,28,173.999931
-5000145.0,30,174.059257
4999800.0,41,174.136592
4999724.0,56,174.243316
-5000174.0,35,174.311256
-5001082.0,217,174.722583
4999900.0,21,174.763587
-5000534.0,107,174.969075
4999832.0,34,175.033902
4999893.0,22,175.076544
-5000187.0,38,175.150346
-5000596.0,120,176.422349
-5000235.0,48,176.530061
-5000209.0,42,176.611853
-5000231.0,47,176.703609
4999884.0,24,176.750517
-5000374.0,75,176.899594
4999842.0,32,176.965166
-5000347.0,70,177.099648
-5000130.0,27,177.152593
4999909.0,19,177.191489
4999803.0,40,177.267313
4999870.0,27,177.319228
4999790.0,43,177.403004
4999615.0,78,177.552375
4999877.0,25,177.600246
4999761.0,48,177.694524
4999766.0,47,177.785286
-5000170.0,35,177.854378
4999769.0,47,177.94398
-5001725.0,346,178.60045
4999794.0,42,178.705171
-5000146.0,30,178.76485
-5000349.0,70,178.897787
4999861.0,28,178.951643
4999858.0,29,179.00849
-5000202.0,41,179.08631
-5000132.0,27,179.139164
4999894.0,22,179.182124
4999836.0,33,179.244467
4999810.0,39,179.318269
4999892.0,22,179.361331
4999855.0,30,179.422169
4999658.0,69,179.553304
-5000139.0,28,179.608158
4999890.0,23,179.651254
4999883.0,24,179.698135
4999863.0,28,179.751884
4999750.0,51,179.849527
4999937.0,13,179.875433
-5000298.0,60,179.991663
-5000127.0,26,180.041531
-5000121.0,25,180.090909
4999935.0,14,180.116841
4999751.0,50,180.212165
4999874.0,26,180.262036
-5000715.0,144,181.568317
-5000180.0,37,181.639498
-5000185.0,38,181.712303
4999736.0,53,181.81406
4999785.0,44,181.899598
4999940.0,13,181.925554
-5000132.0,27,181.978452
4999803.0,40,182.056247
-5000439.0,88,182.2278
4999749.0,51,182.325271
-5000159.0,32,182.388071
4999821.0,36,182.457941
4999819.0,37,182.529751
-5000129.0,26,182.579787
4999750.0,51,182.676628
4999759.0,49,182.769383
-5000153.0,31,182.830201
-5000135.0,28,182.884056
4999863.0,28,182.937506
-5000166.0,34,183.002334
-5000470.0,95,183.184436
-5000507.0,102,183.378464
4999877.0,25,183.427364
-5000198.0,40,183.503161
-5000196.0,40,183.579956
-5000165.0,34,183.646573
4999752.0,50,183.741534
4999813.0,38,183.817355
4999818.0,37,183.891337
-5000152.0,31,183.95047
4999826.0,35,184.016276
-5000293.0,59,184.13254
-5000162.0,33,184.195382
4999767.0,47,184.284145
-5000197.0,40,184.361238
-5000226.0,46,184.450118
-5000136.0,28,184.505399
4999848.0,31,184.56497
-5000551.0,111,184.774002
-5000785.0,158,185.072396
4999790.0,43,185.156438
-5000442.0,89,186.358127
4999906.0,19,186.401014
4999849.0,31,186.472703
-5000722.0,145,186.757119
-5000471.0,95,186.938529
-5000126.0,26,186.989393
4999895.0,22,187.032312
4999814.0,38,187.106086
4999768.0,47,187.198368
4999848.0,31,187.259858
-5000203.0,41,187.337176
4999866.0,27,187.390038
4999801.0,40,187.467385
-5000134.0,27,187.520221
4999902.0,20,187.559715
-5000566.0,114,187.800297
4999825.0,36,187.872014
-5000134.0,27,187.924871
4999853.0,30,187.991213
-5000236.0,48,188.112893
-5000424.0,85,188.298689
-5000179.0,36,188.375014
4999853.0,30,188.439463
-5000384.0,77,188.601622
-5000144.0,29,188.664198
4999766.0,47,188.76297
-5000190.0,39,188.849775
4999906.0,19,188.894657
4999874.0,26,188.95301
-5000586.0,118,189.209022
-5000116.0,24,189.275819
4999859.0,29,189.345238
4999856.0,29,189.411039
4999757.0,49,189.514138
-5000188.0,38,189.597318
-5000496.0,100,189.805853
-5000165.0,34,189.88307
-5000268.0,54,189.996249
-5000648.0,130,190.264266
-5000123.0,25,190.317124
-5000225.0,46,190.432946
-5000445.0,90,190.622219
-5000120.0,25,191.744488
-5000181.0,37,191.836378
-5000205.0,42,191.937607
4999806.0,39,192.018391
4999787.0,43,192.111131
-5000135.0,28,192.168134
-5000167.0,34,192.24191
-5001653.0,331,192.948075
4999933.0,14,192.976998
-5000195.0,40,193.058132
4999886.0,23,193.108593
4999890.0,23,193.162449
4999912.0,18,193.205335
-5000200.0,41,193.315041
-5000162.0,33,193.382859
-5000138.0,28,193.440705
-5000274.0,55,193.585038
4999899.0,21,193.630915
-5000198.0,40,193.714595
-5000137.0,28,193.771442
4999880.0,25,193.823303
-5000169.0,34,193.897636
4999781.0,44,193.98757
-5000182.0,37,194.070858
-5000151.0,31,194.139068
-5000178.0,36,194.213868
4999734.0,54,194.329071
-5000132.0,27,194.388911
-5000129.0,26,194.445783
-5002443.0,489,195.449787
-5000123.0,25,195.502774
-5000178.0,36,195.57724
4999847.0,31,195.641069
-5001006.0,202,196.051054
4999882.0,24,196.101868
4999947.0,11,197.2084
-5000121.0,25,197.270236
-5000127.0,26,197.333067
-5000166.0,34,197.41544
4999841.0,32,197.496228
-5000129.0,26,197.554073
-5000139.0,28,197.610921
-5000368.0,74,197.753355
4999792.0,42,197.83414
4999774.0,46,197.927994
4999832.0,34,197.994816
4999804.0,40,198.073285
4999805.0,40,198.150245
-5000228.0,46,198.239324
4999899.0,21,198.280043
4999917.0,17,198.312954
4999838.0,33,198.37693
4999913.0,18,198.412835
-5000299.0,60,198.531675
-5000085.0,18,198.566504
4999952.0,10,198.585985
-5000326.0,66,198.712024
-5000120.0,25,198.761921
4999902.0,20,198.79982
-5000120.0,25,198.849232
4999818.0,37,198.922433
-5000159.0,32,198.984242
4999803.0,40,199.060984
-5001270.0,255,199.555292
4999838.0,33,199.61815
4999936.0,13,199.644057
4999737.0,53,199.745815
4999852.0,30,199.803662
-5000261.0,53,199.904925
-5000154.0,31,199.964201
4999832.0,34,200.03003
-5000149.0,30,200.090283
-5000159.0,32,200.15112
4999874.0,26,200.199988
-5000420.0,85,200.362085
4999900.0,21,200.402147
-5000147.0,30,200.46
-5000907.0,182,200.810928
4999738.0,53,200.912166
4999523.0,96,201.095457
4999892.0,22,201.137955
-5000356.0,72,202.310678
-5000125.0,26,202.370026
-5000309.0,62,202.501675
-5000406.0,82,202.662248
-5000417.0,84,202.825093
-5000536.0,108,203.038013
-5000138.0,28,203.093864
-5000150.0,31,203.152248
4999769.0,47,203.242121
4999577.0,85,203.404195
4999910.0,19,203.441065
-5000153.0,31,203.500311
-5000154.0,31,203.562273
-5000234.0,47,203.650808
4999862.0,28,203.705139
4999857.0,29,203.76099
4999895.0,22,203.804878
-5000403.0,81,203.959683
-5000167.0,34,204.024031
-5000171.0,35,204.091023
-5000146.0,30,204.147872
4999840.0,33,204.210247
4999770.0,47,204.306837
4999897.0,21,204.348726
4999867.0,27,204.400587
-5000147.0,30,204.458441
-5000263.0,53,204.560721
4999816.0,37,204.633242
-5000795.0,160,204.946105
-5000158.0,32,205.009394
-5000214.0,43,205.093251
-5000111.0,23,205.135522
-5000203.0,41,205.21392
-5000147.0,30,205.270768
-5000243.0,49,205.3638
-5000132.0,27,205.415018
4999757.0,49,205.510309
-5000148.0,30,205.567088
-5000147.0,30,205.626279
-5000491.0,99,205.814225
4999849.0,31,205.875038
4999788.0,43,205.956844
-5000321.0,65,206.080083
-5000181.0,37,206.149896
-5000725.0,146,207.485596
-5000822.0,165,207.803011
-5000598.0,120,208.044019
4999890.0,23,208.091889
-5000379.0,76,208.236818
4999931.0,14,208.264767
-5000273.0,55,208.370461
4999859.0,29,208.426613
4999860.0,29,208.48346
4999787.0,43,208.566366
-5000202.0,41,208.650827
-5000128.0,26,208.704231
4999861.0,28,208.758596
-5000447.0,90,208.930187
-5000135.0,28,208.983864
-5000508.0,102,209.177594
4999747.0,51,209.274883
4999799.0,41,209.353349
-5000216.0,44,209.446275
-5000151.0,31,209.507112
4999897.0,21,209.547005
-5000150.0,31,209.607383
-5000139.0,28,209.661263
-5000132.0,27,209.713103
4999701.0,60,209.828982
-5001022.0,205,210.218222
-5001370.0,275,210.742882
-5000563.0,113,210.960225
4999867.0,27,211.01109
4999851.0,30,211.069222
4999770.0,47,211.15915
-5001278.0,256,212.697459
-5000247.0,50,212.793406
4999912.0,18,212.829454
-5000159.0,32,212.89436
-5000226.0,46,212.984402
-5000763.0,153,213.291606
-5000125.0,26,213.341537
-5000184.0,37,213.413345
-5000585.0,118,213.637877
-5000138.0,28,213.691733
-5000175.0,36,213.76007
4999796.0,41,213.839147
4999884.0,24,213.888017
-5000293.0,59,213.999563
-5000328.0,66,214.126712
-5000127.0,26,214.176579
4999876.0,25,214.225106
-5000390.0,79,214.374602
4999710.0,59,214.492818
4999833.0,34,214.559639
4999730.0,55,214.663364
4999934.0,14,214.690294
4999836.0,33,214.753127
-5000197.0,40,214.829003
-5000186.0,38,214.90681
-5000121.0,25,214.954673
-5000533.0,107,215.154841
-5000211.0,43,215.236426
-5000157.0,32,215.297263
4999806.0,39,215.371793
4999930.0,15,215.400715
-5001100.0,221,215.822247
4999878.0,25,215.871117
-5000471.0,95,216.051079
-5000108.0,22,216.094686
-5000126.0,26,216.145064
4999900.0,21,216.184982
-5000287.0,58,217.289505
4999803.0,40,217.379266
-5000384.0,77,217.532212
-5001004.0,201,217.918417
4999860.0,29,217.979254
-5000131.0,27,218.031379
4999887.0,23,218.092754
4999889.0,23,218.139307
-5000917.0,184,218.492371
-5000220.0,45,218.576999
4999789.0,43,218.659776
-5000620.0,125,218.898134
4999837.0,33,218.959457
4999883.0,24,219.008325
-5000461.0,93,219.184508
-5000151.0,31,219.244389
4999751.0,50,219.339142
-5000150.0,31,219.397984
4999732.0,54,219.50295
4999808.0,39,219.57964
-5000155.0,32,219.644496
-5000167.0,34,219.712314
-5000505.0,102,219.907848
-5000127.0,26,219.958272
4999775.0,46,220.047576
4999836.0,33,220.111965
-5000189.0,38,220.183613
-5000334.0,67,220.311786
-5000129.0,26,220.361657
4999719.0,57,220.490336
-5000245.0,50,220.584497
-5000383.0,77,220.731046
-5000763.0,153,221.02127
-5000137.0,28,221.077121
4999791.0,42,221.15619
4999778.0,45,222.263236
4999809.0,39,222.350196
4999906.0,19,222.394079
4999833.0,34,222.464899
-5000349.0,70,222.600584
-5000131.0,27,222.652446
-5002606.0,522,223.657308
4999882.0,24,223.703162
4999817.0,37,223.775968
-5000145.0,30,223.83222
-5000169.0,34,223.899041
-5000246.0,50,223.994785
-5000301.0,61,224.114721
4999930.0,15,224.14364
4999874.0,26,224.194512
4999854.0,30,224.250216
-5000703.0,141,224.519343
4999843.0,32,224.579965
4999934.0,14,224.60789
4999853.0,30,224.666968
4999918.0,17,224.701873
-5000132.0,27,224.756731
-5000441.0,89,224.927659
-5000159.0,32,224.988797
-5000172.0,35,225.056206
-5000430.0,87,225.224122
4999871.0,26,225.273993
-5000158.0,32,225.334645
-5002159.0,432,226.165295
-5001562.0,313,227.802809
4999901.0,20,227.843033
4999873.0,26,227.893865
-5000199.0,40,227.969661
4999859.0,29,228.02684
-5000240.0,49,228.12155
4999922.0,16,228.152646
4999890.0,23,228.216799
-5000799.0,160,228.527266
-5000159.0,32,228.589102
-5000343.0,69,228.719171
-5000174.0,35,228.788985
4999912.0,18,228.823897
4999827.0,35,228.890718
-5000414.0,83,229.051135
-5000416.0,84,229.20986
-5000108.0,22,229.253705
4999860.0,29,229.310552
-5000138.0,28,229.363411
-5000257.0,52,229.465341
4999889.0,23,229.510884
-5000375.0,76,229.656044
4999813.0,38,229.728789
-5000151.0,31,229.792646
4999849.0,31,229.858066
-5001049.0,210,230.25691
4999843.0,32,230.319818
-5000160.0,33,230.382085
-5000730.0,147,230.661564
-5000398.0,80,230.814871
4999856.0,29,230.873715
4999806.0,39,230.948762
-5000690.0,139,231.210582
4999832.0,34,232.263585
4999834.0,34,232.340268
-5000160.0,33,232.411585
-5000215.0,44,232.497357
-5000589.0,118,232.723663
-5000138.0,28,232.777519
-5000183.0,37,232.849924
4999791.0,42,232.93062
-5000390.0,79,233.083212
-5000126.0,26,233.133813
4999843.0,32,233.196895
-5000178.0,36,233.26586
-5000177.0,36,233.335874
-5000111.0,23,233.382711
4999778.0,45,233.468854
4999791.0,42,233.550421
4999791.0,42,233.63046
4999718.0,57,233.736765
-5000222.0,45,233.824537
-5000216.0,44,233.909668
-5000146.0,30,233.966515
-5000117.0,24,234.012846
-5000658.0,132,234.264531
-5000145.0,30,234.321798
4999916.0,17,234.355706
-5000420.0,85,234.518695
-5000313.0,63,234.640489
-5000148.0,30,234.698337
4999813.0,38,234.770174
-5000133.0,27,234.824061
-5000669.0,134,235.08341
4999839.0,33,235.147748
-5000142.0,29,235.204596
-5000128.0,26,235.253466
-5000105.0,22,235.29538
4999753.0,50,235.3921
-5001874.0,375,236.10185
-5000156.0,32,236.163683
-5000225.0,46,237.277908
4999875.0,26,237.334483
4999871.0,26,237.390853
-5000624.0,125,237.640187
4999707.0,59,237.755386
4999833.0,34,237.822207
-5000589.0,118,238.050372
4999746.0,51,238.150629
-5000203.0,41,238.229417
4999789.0,43,238.312196
4999856.0,29,238.368047
4999924.0,16,238.399962
-5000213.0,43,238.483447
-5000300.0,61,238.597661
-5000124.0,25,238.646881
-5000144.0,29,238.70258
4999902.0,20,238.740829
-5000584.0,117,238.961239
-5000570.0,115,239.180651
-5000150.0,31,239.241489
4999841.0,32,239.302326
-5000141.0,29,239.359173
4999931.0,14,239.385105
-5000194.0,39,239.460901
4999877.0,25,239.509705
4999863.0,28,239.565259
4999901.0,20,239.60381
-5000193.0,39,239.677612
-5000128.0,26,239.727479
4999844.0,32,239.788467
4999775.0,46,239.879177
-5001983.0,397,240.638401
-5000110.0,23,240.682488
-5000128.0,26,240.733756
4999679.0,65,240.858708
-5000291.0,59,240.969412
4999844.0,32,241.030254
4999790.0,43,241.11357
-5000199.0,40,242.196056
-5000274.0,55,242.318728
-5000951.0,191,242.690433
-5000275.0,56,242.799565
-5000488.0,98,242.991204
-5000255.0,52,243.093256
-5000111.0,23,243.136371
4999742.0,52,243.235621
4999837.0,33,243.298844
-5000606.0,122,243.531243
-5000320.0,65,243.65688
-5000126.0,26,243.705777
4999675.0,66,243.829237
-5000222.0,45,243.914765
-5000326.0,66,244.04059
-5000274.0,55,244.145447
-5000132.0,27,244.197745
-5000579.0,116,244.418441
-5000123.0,25,244.466288
4999781.0,44,244.551062
4999911.0,18,244.587966
4999916.0,17,244.621872
4999906.0,19,244.65977
4999823.0,36,244.728586
4999885.0,24,244.775486
4999923.0,16,244.806403
-5000309.0,62,244.927058
-5000170.0,35,244.993797
-5000317.0,64,245.117497
-5000289.0,58,245.236524
4999781.0,44,245.320301
4999747.0,51,245.417042
4999905.0,20,245.456739
4999836.0,33,245.521567
4999939.0,13,245.547497
-5000167.0,34,245.612323
-5000155.0,32,245.673541
-5000217.0,44,245.757721
4999811.0,38,245.829504
-5000604.0,121,246.05989
-5000265.0,54,247.128011
4999862.0,28,247.189917
4999942.0,12,247.215954
-5000248.0,50,247.316684
-5000252.0,51,247.414533
4999740.0,53,247.545334
-5000161.0,33,247.609191
4999941.0,12,247.633127
-5000150.0,31,247.692967
-5000241.0,49,247.787507
4999869.0,27,247.842361
-5000168.0,34,247.907974
-5000452.0,91,248.083492
-5000154.0,31,248.14356
4999847.0,31,248.204398
4999916.0,17,248.239263
-5000360.0,73,248.377169
-5000174.0,35,248.445521
-5000242.0,49,248.543261
-5000204.0,41,248.623044
-5000132.0,27,248.673933
-5000460.0,93,248.851644
4999887.0,23,248.895524
-5000798.0,160,249.198234
-5000641.0,129,249.443218
-5000201.0,41,249.523185
4999717.0,57,249.630934
4999803.0,40,249.70788
-5000150.0,31,249.767775
4999833.0,34,249.834664
-5000131.0,27,249.886771
4999733.0,54,249.989525
4999937.0,13,250.01439
-5000636.0,128,250.261151
4999842.0,32,250.325384
4999715.0,58,250.435619
4999857.0,29,250.511813
-5001057.0,212,250.917959
-5000378.0,76,251.064389
4999834.0,34,252.129266
-5000351.0,71,252.282962
4999740.0,53,252.384266
-5000150.0,31,252.444099
4999856.0,29,252.500947
4999802.0,40,252.577728
4999923.0,16,252.611638
-5000517.0,104,252.811093
4999943.0,12,252.835056
4999858.0,29,252.893439
4999899.0,21,252.93433
4999929.0,15,252.96425
4999842.0,32,253.025602
4999907.0,19,253.063493
4999770.0,47,253.156399
4999814.0,38,253.22821
-5000296.0,60,253.342466
-5000136.0,28,253.396124
-5000202.0,41,253.481969
4999853.0,30,253.561029
-5000141.0,29,253.616548
4999932.0,14,253.643476
4999958.0,9,253.662423
4999835.0,34,253.728812
-5000157.0,32,253.801613
-5000279.0,56,253.910691
4999843.0,32,253.971553
4999818.0,37,254.041826
-5000815.0,164,254.35269
-5000168.0,34,254.431087
-5000492.0,99,254.626414
4999693.0,62,254.744727
4999901.0,20,254.78462
-5001615.0,324,255.405951
4999725.0,56,255.512582
-5000476.0,96,255.695118
-5000167.0,34,255.758947
-5000489.0,98,255.946303
-5000673.0,135,257.254798
-5000584.0,117,257.491442
-5000252.0,51,257.590394
4999772.0,46,257.67788
-5000269.0,54,257.782254
-5000194.0,39,257.859649
4999886.0,23,257.905123
4999891.0,22,257.947312
4999856.0,29,258.005402
-5000758.0,152,258.299018
4999842.0,32,258.361615
-5000178.0,36,258.43143
4999903.0,20,258.470327
-5000513.0,103,258.665392
-5000381.0,77,258.811002
4999879.0,25,258.859457
4999876.0,25,258.907329
4999825.0,36,258.976171
-5000271.0,55,259.083084
-5000395.0,80,259.233999
4999878.0,25,259.282382
4999861.0,28,259.336236
4999901.0,20,259.3743
-5001087.0,218,259.787299
4999797.0,41,259.865093
-5000433.0,87,260.029123
4999844.0,32,260.093818
-5000141.0,29,260.148198
4999789.0,43,260.230563
4999889.0,23,260.275983
-5000163.0,33,260.338907
-5000116.0,24,260.383701
-5000302.0,61,260.510195
-5000211.0,43,260.590678
-5000691.0,139,260.851806
4999849.0,31,260.912645
4999724.0,56,261.01929
4999733.0,54,262.193955
-5000625.0,126,262.452111
4999903.0,20,262.492005
4999942.0,12,262.515555
4999873.0,26,262.565433
4999897.0,21,262.60782
4999876.0,25,262.657686
-5000382.0,77,262.805257
4999804.0,40,262.883062
-5000245.0,50,262.98031
4999738.0,53,263.083037
4999953.0,10,263.103491
4999949.0,11,263.126455
4999867.0,27,263.180284
4999838.0,33,263.244517
4999868.0,27,263.297357
4999889.0,23,263.342239
-5000300.0,61,263.459922
-5002996.0,600,264.594084
4999888.0,23,264.638963
-5000497.0,100,264.828243
4999655.0,70,264.961885
4999916.0,17,264.994798
-5000351.0,71,265.130363
4999859.0,29,265.185723
-5000234.0,47,265.279129
-5000358.0,72,265.419642
4999625.0,76,265.567666
4999825.0,36,265.639125
4999839.0,33,265.702465
4999858.0,29,265.758097
-5000294.0,59,265.872963
-5000159.0,32,265.934485
4999830.0,35,266.000379
4999764.0,48,266.091137
4999764.0,48,267.241834
4999889.0,23,267.294581
4999749.0,51,267.400304
4999848.0,31,267.461143
4999894.0,22,267.505024
4999838.0,33,267.570848
4999905.0,20,267.60875
4999937.0,13,267.633683
4999833.0,34,267.698222
4999896.0,21,267.740111
4999828.0,35,267.807931
4999880.0,25,267.855804
4999907.0,19,267.892708
-5000311.0,63,268.014251
4999823.0,36,268.100022
4999749.0,51,268.199755
-5003676.0,736,269.599862
-5000293.0,59,269.714561
-5001335.0,268,270.227122
4999751.0,50,270.32287
4999900.0,21,270.364758
4999848.0,31,270.424286
-5000156.0,32,270.488009
4999362.0,128,270.748419
-5000441.0,89,270.918279
4999824.0,36,270.986094
4999913.0,18,271.021
4999891.0,22,271.063884
4999921.0,16,271.095824
4999882.0,24,271.142285
4999804.0,40,272.281307
4999922.0,16,272.317209
4999744.0,52,272.431368
-5000175.0,36,272.504451
-5001196.0,240,272.96705
4999825.0,36,273.036864
4999871.0,26,273.087728
-5000333.0,67,273.217565
-5000484.0,97,273.403344
4999901.0,20,273.445231
-5000853.0,171,273.76945
4999784.0,44,273.856217
4999833.0,34,273.921069
-5000579.0,116,274.14102
-5001411.0,283,274.678364
-5000247.0,50,274.774107
-5000134.0,27,274.824971
-5000148.0,30,274.883813
-5000232.0,47,274.978648
-5000378.0,76,275.12378
-5000479.0,96,275.305964
4999871.0,26,275.35583
-5001692.0,339,276.006333
-5000344.0,69,276.137621
4999920.0,17,277.176622
4999712.0,58,277.305499
4999927.0,15,277.33841
4999922.0,16,277.373416
4999945.0,12,277.396355
-5000246.0,50,277.493689
4999917.0,17,277.528595
4999902.0,20,277.567825
4999921.0,16,277.599109
-5000305.0,62,277.717814
-5000305.0,62,277.837471
4999872.0,26,277.887877
4999782.0,44,277.971622
4999877.0,25,278.019496
4999921.0,16,278.051411
-5000184.0,37,278.125246
-5000424.0,85,278.290776
4999818.0,37,278.36321
4999785.0,44,278.446993
4999837.0,33,278.511816
4999936.0,13,278.537822
4999848.0,31,278.597661
-5000389.0,78,278.748259
4999783.0,44,278.832
4999926.0,15,278.861921
4999880.0,25,278.909791
4999900.0,21,278.949685
4999789.0,43,279.031101
4999815.0,38,279.10439
-5000160.0,33,279.165701
-5000676.0,136,279.440011
4999854.0,30,279.498364
4999944.0,12,279.523603
4999822.0,36,279.594419
-5000224.0,45,279.679736
4999938.0,13,279.706692
-5000499.0,100,279.895701
-5000437.0,88,280.064844
-5001702.0,341,280.730113
4999818.0,37,280.800923
-5000380.0,77,280.954345
-5000311.0,63,281.075022
4999920.0,17,281.1081
-5000379.0,76,282.276026
4999814.0,38,282.359801
4999877.0,25,282.410669
4999938.0,13,282.434733
4999903.0,20,282.475497
-5000256.0,52,282.576166
-5000622.0,125,282.818178
-5000274.0,55,282.92492
4999919.0,17,282.957832
4999899.0,21,282.999303
4999772.0,46,283.088094
4999879.0,25,283.13586
4999876.0,25,283.184758
4999920.0,17,283.218589
4999958.0,9,283.236542
-5000190.0,39,283.311389
4999862.0,28,283.365334
4999948.0,11,283.386277
4999939.0,13,283.411238
-5000454.0,91,283.584975
-5001866.0,374,284.295953
-5000423.0,85,284.456254
4999763.0,48,284.549849
4999857.0,29,284.607246
4999878.0,25,284.655199
-5000143.0,29,284.713044
4999842.0,32,284.775712
4999930.0,15,284.804634
-5000437.0,88,284.975825
4999754.0,50,285.071213
4999865.0,28,285.123729
4999857.0,29,285.179258
4999874.0,26,285.230121
4999824.0,36,285.297966
4999850.0,31,285.358804
-5000247.0,50,285.452073
4999822.0,36,285.521916
4999948.0,11,285.543857
4999855.0,30,285.600878
4999884.0,24,285.646758
4999917.0,17,285.680261
4999830.0,35,285.748862
4999915.0,18,285.782772
4999918.0,17,285.816612
-5002896.0,580,288.002518
-5000583.0,117,288.224964
4999800.0,41,288.303788
4999849.0,31,288.362631
4999916.0,17,288.395078
4999910.0,19,288.43198
-5000415.0,84,288.593063
4999920.0,17,288.626218
-5000399.0,80,288.776845
-5000255.0,52,288.878139
4999932.0,14,288.90504
4999927.0,15,288.932966
4999905.0,20,288.971871
-5000331.0,67,289.098436
4999866.0,27,289.150302
-5000280.0,57,289.260013
4999940.0,13,289.284945
4999951.0,10,289.305889
4999955.0,10,289.325866
4999789.0,43,289.407648
-5000474.0,95,289.587702
4999904.0,20,289.627172
-5000196.0,40,289.701944
4999797.0,41,289.780581
4999815.0,38,289.856378
4999925.0,16,289.888294
-5000687.0,138,290.150157
-5000864.0,173,290.479291
-5000239.0,48,290.571243
4999851.0,30,290.629417
-5000303.0,61,290.745139
-5000178.0,36,290.813988
4999910.0,19,290.851886
4999845.0,32,290.915715
-5000640.0,129,292.244776
-5000257.0,52,292.358046
-5000241.0,49,292.459779
-5000296.0,60,292.576013
4999728.0,55,292.681266
-5000188.0,38,292.755068
4999794.0,42,292.850621
4999748.0,51,292.95235
-5001440.0,289,293.50522
4999877.0,25,293.552438
4999846.0,31,293.6125
4999925.0,16,293.642448
-5001660.0,333,294.27442
4999832.0,34,294.339385
4999876.0,25,294.386237
4999812.0,38,294.459046
4999882.0,24,294.505897
-5000767.0,154,294.797994
4999900.0,21,294.840878
4999906.0,19,294.87778
4999861.0,28,294.930639
4999954.0,10,294.95013
-5000170.0,35,295.017948
-5000134.0,27,295.069809
4999772.0,46,295.15837
4999796.0,41,295.236163
4999865.0,28,295.290042
4999883.0,24,295.333926
-5000281.0,57,295.442633
-5000199.0,40,295.519881
-5000625.0,126,295.756657
-5000126.0,26,295.806525
-5000325.0,66,295.931554
4999682.0,64,296.054826
4999916.0,17,296.090025
-5001194.0,239,297.576961
4999885.0,24,297.622863
-5000240.0,49,297.716618
-5000202.0,41,297.796472
-5000687.0,138,298.063951
-5000694.0,139,298.330538
4999823.0,36,298.401348
4999909.0,19,298.439246
4999892.0,22,298.48085
4999825.0,36,298.549666
4999952.0,10,298.568615
4999873.0,26,298.618484
-5000409.0,82,298.774575
4999927.0,15,298.8025
4999859.0,29,298.859784
-5002640.0,529,299.865202
-5000163.0,33,299.929003
-5000474.0,95,300.113512
-5002920.0,585,302.304965
4999855.0,30,302.369793
4999895.0,22,302.415177
-5000243.0,49,302.510924
-5000671.0,135,302.768981
4999862.0,28,302.824175
4999924.0,16,302.855562
4999936.0,13,302.880495
4999935.0,14,302.909442
4999907.0,19,302.945322
4999909.0,19,302.982145
4999934.0,14,303.011068
4999890.0,23,303.05495
4999830.0,35,303.12381
4999858.0,29,303.181177
4999839.0,33,303.245006
-5000182.0,37,303.315666
4999886.0,23,303.362576
4999850.0,31,303.42042
4999946.0,11,303.443359
4999946.0,11,303.464305
-5000358.0,72,303.601492
-5000145.0,30,303.658339
4999848.0,31,303.718194
4999928.0,15,303.747116
4999965.0,8,303.764095
4999897.0,21,303.803919
4999825.0,36,303.873216
4999885.0,24,303.919785
4999781.0,44,304.005555
4999944.0,12,304.028494
4999829.0,35,304.094899
4999835.0,34,304.160552
4999832.0,34,304.227742
4999876.0,25,304.275615
4999951.0,10,304.294564
4999852.0,30,304.351477
-5000349.0,70,304.484501
4999701.0,60,304.598484
4999858.0,29,304.655924
4999897.0,21,304.694858
4999928.0,15,304.723781
4999876.0,25,304.774099
4999833.0,34,304.840545
4999935.0,14,304.866513
4999840.0,33,304.92983
4999903.0,20,304.968751
4999858.0,29,305.02358
-5000373.0,75,305.165198
4999833.0,34,305.231582
4999906.0,19,305.269481
-5000602.0,121,305.499865
4999846.0,31,305.559705
-5000299.0,60,305.674124
-5000367.0,74,305.813751
4999843.0,32,305.875272
-5000137.0,28,305.929144
4999881.0,24,305.976001
4999927.0,15,306.004924
4999916.0,17,306.038833
4999749.0,51,306.135174
4999804.0,40,307.314911
-5005832.0,1167,309.55751
4999886.0,23,309.60239
4999861.0,28,309.656823
4999841.0,32,309.716671
4999941.0,12,309.740607
-5000524.0,105,309.944118
4999853.0,30,310.000663
4999710.0,59,310.112911
4999910.0,19,310.149868
4999921.0,16,310.180761
-5003099.0,620,312.448743
4999925.0,16,312.47966
4999913.0,18,312.51409
4999934.0,14,312.543013
4999746.0,51,312.642027
-5000211.0,43,312.724818
4999850.0,31,312.783634
4999869.0,27,312.838863
4999832.0,34,312.905199
-5000653.0,131,313.156363
4999863.0,28,313.210229
4999870.0,27,313.26209
4999904.0,20,313.301491
4999837.0,33,313.365549
4999786.0,43,313.449303
4999895.0,22,313.509222
4999920.0,17,313.554108
-5000163.0,33,313.617622
4999916.0,17,313.652363
-5000204.0,41,313.73112
4999862.0,28,313.784977
4999829.0,35,313.852796
4999741.0,52,313.952533
-5000490.0,99,314.137713
4999905.0,20,314.176608
4999938.0,13,314.200397
4999861.0,28,314.255044
-5003531.0,707,315.595713
4999848.0,31,315.654571
4999953.0,10,315.67352
4999836.0,33,315.736353
-5000470.0,95,315.916897
4999881.0,24,315.961974
4999848.0,31,316.022867
4999656.0,69,316.154315
4999919.0,17,316.186203
4999784.0,44,317.280846
4999875.0,26,317.336699
4999796.0,41,317.429779
4999838.0,33,317.496355
4999881.0,24,317.543141
4999902.0,20,317.582162
4999917.0,17,317.615153
4999822.0,36,317.684638
-5000396.0,80,317.839127
4999871.0,26,317.890643
-5000399.0,80,318.043353
-5000191.0,39,318.117338
4999889.0,23,318.163518
-5001033.0,207,318.560418
-5000351.0,71,318.692592
4999853.0,30,318.748952
-5000130.0,27,318.801811
4999818.0,37,318.874156
4999908.0,19,318.909671
4999762.0,48,319.002982
4999906.0,19,319.040365
4999952.0,10,319.059315
-5000365.0,74,319.199972
-5000760.0,153,319.492703
-5001255.0,252,319.987601
4999890.0,23,320.031969
-5000325.0,66,320.158687
4999823.0,36,320.225974
4999911.0,18,320.26088
4999944.0,12,320.283819
4999857.0,29,320.339534
4999886.0,23,320.383443
-5000523.0,105,320.583872
-5001101.0,221,321.007581
4999890.0,23,321.049635
-5000183.0,37,321.121413
-5000281.0,57,322.268695
4999932.0,14,322.300142
-5000479.0,96,322.498422
-5000523.0,105,322.700808
4999901.0,20,322.740701
4999912.0,18,322.776464
4999880.0,25,322.824315
4999873.0,26,322.876826
4999925.0,16,322.907744
4999902.0,20,322.946604
4999811.0,38,323.020408
-5000120.0,25,323.070274
-5001748.0,350,323.736869
-5001799.0,360,324.418442
4999883.0,24,324.464294
4999861.0,28,324.518151
-5000302.0,61,324.633365
4999879.0,25,324.682259
4999946.0,11,324.703712
4999812.0,38,324.776522
4999782.0,44,324.862532
4999954.0,10,324.881482
4999946.0,11,324.902426
-5000156.0,32,324.964771
4999821.0,36,325.036402
4999921.0,16,325.067318
4999912.0,18,325.101276
4999846.0,31,325.161122
4999908.0,19,325.198022
4999884.0,24,325.243911
4999822.0,36,325.312565
4999784.0,44,325.395752
-5000901.0,181,325.744072
-5000195.0,40,325.819846
-5000567.0,114,326.036541
4999917.0,17,326.069454
-5000381.0,77,327.291321
4999900.0,21,327.338208
4999914.0,18,327.377102
4999924.0,16,327.412009
4999837.0,33,327.480374
4999919.0,17,327.513285
4999814.0,38,327.585989
4999878.0,25,327.632863
-5000523.0,105,327.838532
4999878.0,25,327.887402
4999670.0,67,328.016055
-5000165.0,34,328.081905
4999804.0,40,328.15886
-5000433.0,87,328.324393
4999882.0,24,328.371131
-5000353.0,71,328.507204
4999824.0,36,328.575562
4999866.0,27,328.6264
4999934.0,14,328.654352
-5000245.0,50,328.748097
4999882.0,24,328.793952
-5000226.0,46,328.881325
4999804.0,40,328.95815
4999868.0,27,329.007989
4999885.0,24,329.053868
4999905.0,20,329.092763
-5001828.0,366,329.800738
4999919.0,17,329.832642
4999897.0,21,329.874947
-5001104.0,221,330.274656
-5000597.0,120,330.491038
4999817.0,37,330.559853
4999819.0,37,330.626279
4999909.0,19,330.660165
4999943.0,12,330.682107
4999877.0,25,330.728981
4999858.0,29,330.780842
4999858.0,29,330.832599
-5000190.0,39,330.90266
4999907.0,19,330.937004
-5000718.0,144,332.220783
4999894.0,22,332.268655
4999745.0,52,332.373376
4999864.0,28,332.426234
-5000169.0,34,332.491061
4999886.0,23,332.535941
4999929.0,15,332.562871
4999898.0,21,332.603762
4999843.0,32,332.663602
4999868.0,27,332.714467
4999928.0,15,332.744386
-5000265.0,54,332.862803
4999821.0,36,332.930623
-5004003.0,801,334.411024
-5000168.0,34,334.474131
4999916.0,17,334.507043
-5000144.0,29,334.56196
-5000831.0,167,334.871434
4999897.0,21,334.913321
4999866.0,27,334.964747
4999933.0,14,334.99121
4999811.0,38,335.062017
4999876.0,25,335.107407
4999889.0,23,335.150718
4999846.0,31,335.208055
4999843.0,32,335.267201
4999861.0,28,335.32006
-5000717.0,144,335.58454
4999763.0,48,335.671309
4999836.0,33,335.733142
-5001207.0,242,337.190354
4999862.0,28,337.24421
4999923.0,16,337.276125
4999928.0,15,337.306044
4999849.0,31,337.3635
-5000600.0,121,337.589894
-5000238.0,48,337.679688
4999859.0,29,337.733544
4999934.0,14,337.760472
4999870.0,27,337.810338
4999887.0,23,337.85583
4999859.0,29,337.911681
4999906.0,19,337.947585
-5003144.0,629,339.10826
4999866.0,27,339.158502
4999902.0,20,339.195403
4999901.0,20,339.233308
-5000159.0,32,339.293152
4999869.0,27,339.342283
4999876.0,25,339.390262
-5000231.0,47,339.478053
4999921.0,16,339.507973
-5000402.0,81,339.690855
4999814.0,38,339.776402
4999858.0,29,339.838235
4999953.0,10,339.861153
4999804.0,40,339.941937
-5000977.0,196,340.340506
-5000282.0,57,340.456745
4999936.0,13,340.485641
4999913.0,18,340.522542
4999856.0,29,340.604349
4999814.0,38,340.684646
4999747.0,51,340.793888
4999909.0,19,340.832819
4999938.0,13,340.86119
4999826.0,35,340.931972
-5000291.0,59,342.145818
4999909.0,19,342.190697
4999800.0,41,342.284447
-5000451.0,91,342.479735
4999781.0,44,342.573268
-5000666.0,134,342.846022
4999939.0,13,342.872484
4999873.0,26,342.926339
4999914.0,18,342.961656
-5000277.0,56,343.073383
-5000454.0,91,343.247952
4999846.0,31,343.309305
4999911.0,18,343.344661
4999903.0,20,343.383106
4999888.0,23,343.427002
-5000234.0,47,343.520739
-5000420.0,85,343.680371
4999814.0,38,343.753178
4999689.0,63,343.872454
-5000192.0,39,343.960219
4999766.0,47,344.049979
4999820.0,37,344.124331
4999841.0,32,344.18468
-5000362.0,73,344.324306
-5000406.0,82,344.479142
4999870.0,27,344.532
-5000424.0,85,344.693633
-5002366.0,474,345.594314
-5000151.0,31,345.653156
-5000192.0,39,345.72995
-5000495.0,100,345.919045
-5000349.0,70,346.053686
4999882.0,24,346.099317
-5000476.0,96,347.342166
-5000127.0,26,347.392033
4999871.0,26,347.443896
-5000448.0,90,347.623452
4999917.0,17,347.656365
4999846.0,31,347.71583
4999887.0,23,347.761707
4999934.0,14,347.788654
4999903.0,20,347.827552
4999860.0,29,347.886788
4999865.0,28,347.941642
-5000247.0,50,348.039302
-5000626.0,126,348.284585
-5000261.0,53,348.386319
4999908.0,19,348.422223
4999967.0,7,348.438179
4999911.0,18,348.475127
-5000190.0,39,348.549437
4999917.0,17,348.582377
4999890.0,23,348.626386
4999909.0,19,348.663288
4999930.0,15,348.69221
4999955.0,10,348.711159
4999877.0,25,348.760054
4999807.0,39,348.832834
4999850.0,31,348.893213
4999895.0,22,348.934249
4999853.0,30,348.991097
4999869.0,27,349.042982
-5000416.0,84,349.203016
4999129.0,175,349.533533
4999915.0,18,349.56844
4999947.0,11,349.589382
4999915.0,18,349.623173
4999777.0,45,349.709432
4999897.0,21,349.756305
4999709.0,59,349.889986
-5000476.0,96,350.09326
4999785.0,44,350.184017
-5000177.0,36,350.259144
-5000281.0,57,350.375665
4999922.0,16,350.409802
4999809.0,39,350.490181
-5000134.0,27,350.549025
-5000445.0,90,350.731958
4999797.0,41,350.815992
-5000158.0,32,350.881615
4999859.0,29,350.943449
4999862.0,28,351.001295
-5000490.0,99,351.20572
4999912.0,18,351.246199
4999918.0,17,352.331093
4999851.0,30,352.403656
4999907.0,19,352.449015
-5000242.0,49,352.55795
4999890.0,23,352.609077
4999916.0,17,352.649967
4999935.0,14,352.681477
4999749.0,51,352.790143
-5002377.0,476,353.772298
4999809.0,39,353.853729
4999865.0,28,353.910787
4999859.0,29,353.971182
-5000449.0,90,354.155136
4999857.0,29,354.213956
4999914.0,18,354.250862
4999904.0,20,354.292749
-5000248.0,50,354.396909
-5000171.0,35,354.469491
4999876.0,25,354.52033
4999848.0,31,354.584949
-5000377.0,76,354.739208
4999812.0,38,354.817556
-5000121.0,25,354.870527
4999917.0,17,354.906398
4999896.0,21,354.950304
-5000163.0,33,355.016104
4999941.0,12,355.042669
-5000112.0,23,355.091539
4999816.0,37,355.16489
-5000918.0,184,355.527118
4999904.0,20,355.566331
4999814.0,38,355.641243
-5001676.0,336,356.279104
4999845.0,32,356.339507
4999889.0,23,356.386357
-5000304.0,61,357.530996
-5000648.0,130,357.82794
4999886.0,23,357.877352
4999889.0,23,357.926491
-5000545.0,110,358.158664
4999794.0,42,358.244821
-5000771.0,155,358.570262
4999770.0,47,358.667027
4999864.0,28,358.724356
4999836.0,33,358.793171
4999810.0,39,358.87493
4999885.0,24,358.924796
4999797.0,41,359.008571
4999813.0,38,359.087118
4999863.0,28,359.144964
-5000203.0,41,359.228739
-5000649.0,130,359.497576
4999845.0,32,359.564398
4999821.0,36,359.63984
4999949.0,11,359.662777
4999934.0,14,359.6917
4999903.0,20,359.732591
4999821.0,36,359.807391
4999884.0,24,359.85681
-5000472.0,95,360.07024
4999863.0,28,360.1284
-5000171.0,35,360.199215
4999847.0,31,360.264041
4999945.0,12,360.288975
4999910.0,19,360.327871
4999788.0,43,360.416042
-5000390.0,79,360.576613
4999859.0,29,360.638022
-5000136.0,28,360.695425
-5000389.0,78,360.850064
-5000339.0,68,360.999162
-5000481.0,97,361.197589
4999935.0,14,361.226032
4999896.0,21,361.267921
4999949.0,11,361.289862
4999835.0,34,361.354941
4999858.0,29,361.412018
4999955.0,10,361.431365
4999955.0,10,361.450852
4999899.0,21,361.493738
4999878.0,25,361.544603
4999794.0,42,361.6324
4999925.0,16,361.663345
4999886.0,23,361.710966
-5000191.0,39,362.910612
-5000758.0,152,363.269884
4999894.0,22,363.316757
4999937.0,13,363.344683
4999865.0,28,363.404562
-5000744.0,149,363.757067
-5000687.0,138,364.06475
-5000177.0,36,364.148079
4999889.0,23,364.215898
4999944.0,12,364.240855
4999901.0,20,364.277732
4999894.0,22,364.317626
-5000209.0,42,364.394576
-5000070.0,15,364.423499
4999829.0,35,364.491316
-5000785.0,158,364.793016
-5000289.0,58,364.903475
4999845.0,32,364.965309
-5000304.0,61,365.084349
-5000121.0,25,365.133716
4999889.0,23,365.179846
4999909.0,19,365.223288
4999935.0,14,365.253208
4999866.0,27,365.310888
4999870.0,27,365.364171
4999960.0,9,365.381125
4999898.0,21,365.421023
4999872.0,26,365.469809
4999943.0,12,365.493719
4999866.0,27,365.549571
-5000570.0,115,365.79592
4999892.0,22,365.843847
-5000451.0,91,366.03088
-5000313.0,63,366.161973
4999910.0,19,366.197878
-5000882.0,177,366.555077
4999882.0,24,366.606006
4999898.0,21,366.651883
4999693.0,62,366.7787
-5000159.0,32,366.846037
4999751.0,50,366.95418
4999883.0,24,367.00305
4999914.0,18,367.04115
-5000137.0,28,367.101987
4999902.0,20,367.144164
4999848.0,31,368.308944
4999849.0,31,368.377425
-5000297.0,60,368.513463
-5000523.0,105,368.73161
4999864.0,28,368.79106
4999785.0,44,368.883639
4999952.0,10,368.905557
4999875.0,26,368.959917
-5000291.0,59,369.082927
4999920.0,17,369.119107
4999885.0,24,369.172984
4999860.0,29,369.234799
4999729.0,55,369.352676
4999889.0,23,369.400551
-5000422.0,85,369.581068
4999879.0,25,369.631932
4999859.0,29,369.691804
-5000691.0,139,369.976037
-5000273.0,55,370.090971
4999872.0,26,370.14882
4999764.0,48,370.249869
-5000141.0,29,370.310706
4999907.0,19,370.350414
4999781.0,44,370.442448
4999717.0,57,370.558121
4999926.0,15,370.590059
4999934.0,14,370.637908
-5000287.0,58,370.764568
-5000162.0,33,370.830733
4999878.0,25,370.883743
4999893.0,22,370.930611
4999917.0,17,370.966295
4999840.0,33,371.035178
4999852.0,30,371.097071
-5000727.0,146,371.394842
4999890.0,23,371.442691
4999848.0,31,371.511506
4999865.0,28,371.568329
-5000781.0,157,371.892684
-5000446.0,90,372.091153
-5000729.0,146,372.394825
-5000141.0,29,372.455662
4999916.0,17,372.491566
4999841.0,32,372.560732
4999756.0,49,373.798914
4999927.0,15,373.836321
4999959.0,9,373.859764
4999858.0,29,373.924591
4999881.0,24,373.984433
4999900.0,21,374.044272
-5000409.0,82,374.219232
-5000371.0,75,374.371823
4999868.0,27,374.43106
4999878.0,25,374.486911
4999835.0,34,374.562804
4999859.0,29,374.628318
4999900.0,21,374.681201
-5000259.0,52,374.792933
4999959.0,9,374.811964
4999818.0,37,374.895083
-5000335.0,68,375.041209
4999929.0,15,375.074122
-5000788.0,158,375.407146
-5000444.0,89,375.595642
-5000225.0,46,375.692051
4999886.0,23,375.738927
4999836.0,33,375.806745
4999890.0,23,375.854618
-5000320.0,65,375.989261
4999885.0,24,376.039722
4999892.0,22,376.087594
4999908.0,19,376.127152
4999861.0,28,376.185995
4999831.0,34,376.256805
4999909.0,19,376.295725
4999754.0,50,376.398592
-5000371.0,75,376.564045
-5000143.0,29,376.623886
-5000589.0,118,376.866215
4999843.0,32,376.934057
4999877.0,25,376.991903
4999826.0,35,377.063985
-5000492.0,99,377.264014
4999771.0,46,377.356768
4999766.0,47,377.458524
-5000386.0,78,377.618778
-5000834.0,167,377.960563
4999817.0,37,378.04156
4999867.0,27,378.104785
4999925.0,16,379.367992
-5000540.0,109,379.637277
4999899.0,21,379.684152
4999851.0,30,379.754548
4999919.0,17,379.792447
4999902.0,20,379.838329
-5000184.0,37,379.933619
4999826.0,35,380.016159
4999927.0,15,380.056777
-5000435.0,88,380.260838
4999888.0,23,380.314015
4999138.0,173,380.679417
4999775.0,46,380.774562
4999858.0,29,380.836665
-5000194.0,39,380.91678
4999854.0,30,380.980598
-5000594.0,119,381.25067
4999946.0,11,381.274606
4999887.0,23,381.321884
4999899.0,21,381.365285
4999853.0,30,381.429104
4999907.0,19,381.469996
4999778.0,45,381.563907
4999952.0,10,381.587054
4999914.0,18,381.6237
-5000364.0,73,381.778197
4999828.0,35,381.851549
4999757.0,49,381.956458
4999913.0,18,381.994358
-5000735.0,148,382.310581
4999838.0,33,382.387359
4999862.0,28,382.451187
4999944.0,12,382.477118
-5000833.0,167,382.819819
-5000446.0,90,383.007712
4999866.0,27,383.064561
-5001152.0,231,383.555379
4999936.0,13,383.580313
4999888.0,23,383.624608
-5000805.0,162,385.097522
4999865.0,28,385.159213
-5002077.0,416,386.051411
-5000634.0,127,386.315261
-5000271.0,55,386.430559
-5000157.0,32,386.498608
-5000720.0,145,386.785546
-5000326.0,66,386.912941
4999877.0,25,386.963805
-5001171.0,235,387.424338
4999795.0,42,387.507117
-5000428.0,86,387.67336
4999793.0,42,387.755998
4999954.0,10,387.775944
4999912.0,18,387.809852
-5000337.0,68,387.942005
4999897.0,21,387.982896
4999855.0,30,388.039743
4999883.0,24,388.088612
4999857.0,29,388.146069
4999801.0,40,388.228364
4999811.0,38,388.302167
4999889.0,23,388.347333
4999813.0,38,388.42155
-5002293.0,459,390.526966
4999846.0,31,390.593787
-5001228.0,246,391.116212
-5000369.0,74,391.271136
4999886.0,23,391.32297
-5000163.0,33,391.392784
4999777.0,45,391.489524
4999953.0,10,391.510497
-5000142.0,29,391.571365
4999907.0,19,391.610236
-5000678.0,136,391.886843
-5000254.0,51,391.995556
-5000124.0,25,392.046421
-5000318.0,64,392.179069
4999867.0,27,392.23492
-5000608.0,122,392.489143
4999796.0,41,392.571949
4999809.0,39,392.649016
4999918.0,17,392.681927
-5000621.0,125,392.923955
4999827.0,35,392.99676
4999957.0,9,393.01571
4999832.0,34,393.080536
4999924.0,16,393.112451
4999891.0,22,393.155494
-5000479.0,96,393.356957
4999934.0,14,393.383885
4999837.0,33,393.447713
4999904.0,20,393.487607
4999876.0,25,393.536477
-5000389.0,78,393.692632
-5000341.0,69,393.827296
4999908.0,19,393.864173
4999867.0,27,393.916034
4999864.0,28,393.971886
-5003059.0,612,396.264727
4999866.0,27,396.319579
-5000624.0,125,396.563116
4999845.0,32,396.624829
-5002877.0,576,397.750919
4999866.0,27,397.804401
-5000798.0,160,398.112792
4999918.0,17,398.147699
4999882.0,24,398.193675
4999860.0,29,398.249526
4999877.0,25,398.298331
4999926.0,15,398.328803
4999904.0,20,398.367342
4999816.0,37,398.439288
-5000672.0,135,398.698454
4999855.0,30,398.762283
4999763.0,48,398.863131
4999779.0,45,398.949323
4999820.0,37,399.022022
-5000577.0,116,399.245377
4999879.0,25,399.294274
-5000149.0,30,399.35267
4999921.0,16,399.384583
4999875.0,26,399.434451
4999841.0,32,399.497282
-5000461.0,93,400.699889
-5000295.0,60,400.819569
-5000113.0,23,400.865037
4999616.0,77,401.017139
4999905.0,20,401.056034
-5000565.0,114,401.273889
4999848.0,31,401.33373
-5000346.0,70,401.468399
4999705.0,60,401.586293
4999845.0,32,401.649667
4999790.0,43,401.731487
4999906.0,19,401.770375
4999880.0,25,401.817224
4999906.0,19,401.856123
4999832.0,34,401.921623
-5000251.0,51,402.02036
-5000510.0,103,402.21557
4999825.0,36,402.286381
4999877.0,25,402.334035
-5000484.0,97,402.521323
-5000127.0,26,402.571167
4999924.0,16,402.602686
4999905.0,20,402.641581
4999751.0,50,402.736327
-5001918.0,384,403.471449
4999929.0,15,403.500374
4999871.0,26,403.552235
-5000234.0,47,403.648556
-5000440.0,89,403.820097
4999749.0,51,403.923302
4999861.0,28,403.978422
4999953.0,10,403.99837
4999863.0,28,404.05422
4999926.0,15,404.084139
4999877.0,25,404.132015
4999849.0,31,404.193849
4999915.0,18,404.230752
4999912.0,18,404.265657
4999797.0,41,404.346035
-5000156.0,32,404.408461
-5000425.0,86,405.620356
4999779.0,45,405.724409
-5000412.0,83,405.892898
4999809.0,39,405.970723
-5000407.0,82,406.147354
4999855.0,30,406.207506
4999966.0,7,406.221444
4999928.0,15,406.250368
4999758.0,49,406.344593
-5000172.0,35,406.412746
-5000311.0,63,406.535395
-5001316.0,264,407.062436
4999871.0,26,407.114054
4999913.0,18,407.149545
4999937.0,13,407.176475
-5000265.0,54,407.282387
-5000156.0,32,407.344181
4999863.0,28,407.398988
4999805.0,40,407.479773
4999840.0,33,407.544624
4999862.0,28,407.600328
4999890.0,23,407.645261
4999865.0,28,407.69909
4999918.0,17,407.731558
-5000800.0,161,408.043
-5000901.0,181,408.384697
-5000561.0,113,408.602624
-5000148.0,30,408.660467
-5000379.0,76,408.809401
-5000130.0,27,408.862258
4999913.0,18,408.896758
4999886.0,23,408.941661
4999804.0,40,409.021425
4999914.0,18,409.058325
4999924.0,16,409.091237
4999884.0,24,409.137734
4999875.0,26,409.186579
4999913.0,18,409.222511
4999951.0,10,409.24243
4999965.0,8,409.258386
4999946.0,11,409.280327
-5002238.0,448,411.237915
4999946.0,11,411.259855
4999892.0,22,411.304762
4999924.0,16,411.334655
4999863.0,28,411.390505
4999817.0,37,411.461316
4999816.0,37,411.535119
4999848.0,31,411.594963
4999837.0,33,411.660815
4999711.0,58,411.776376
-5000505.0,102,411.979358
4999910.0,19,412.016881
4999850.0,31,412.077354
4999940.0,13,412.104283
4999855.0,30,412.161132
4999924.0,16,412.192644
4999915.0,18,412.226554
-5000299.0,60,412.343273
-5000358.0,72,412.483898
4999839.0,33,412.555729
4999829.0,35,412.632118
4999797.0,41,412.721858
4999888.0,23,412.771724
4999726.0,55,412.892982
-5000384.0,77,413.057533
4999816.0,37,413.127381
-5000248.0,50,413.228192
-5000719.0,144,413.508118
4999820.0,37,413.577932
4999901.0,20,413.616828
4999903.0,20,413.657747
4999868.0,27,413.709416
-5000758.0,152,414.005341
4999891.0,22,414.052258
-5000486.0,98,414.248751
-5000131.0,27,414.300737
4999890.0,23,414.34565
4999729.0,55,414.452879
-5000480.0,97,414.641916
-5000544.0,109,415.869275
4999931.0,14,415.901192
-5000310.0,63,416.032839
4999901.0,20,416.072733
-5000226.0,46,416.161572
-5000843.0,169,416.486743
4999915.0,18,416.521649
4999939.0,13,416.547605
4999837.0,33,416.611409
-5000326.0,66,416.738576
-5000563.0,113,416.957104
4999848.0,31,417.02149
-5000517.0,104,417.220702
4999843.0,32,417.282776
4999904.0,20,417.322701
4999709.0,59,417.437334
4999825.0,36,417.506445
4999930.0,15,417.536364
4999823.0,36,417.605156
4999803.0,40,417.681298
-5000385.0,78,417.830898
-5000826.0,166,418.151993
4999891.0,22,418.194876
4999873.0,26,418.244743
-5000965.0,194,418.622873
4999786.0,43,418.705366
4999825.0,36,418.776209
4999848.0,31,418.853005
4999915.0,18,418.88791
4999877.0,25,418.936016
-5000384.0,77,419.09745
-5000746.0,150,419.407162
4999893.0,22,419.450048
-5000945.0,190,419.816245
-5000710.0,143,421.132088
4999873.0,26,421.180627
4999840.0,33,421.243459
-5000985.0,198,421.629132
4999911.0,18,421.665035
4999830.0,35,421.735359
-5000476.0,96,421.921283
-5000197.0,40,421.997602
4999925.0,16,422.02954
4999940.0,13,422.056468
4999881.0,24,422.104317
4999932.0,14,422.132242
4999799.0,41,422.21106
4999835.0,34,422.277884
4999907.0,19,422.314759
4999924.0,16,422.346672
4999951.0,10,422.367617
4999936.0,13,422.393547
4999925.0,16,422.424465
-5000171.0,35,422.495276
-5000508.0,102,422.698765
4999772.0,46,422.787529
4999924.0,16,422.819467
-5000677.0,136,423.079004
4999824.0,36,423.148058
-5000133.0,27,423.202924
4999926.0,15,423.231839
4999931.0,14,423.259764
-5000621.0,125,423.497538
-5000085.0,18,423.531977
4999878.0,25,423.580849
-5000227.0,46,423.669451
4999897.0,21,423.709877
-5000183.0,37,423.779952
-5000318.0,64,423.90633
4999883.0,24,423.952778
4999813.0,38,424.025031
-5000731.0,147,424.309796
4999890.0,23,424.356671
4999837.0,33,424.424026
4999849.0,31,424.483866
4999894.0,22,424.527285
4999897.0,21,424.568177
-5000306.0,62,424.687276
4999882.0,24,424.733349
4999873.0,26,424.782219
4999849.0,31,424.844494
4999829.0,35,425.9293
4999866.0,27,425.990136
-5000153.0,31,426.057463
4999833.0,34,426.122294
4999870.0,27,426.175153
-5000432.0,87,426.347205
4999810.0,39,426.423936
-5000306.0,62,426.545584
4999889.0,23,426.591486
-5000583.0,117,426.818726
4999917.0,17,426.853142
4999827.0,35,426.920962
4999877.0,25,426.969831
4999877.0,25,427.021693
4999876.0,25,427.071559
-5000291.0,59,427.184259
4999883.0,24,427.232493
-5000775.0,156,427.532249
-5000531.0,107,427.736641
-5000485.0,98,427.926528
4999887.0,23,427.972405
4999823.0,36,428.042218
4999854.0,30,428.100068
4999929.0,15,428.128987
-5000320.0,65,428.25465
4999925.0,16,428.284571
-5002418.0,484,429.21743
-5000181.0,37,429.290234
-5000487.0,98,429.482474
4999916.0,17,429.520345
4999899.0,21,429.560237
4999948.0,11,429.581991
4999183.0,164,431.074032
-5000532.0,107,431.318151
-5000335.0,68,431.459844
-5000149.0,30,431.526437
4999822.0,36,431.603231
4999891.0,22,431.650081
4999916.0,17,431.687979
-5000712.0,143,432.014981
4999842.0,32,432.083262
-5000189.0,38,432.162054
4999807.0,39,432.243355
4999950.0,11,432.265325
4999872.0,26,432.321175
4999854.0,30,432.381983
-5000137.0,28,432.442822
4999858.0,29,432.513397
4999817.0,37,432.590192
4999945.0,12,432.615125
4999814.0,38,432.696052
4999870.0,27,432.753262
4999743.0,52,432.864486
4999856.0,29,432.923955
4999824.0,36,432.997281
4999769.0,47,433.096017
-5000520.0,105,433.316261
-5000381.0,77,433.486169
4999821.0,36,433.57992
-5000633.0,127,433.847478
4999893.0,22,433.894106
4999921.0,16,433.931008
4999935.0,14,433.960928
4999892.0,22,434.007449
4999846.0,31,434.072275
-5000365.0,74,434.221875
-5001125.0,226,434.701149
4999935.0,14,434.730072
4999902.0,20,434.773954
4999956.0,9,434.793901
-5000570.0,115,435.033014
-5001521.0,305,436.727933
4999899.0,21,436.770461
4999891.0,22,436.813346
4999814.0,38,436.891152
4999898.0,21,436.932044
-5000140.0,29,436.98989
4999861.0,28,437.046738
-5000575.0,116,437.272104
4999892.0,22,437.315987
4999926.0,15,437.345449
4999875.0,26,437.399011
-5000287.0,58,437.518717
4999813.0,38,437.594572
4999252.0,150,437.888446
4999909.0,19,437.926346
4999908.0,19,437.964243
-5000216.0,44,438.065971
-5000637.0,128,438.313631
4999549.0,91,438.493296
-5000492.0,99,438.683887
-5000126.0,26,438.734292
4999820.0,37,438.8061
-5000230.0,47,438.896979
-5001260.0,253,439.395764
-5000153.0,31,439.459593
4999912.0,18,439.495497
-5000718.0,144,439.778222
-5000328.0,66,439.91121
4999899.0,21,439.952126
-5000297.0,60,440.07178
4999663.0,68,440.206622
-5000226.0,46,440.295388
4999900.0,21,440.336279
-5000248.0,50,440.436111
-5000469.0,94,441.75614
4999863.0,28,441.823959
4999871.0,26,441.885793
4999846.0,31,441.946327
4999891.0,22,441.993202
4999783.0,44,442.088947
4999940.0,13,442.114885
-5000132.0,27,442.171283
4999894.0,22,442.215752
4999933.0,14,442.246223
4999856.0,29,442.30575
4999879.0,25,442.355658
4999827.0,35,442.425219
4999821.0,36,442.49603
4999819.0,37,442.568309
4999792.0,42,442.649286
4999951.0,10,442.669232
4999854.0,30,442.729072
4999817.0,37,442.802875
4999956.0,9,442.821824
4999963.0,8,442.839777
4999913.0,18,442.881664
-5000711.0,143,443.177005
4999750.0,51,443.275512
4999930.0,15,443.305432
4999749.0,51,443.402168
4999851.0,30,443.46101
4999932.0,14,443.489934
4999785.0,44,443.574822
4999896.0,21,443.616685
4999852.0,30,443.677084
4999860.0,29,443.731908
4999877.0,25,443.783769
4999885.0,24,443.831641
4999819.0,37,443.908343
4999889.0,23,443.955179
4999776.0,45,444.044938
4999897.0,21,444.088823
4999914.0,18,444.124231
4999822.0,36,444.194552
-5002175.0,436,445.055228
4999878.0,25,445.106504
4999876.0,25,445.156371
4999917.0,17,445.190281
4999844.0,32,445.252115
-5000494.0,99,445.444654
4999770.0,47,445.536381
-5000398.0,80,445.689681
4999887.0,23,445.733564
-5000157.0,32,446.861979
-5001434.0,287,447.4629
4999860.0,29,447.52274
4999827.0,35,447.592553
-5000341.0,69,447.728216
4999806.0,39,447.805983
4999838.0,33,447.875333
4999853.0,30,447.938164
4999818.0,37,448.010969
4999925.0,16,448.042885
4999888.0,23,448.087766
4999895.0,22,448.130499
4999938.0,13,448.15596
4999933.0,14,448.183887
4999941.0,12,448.207821
-5000152.0,31,448.268177
4999924.0,16,448.301089
-5000656.0,132,448.556928
4999942.0,12,448.579866
-5000326.0,66,448.713097
4999906.0,19,448.751992
4999867.0,27,448.806846
4999907.0,19,448.84275
4999809.0,39,448.91765
-5000436.0,88,449.09318
4999873.0,26,449.145042
-5000160.0,33,449.20942
4999867.0,27,449.262277
4999865.0,28,449.316521
4999882.0,24,449.363256
-5000337.0,68,449.492418
4999922.0,16,449.525328
-5000303.0,61,449.642522
-5000471.0,95,449.827687
4999856.0,29,449.889061
4999937.0,13,449.919977
-5000410.0,83,450.090313
4999911.0,18,450.127542
4999834.0,34,450.194184
4999839.0,33,450.259011
4999916.0,17,450.29292
4999898.0,21,450.333811
4999886.0,23,450.379688
4999767.0,47,450.468451
-5000220.0,45,450.559144
4999883.0,24,450.608701
4999899.0,21,450.649593
-5000164.0,33,450.713887
4999827.0,35,450.782146
4999793.0,42,450.865635
4999913.0,18,450.900542
4999838.0,33,452.049463
4999855.0,30,452.120779
4999824.0,36,452.200326
4999942.0,12,452.228252
-5000226.0,46,452.318521
-5000277.0,56,452.429933
-5000165.0,34,452.497794
4999941.0,12,452.523726
4999864.0,28,452.578578
4999856.0,29,452.634429
4999863.0,28,452.689282
4999838.0,33,452.755107
4999779.0,45,452.844866
4999941.0,12,452.869813
4999864.0,28,452.926662
-5000336.0,68,453.064904
4999900.0,21,453.115279
-5000166.0,34,453.191713
-5000124.0,25,453.243575
4999793.0,42,453.326463
4999840.0,33,453.391037
4999872.0,26,453.441901
4999898.0,21,453.484787
4999908.0,19,453.52271
4999809.0,39,453.598988
-5000189.0,38,453.675767
4999894.0,22,453.719649
-5000793.0,159,454.026114
4999772.0,46,454.117279
4999836.0,33,454.181108
-5000306.0,62,454.29845
4999885.0,24,454.345325
4999920.0,17,454.378785
4999813.0,38,454.453616
4999851.0,30,454.512032
4999690.0,63,454.635999
4999895.0,22,454.677504
-5001231.0,247,455.169729
4999912.0,18,455.204635
4999955.0,10,455.224582
-5000458.0,92,455.39894
4999802.0,40,455.477135
4999912.0,18,455.511648
-5001351.0,271,456.035469
4999927.0,15,456.065018
4999823.0,36,457.208895
4999878.0,25,457.266247
4999815.0,38,457.35004
4999939.0,13,457.381364
-5000462.0,93,457.584115
4999914.0,18,457.624951
-5000841.0,169,458.024265
4999854.0,30,458.092657
4999943.0,12,458.117583
4999900.0,21,458.163751
4999797.0,41,458.248723
4999262.0,148,458.538029
4999914.0,18,458.572289
4999829.0,35,458.636057
4999801.0,40,458.707864
4999808.0,39,458.778062
4999894.0,22,458.820946
4999778.0,45,458.90792
4999927.0,15,458.93784
4999858.0,29,458.992933
-5000161.0,33,459.05676
-5000132.0,27,459.109941
4999933.0,14,459.137772
-5000598.0,120,459.355139
4999923.0,16,459.385054
4999874.0,26,459.453871
4999814.0,38,459.542191
-5001126.0,226,459.97895
4999884.0,24,460.026798
4999857.0,29,460.083647
4999940.0,13,460.111002
4999943.0,12,460.140147
4999772.0,46,460.247859
-5000132.0,27,460.316676
4999816.0,37,460.394638
-5000150.0,31,460.469761
4999787.0,43,460.565509
4999926.0,15,460.603347
4999948.0,11,460.629278
4999777.0,45,460.727064
4999930.0,15,460.781918
4999879.0,25,460.837769
4999905.0,20,460.879657
4999898.0,21,460.927556
4999950.0,11,460.950468
4999903.0,20,460.990362
-5000291.0,59,461.114712
4999877.0,25,461.167631
4999873.0,26,461.221518
4999866.0,27,461.277368
4999863.0,28,461.33123
-5000690.0,139,462.597609
4999792.0,42,462.679214
4999834.0,34,462.740052
-5000703.0,141,463.005342
-5001237.0,248,463.467867
4999889.0,23,463.512317
4999908.0,19,463.549218
4999835.0,34,463.620056
4999913.0,18,463.654967
4999891.0,22,463.701814
4999881.0,24,463.750685
-5000846.0,170,464.130524
-5000191.0,39,464.209313
4998938.0,213,464.663886
4999823.0,36,464.745667
4999793.0,42,464.843407
4999900.0,21,464.889494
4999916.0,17,464.9254
-5000591.0,119,465.165051
4999846.0,31,465.22264
4999803.0,40,465.299817
4999877.0,25,465.352509
4999818.0,37,465.423718
4999873.0,26,465.473584
4999793.0,42,465.552894
-5000163.0,33,465.621174
4999840.0,33,465.690909
-5000488.0,98,465.902931
4999876.0,25,465.954821
4999896.0,21,465.995711
-5000843.0,169,466.32615
4999857.0,29,466.381004
-5000635.0,128,467.581508
-5000470.0,95,467.787322
4999848.0,31,467.858666
-5004269.0,854,469.532161
4999850.0,31,469.590841
4999789.0,43,469.670372
4999823.0,36,469.737794
4999869.0,27,469.788771
4999855.0,30,469.845618
-5000517.0,104,470.041641
4999900.0,21,470.081547
4999913.0,18,470.115446
4999948.0,11,470.138385
4999883.0,24,470.182778
4999921.0,16,470.212698
4999917.0,17,470.245609
4999956.0,9,470.265555
-5000166.0,34,470.337368
4999954.0,10,470.359309
4999928.0,15,470.392254
4999837.0,33,470.477016
4999893.0,22,470.53126
-5000743.0,149,470.799517
-5000239.0,48,470.889909
4999890.0,23,470.93182
4999822.0,36,470.998616
-5001840.0,369,472.787981
-5000592.0,119,473.01621
4999908.0,19,473.05311
-5003222.0,645,474.462778
4999839.0,33,474.534562
4999918.0,17,474.57246
4999923.0,16,474.608364
4999854.0,30,474.669201
4999847.0,31,474.733031
4999839.0,33,474.802414
4999896.0,21,474.84732
-5000212.0,43,474.935478
-5000263.0,53,475.039869
4999923.0,16,475.073949
4999932.0,14,475.101875
-5000332.0,67,475.23281
-5000246.0,50,475.327368
4999950.0,11,475.348312
4999864.0,28,475.402233
-5000263.0,53,475.506638
4999855.0,30,475.56548
4999897.0,21,475.60919
4999816.0,37,475.68085
4999846.0,31,475.737698
-5000218.0,44,475.817314
4999808.0,39,475.89012
-5000309.0,62,476.003405
-5000529.0,106,476.212699
-5000522.0,105,476.417668
4999898.0,21,476.460553
-5000278.0,56,476.565276
4999872.0,26,476.613091
4999859.0,29,476.668468
4999883.0,24,476.712351
4999929.0,15,476.740846
4999954.0,10,476.759448
4999864.0,28,477.794131
-5000297.0,60,477.923292
-5000334.0,67,478.058932
4999833.0,34,478.124754
-5000133.0,27,478.175619
-5000697.0,140,478.440041
-5000319.0,64,478.564981
-5000123.0,25,478.612536
-5000243.0,49,478.705288
4999919.0,17,478.737709
4999892.0,22,478.777603
4999888.0,23,478.820488
4999858.0,29,478.87434
4999829.0,35,478.943156
4999887.0,23,478.990031
-5000382.0,77,479.139632
4999849.0,31,479.202463
4999878.0,25,479.251638
4999939.0,13,479.27656
-5000226.0,46,479.365405
-5003225.0,646,480.574141
4999772.0,46,480.666868
4999819.0,37,480.746655
-5000253.0,51,480.848382
-5000145.0,30,480.906229
-5000191.0,39,480.981054
4999873.0,26,481.032889
4999880.0,25,481.078766
4999830.0,35,481.142777
4999878.0,25,481.190649
-5000316.0,64,481.309485
4999888.0,23,481.352545
4999898.0,21,481.39314
4999897.0,21,481.432293
4999788.0,43,481.514074
4999864.0,28,481.567931
4999943.0,12,481.59087
4999902.0,20,481.630893
4999671.0,66,482.77458
4999777.0,45,482.8793
4999867.0,27,482.935151
4999795.0,42,483.013027
4999881.0,24,483.057908
4999916.0,17,483.091817
4999787.0,43,483.17243
-5000386.0,78,483.317919
4999858.0,29,483.372003
4999870.0,27,483.423892
4999937.0,13,483.448798
-5000196.0,40,483.527587
-5000135.0,28,483.581443
4999803.0,40,483.656896
4999903.0,20,483.695793
4999899.0,21,483.736684
4999938.0,13,483.760619
4999870.0,27,483.813478
4999838.0,33,483.8803
-5000268.0,54,483.986078
-5000379.0,76,484.127964
4999816.0,37,484.20177
4999920.0,17,484.234682
-5000601.0,121,484.483562
4999817.0,37,484.563498
4999808.0,39,484.643053
4999823.0,36,484.711867
4999800.0,41,484.796641
4999820.0,37,484.874037
-5000870.0,175,485.21173
-5000242.0,49,485.308827
-5000107.0,22,485.349718
4999888.0,23,485.392603
-5000706.0,142,485.68107
4999904.0,20,485.718967
4999897.0,21,485.760756
4999890.0,23,485.805612
-5000524.0,105,486.014023
4999874.0,26,486.068522
4999894.0,22,486.110402
4999797.0,41,486.193179
-5000389.0,78,486.351121
-5000171.0,35,486.426323
4999854.0,30,486.48716
4999929.0,15,486.516083
4999875.0,26,486.571253
-5000294.0,59,486.694076
-5000695.0,140,488.009178
4999886.0,23,488.053243
-5000742.0,149,488.36147
4999892.0,22,488.405497
-5000134.0,27,488.462345
4999806.0,39,488.539371
-5000487.0,98,488.741307
4999938.0,13,488.766241
4999900.0,21,488.806133
4999883.0,24,488.852608
4999951.0,10,488.87354
4999779.0,45,488.9643
4999849.0,31,489.024728
-5000167.0,34,489.0947
4999860.0,29,489.150552
4999812.0,38,489.22636
-5000137.0,28,489.281213
-5000854.0,171,489.613189
4999855.0,30,489.671952
4999927.0,15,489.699851
-5000145.0,30,489.755358
-5000552.0,111,489.985064
4999867.0,27,490.040502
4999777.0,45,490.139257
-5000279.0,56,490.255549
4999719.0,57,490.362576
-5000303.0,61,490.478937
-5000113.0,23,490.522295
-5002337.0,468,491.455433
4999912.0,18,491.495325
4999931.0,14,491.522049
4999962.0,8,491.537999
-5000282.0,57,491.646418
-5000221.0,45,491.730646
-5002658.0,532,493.920964
4999849.0,31,493.977677
4999840.0,33,494.040509
4999901.0,20,494.078408
-5000257.0,52,494.186151
4999902.0,20,494.226044
4999861.0,28,494.281895
4999873.0,26,494.334754
4999888.0,23,494.380009
4999913.0,18,494.415812
4999837.0,33,494.477646
-5000453.0,91,494.650213
4999892.0,22,494.691104
4999910.0,19,494.726011
4999764.0,48,494.814603
4999807.0,39,494.890506
4999911.0,18,494.925413
-5000576.0,116,495.154323
4999780.0,45,495.24691
4999817.0,37,495.319741
4999844.0,32,495.379603
4999889.0,23,495.424507
-5000457.0,92,495.590673
4999915.0,18,495.623696
4999902.0,20,495.66157
4999918.0,17,495.693485
4999842.0,32,495.753644
4999797.0,41,495.831459
4999825.0,36,495.906294
-5000301.0,61,496.02595
4999863.0,28,496.085792
4999876.0,25,496.136754
4999923.0,16,496.168695
-5000465.0,94,496.355175
-5000357.0,72,496.523151
4999819.0,37,496.596929
4999891.0,22,496.643988
4999803.0,40,496.723614
-5000367.0,74,496.870222
4999896.0,21,496.914105
4999965.0,8,496.930062
4999952.0,10,496.951006
-5000132.0,27,497.004862
4999899.0,21,497.046346
