#{"t_start": 1685854714.5312827, "env_id": null}
r,l,t
-50043789.617188,12,1.793628
-50124946.73584,29,1.853304
-50255095.60498,65,1.968766
-50306214.73999,86,2.122313
-50182497.212891,49,2.20912
-50097886.976562,23,2.249678
-50110787.557129,27,2.298155
-50108321.043457,26,2.343035
-50080417.318359,20,2.377969
-50052631.526367,13,2.400908
-50056520.818359,14,2.426839
-50108102.171387,25,2.472716
-52702972.520386,576,3.812693
-50049736.848145,12,3.835631
-50100912.240723,24,4.161843
-50089531.172119,22,4.209254
-50088966.785645,21,4.252815
-50125714.764648,30,4.313652
-50085654.592773,20,4.354543
-50103662.206543,25,4.397428
-50082945.429199,20,4.434109
-50087461.973389,24,4.476791
-50110463.264404,27,4.524662
-50099886.058594,24,4.568547
-50102543.788574,24,4.609715
-50110621.254883,26,4.65562
-50090330.054199,21,4.693162
-50113505.999512,27,4.743338
-50079412.731689,21,4.780218
-50091751.783203,22,4.822756
-50124197.116699,30,4.876821
-50276085.930664,72,5.004604
-50085732.479004,20,5.040509
-50079729.871094,19,5.07552
-50081410.67334,19,5.37779
-50121866.899414,29,5.437631
-50135960.972656,33,5.505451
-50118221.091797,29,5.560696
-50377461.246826,121,5.77169
-50100332.377441,24,5.818564
-50096751.783691,23,5.85897
-50081944.214355,20,5.895872
-50095967.858398,23,5.936762
-50105139.916504,25,5.981698
-50104015.874023,25,6.036551
-50196164.485352,49,6.128581
-50093171.018066,22,6.167913
-50526860.401123,169,6.760864
-50264373.306885,92,6.919493
-50089629.919434,21,6.958496
-50179454.628174,50,7.04861
-50211873.785645,53,7.144431
-50092284.03418,22,7.183942
-50245892.26355,76,7.318585
-50110843.266113,26,7.36493
-50083948.457031,20,7.401807
-50095194.432617,23,7.442698
-50133942.366699,32,7.758693
-50111519.132324,26,7.812549
-50109231.302734,26,7.86519
-50092989.080078,23,7.91007
-50104249.091797,25,7.952866
-50102947.275391,24,7.995091
-50164245.651367,40,8.067194
-50093212.092285,22,8.106089
-50066916.294434,16,8.13559
-50163947.326416,40,8.207926
-50123423.123535,29,8.258176
-50085593.91626,21,8.29807
-50084699.5,20,8.333974
-50175709.459961,43,8.408856
-50104696.54541,25,8.453709
-50131229.625244,32,8.509397
-50095001.144043,22,8.547831
-50082604.493652,22,8.58713
-50081930.895996,19,8.621075
-50082400.834961,20,8.923798
-50080774.297852,19,8.963076
49620745.925301,172,9.295131
-50088785.732422,21,9.33347
-50100671.064453,24,9.377009
-50138810.533691,33,9.436468
-50116416.234863,27,9.485516
-50091156.680664,21,9.525156
-50105530.866211,25,9.569747
-50126420.571777,30,9.624601
-50120895.921387,29,9.67698
-50078539.966064,19,9.711792
-50086380.522461,20,9.748693
-50112011.008301,26,9.795567
-50104066.517578,25,10.103487
-50093747.878906,22,10.147369
-50127160.795898,31,10.212701
-50482302.358582,264,10.680434
-50086691.508789,20,10.716201
-50095568.14502,23,10.756094
-50080000.628418,19,10.790004
-50110774.763672,26,10.834886
-50132974.432129,31,10.889771
-50094522.449219,23,10.930684
-50101520.032715,25,10.975456
-50069810.506348,17,11.273666
-50163955.406738,52,11.380381
-50178996.827637,48,11.477698
-50087640.142578,21,11.516283
-50123750.800537,30,11.568661
-51771761.137604,616,12.929191
-51051877.599976,409,13.926717
-50125900.376709,30,13.979086
-50158254.019531,38,14.045909
-50092601.754883,23,14.085824
-51415512.916748,356,15.011471
-50112804.182129,27,15.059343
-50145684.953857,35,15.122686
-50322456.707718,190,15.451369
-50498320.592896,180,16.03816
-50107880.127197,27,16.091019
-50119981.205078,30,16.145873
-50095512.80542,24,16.187762
-50109740.739258,26,16.243134
-50126175.335938,30,16.299982
-50098700.579102,23,16.339262
-50102056.782227,24,16.382175
-50117605.874512,28,16.432203
-50113651.229004,27,16.480075
-50101684.480957,24,16.525038
-50109638.439697,28,16.575907
-50127631.243896,31,16.63076
-50271260.808105,81,16.770391
-50110509.100586,26,16.816805
-50095608.572754,23,17.150741
-50108514.604492,26,17.204598
-50088918.663086,21,17.247954
-50096828.029297,23,17.292834
-50131734.291748,32,17.351006
-50091037.050781,22,17.389903
-50074642.580566,18,17.42082
-50099605.886719,24,17.462881
-50141456.164307,34,17.523723
-50104242.094238,24,17.566608
-50265101.325928,73,17.695094
-50090665.70752,21,17.732067
-50089392.996582,21,17.769964
-50082732.847656,20,17.804432
-50098147.621582,23,17.845887
-50116281.141357,28,17.893728
-50077948.35498,20,17.929946
-50096818.914062,23,17.971833
-50120290.643311,31,18.027937
-50112752.850098,26,18.338161
-50097560.71875,23,18.386032
-50095746.243164,22,18.43191
-50118997.624756,28,18.486763
-50115223.649414,27,18.533638
-50090058.753418,21,18.570813
-50101599.375488,24,18.613698
-50391923.019531,155,18.882012
-50093265.969727,22,18.921533
-50108814.536133,25,18.966101
-50092522.332031,22,19.004997
-50116960.662598,28,19.054353
-50072814.31543,18,19.086268
-50285871.354248,75,19.469752
-50133880.056641,31,19.5331
-50089853.761719,21,19.577487
-50199467.208008,61,19.689729
-50110964.65625,32,19.746966
-50094072.74707,23,19.786836
-50097931.409668,23,19.827728
-50089665.994141,21,19.864629
-50135241.857422,32,19.919505
-50190524.623291,45,19.997526
-50133496.526367,33,20.055407
-50115798.162109,27,20.10527
-50110237.242188,26,20.150664
-50077712.20459,19,20.184573
-50126149.930176,30,20.23746
-50092647.093262,22,20.276355
-50110246.410645,26,20.323924
-50090447.241699,21,20.607445
-50095053.234863,22,20.654107
-50240253.890381,59,20.770886
-50204949.427734,51,20.859649
-50079258.98584,19,20.893558
-50113643.988281,27,20.94143
-50097269.725098,23,20.981323
-50110490.121094,26,21.027806
-50075349.106934,18,21.059721
-50098183.367676,23,21.10061
-50082515.51123,20,21.136545
-50095147.275879,22,21.175441
-50077892.127686,20,21.210139
-50082958.967285,20,21.247013
-50098186.04248,23,21.287904
-50097149.873535,23,21.336777
-50115899.363281,27,21.391631
-50097338.483398,23,21.433099
-50074706.540527,18,21.464989
-50059637.777832,14,21.489922
-50102729.98291,24,21.827752
-50112569.945312,26,21.882606
-50075446.80249,19,21.922026
-50119661.856445,29,21.98087
-50103305.009277,24,22.025951
-50092185.464355,22,22.06385
-50104433.130371,25,22.107732
-50214132.651611,72,22.235688
-50081159.48291,20,22.269597
-50112537.779297,26,22.315474
-50090499.410645,21,22.353374
-50105961.521973,25,22.398252
-50108275.003906,25,22.442484
-50058276.641602,14,22.467416
-50090284.230957,21,22.50332
-50130750.635254,31,22.559245
-50197875.905029,50,22.651021
-50099299.23291,23,22.691911
-50094035.869629,22,23.003343
-50058312.786133,14,23.034764
-50088666.490234,21,23.077649
-50090404.967285,21,23.119538
-50096397.41748,23,23.167409
-50055844.538086,13,23.194337
-50834443.474854,361,23.90124
-50085084.132568,21,23.939659
-50094175.361816,22,24.246854
-50105166.699707,25,24.298703
-50072387.674805,17,24.334607
-50106193.223633,25,24.384473
-50070787.01709,17,24.41938
-50129282.262207,30,24.47523
-50076064.114746,18,24.507717
-50106310.217285,25,24.551193
-50095791.337402,23,24.594079
-50151593.846436,36,24.65663
-50107049.814941,25,24.702506
-50093433.557617,22,24.742
-50080029.723633,19,24.776906
-50113863.316895,27,24.82992
-50148975.692871,35,24.891754
-50085138.15918,21,24.930202
-50483556.510254,146,25.465492
-50082861.716553,21,25.512365
-50098599.083008,23,25.560811
-50086597.491211,20,25.604694
-50078760.171875,19,25.650736
-50117976.033203,28,25.716
-50093946.15625,22,25.762944
-50229930.825684,73,25.894853
-50108519.33252,26,25.943723
-50261406.141602,73,26.079116
-50125001.167969,31,26.135561
-50111947.799316,27,26.18443
-50083633.094727,20,26.221295
-50118436.566162,29,26.273409
-50107785.32373,25,26.31829
-50088811.413574,21,26.357467
-50215873.951172,56,26.718945
-50073532.316406,18,26.759849
-50086276.644531,20,26.802734
-50122094.173828,29,26.862574
-50089834.763672,21,26.900473
-50101987.00293,24,26.943358
-50113044.80542,27,26.99149
-50092963.565918,22,27.033143
-50083428.775879,20,27.069047
-50215368.769287,51,27.157588
-50111716.98877,27,27.20546
-50131335.745605,31,27.261152
-50085221.349121,20,27.296058
-50059454.040527,15,27.322985
-50092503.973633,22,27.361486
-50209612.313477,54,27.455775
-50125994.521484,30,27.508174
-50106752.52832,25,27.55312
-50110761.091553,27,27.847365
-50096241.524414,23,27.900728
-50106941.618652,25,27.953749
-50659656.765076,255,28.41017
-50106320.928955,32,28.468845
-50158444.377197,44,28.552621
-50883438.680786,274,29.353924
-50100026.367676,23,29.395812
-50239078.944336,65,29.517033
-50125723.868164,30,29.569359
-50086602.710938,20,29.60626
-50127523.621338,31,29.661693
-50382098.509521,135,29.91134
-50081067.882324,19,29.947243
-50105272.484863,25,30.288436
-50134768.936279,33,30.355259
-50076727.922363,18,30.392159
-50091829.424316,22,30.436729
-50105226.391113,25,30.484601
-50067437.734863,16,30.513224
-50138853.369629,33,30.572573
-50083394.392578,20,30.607481
-50099011.402344,23,30.648371
-50388707.752075,120,30.862859
-50210123.35498,50,30.956132
-50155890.696777,37,31.023534
-50098340.230713,24,31.06539
-50099272.06543,23,31.106281
-50084747.557617,20,31.142404
-50131919.286377,32,31.480718
-50108576.964355,26,31.534679
-50198556.91333,53,31.668322
-50144160.554443,35,31.748191
-50098469.712402,24,31.806036
-50415091.403442,147,32.143466
-50112222.990234,26,32.200752
-50094470.107422,22,32.250134
-50339536.722412,95,32.459889
-50160102.594727,38,32.541943
-50089924.593262,21,32.585825
-50703911.723755,310,33.487068
-50040399.359131,10,33.508018
-50088032.102051,22,33.548708
-50095428.293945,23,33.59259
-50274955.09082,70,33.724436
-50109794.492188,26,33.774304
-50083877.811523,20,33.818856
-50634267.955017,247,34.644309
-50111615.51123,26,34.703151
-50107558.991699,25,34.757668
-50109259.036621,26,34.81546
-50195809.272705,49,34.91773
-50095461.943359,22,34.958621
-50145341.371826,38,35.029432
-50084753.630859,20,35.064338
-50382982.626221,105,35.501937
-50059251.485352,14,35.530378
-50067861.013428,17,35.565325
-50115817.71582,27,35.619449
-50110102.118652,26,35.669316
-50139479.340576,41,35.747964
-50089381.220703,21,35.784865
-50092494.615723,22,35.824395
-50158670.869385,40,35.896939
-50085019.250244,21,35.936406
-50127866.891602,32,35.993254
-50108459.290527,26,36.043402
-50098108.065918,23,36.085292
-50127617.937988,31,36.140304
-50102147.945312,24,36.18319
-50120382.187012,28,36.2352
-50112792.305908,27,36.289057
-50258220.995911,126,36.776979
-50082808.355469,20,36.816872
-50102649.45874,26,36.863471
-50151953.50708,37,36.930292
-50136782.601074,32,36.992127
-50118566.258789,28,37.043997
-50279307.480957,72,37.172097
-50077204.469727,18,37.205009
-50200082.831299,51,37.296147
-50124720.053955,30,37.349409
-50098764.009766,23,37.391298
-50084088.723145,20,37.428197
-50111550.98584,27,37.478572
-50106431.385254,25,37.525447
-50354022.37207,94,38.003174
-50099383.202637,24,38.048903
-50073525.862305,17,38.078823
-50097837.628906,23,38.118716
-50114948.655762,27,38.166592
-50106211.712402,25,38.210472
-50073619.753906,18,38.242697
-50104372.119141,25,38.285558
-50100423.470703,24,38.327955
-50097924.649414,23,38.368362
-50258331.496582,69,38.489073
-50181646.632324,45,38.569573
-50078173.535156,18,38.60149
-50106637.383789,26,38.647366
-50107603.680176,25,38.692246
-50122802.924316,30,39.002055
-50094812.019531,22,39.047464
-50078169.298828,19,39.104312
-50093831.294434,22,39.149193
-50086219.248047,20,39.189086
-50136535.024414,32,39.244849
-50377537.983887,109,39.437424
-50099553.594727,23,39.478314
-50071277.220215,17,39.508234
-50100232.156738,24,39.549627
-50093385.614746,22,39.588499
-50170735.0,42,39.662334
-50103483.583008,24,39.704192
-50101857.759766,24,39.745595
-50114312.823486,29,39.79549
-50108605.940918,26,39.841341
-50103094.753662,27,39.889211
-50178543.257568,44,40.263269
-50109973.267578,26,40.316128
-50122984.38916,29,40.373973
-50103690.332031,24,40.420369
-50081977.50293,20,40.454279
-50218244.578369,60,40.557545
-50087286.956543,21,40.594471
-50094027.762695,22,40.632349
-50193531.88623,49,40.718427
-50157126.074219,45,40.798209
-50098764.097412,24,40.840162
-50213544.785156,55,40.93646
-50102036.414062,24,40.982337
-50132676.345459,32,41.039186
-50091277.303467,22,41.078633
-50098503.489746,24,41.364483
-50121534.23584,29,41.423325
-50077427.570801,18,41.461223
-50109649.554688,26,41.511091
-50093157.379395,22,41.55527
-50248153.532471,70,41.677159
-50101288.026855,24,41.719588
-50095280.102539,22,41.759584
-50120281.271973,29,41.810448
-50096407.551758,23,41.852336
-50105914.73584,25,41.896312
-50103198.165039,24,41.939452
-50104942.323242,29,41.992312
-50098573.576172,23,42.033202
-50109771.302246,26,42.07836
-50084910.59668,20,42.113267
-50136037.664795,32,42.170047
-50098438.689453,23,42.211484
-50155447.536621,37,42.553266
-50125725.168945,32,42.618621
-50102974.844727,24,42.668488
-50088034.320312,21,42.709378
-50094032.162598,22,42.751378
-50106246.663574,26,42.797256
-50145574.921387,35,42.860162
-50103979.09375,24,42.90205
-50084702.248047,20,42.936474
-50095591.55957,23,42.97701
-50082810.258301,20,43.012515
-50090590.01416,22,43.052697
-50140597.108643,34,43.113933
-50112323.724121,27,43.161656
-50082045.731445,20,43.197536
-50071246.983398,17,43.227595
-50096339.516357,24,43.271504
-50086291.112793,20,43.305413
-50155242.375,42,43.380519
-50098631.000488,24,43.423428
-50092939.157227,22,43.739033
-50101077.499512,24,43.787902
-50122447.708496,29,43.847347
-50667793.52002,248,44.287916
-50110431.623047,26,44.333588
-50076553.177246,19,44.368127
-50212096.493652,54,44.461948
-50080250.914062,19,44.495857
-51009497.865723,414,45.498126
-50105659.385254,25,45.541553
-50098834.62207,23,45.581447
-50120926.068359,29,45.633337
-50113359.310059,27,45.680728
-50170399.058105,41,45.752073
-50997448.41095,374,46.722247
-50084383.569336,20,46.757154
-50100512.914062,24,46.799041
-50129986.928467,31,46.853187
-50119131.284668,28,46.903081
-50308543.137329,99,47.352737
-50092910.859863,23,47.398615
-50119384.319336,28,47.452975
-50211084.177979,52,47.5435
-50084465.516602,20,47.579406
-50141022.441162,35,47.641543
-50158228.746094,39,47.71016
-50089361.562012,21,47.747572
-50101073.916016,24,47.789457
-50119825.112793,29,47.840321
-50088004.651367,21,47.877222
-50091980.708984,22,47.915121
-50141541.762695,33,47.973047
-50132801.034668,32,48.030355
-50094427.57666,22,48.06923
-50077614.227539,18,48.101144
-50108584.802246,26,48.425589
-50086333.33667,21,48.469172
-50083426.549316,20,48.509065
-50107975.519531,25,48.558714
-50092473.993164,22,48.603594
-50149180.2229,35,48.665185
-50201615.994141,51,48.754913
-50160628.078125,39,48.822322
-50151846.744141,36,48.887034
-50083060.116211,20,48.921475
-50088386.657715,21,48.958822
-50382050.146851,128,49.250622
-50084744.516113,20,49.293236
-50096314.23877,23,49.342121
-50098852.434082,23,49.394175
-50117071.930176,28,49.798105
-50158922.34668,39,49.88785
-50077175.010498,19,49.933726
-50088059.626953,21,49.982596
-50094424.150879,23,50.038996
-50116354.766602,28,50.098444
-50117990.593018,29,50.156983
-50190305.489258,47,50.256224
-50160956.751221,39,50.334892
-50094643.215332,22,50.379963
-50094810.626465,23,50.428833
-50149303.696289,35,50.501861
-50087887.124756,22,50.547741
-50125594.546875,30,50.611967
-50076115.91748,19,50.652858
-50269139.45874,82,50.825894
-50098598.265137,23,51.16701
-50129049.125488,30,51.239519
-50111987.615234,26,51.296098
-50126033.797607,30,51.361055
-50115155.126953,27,51.421894
-50124110.478516,30,51.483824
-50115547.107666,29,51.545661
-50143967.041016,34,51.61774
-50085132.137695,20,51.660187
-50067897.438965,16,51.696096
-50475116.512695,177,52.064645
-50117892.956543,28,52.124491
-50091923.542969,22,52.17048
-50088680.326172,21,52.511105
-50094304.428223,22,52.563899
-50061757.569336,15,52.598805
-50092566.953613,22,52.649492
-50107347.858887,25,52.706344
-50110341.951172,26,52.7584
-50168775.663818,42,52.842761
-50114142.303467,28,52.898612
-50099691.77832,24,52.946492
-50092257.04248,22,52.991371
-50094134.168457,22,53.038328
-50130074.690918,31,53.101159
-50074220.339355,18,53.138062
-50082746.772461,20,53.177955
-50106927.994629,26,53.23229
-50139859.285645,33,53.300113
-50194430.601196,64,53.433843
-50122299.836426,29,53.495182
-50199118.94043,56,53.898413
-50103894.354004,24,53.946571
-50082788.28418,20,53.985467
-50113392.692383,27,54.03929
-50110838.086182,27,54.086164
-50108714.413574,25,54.131045
-50083498.976562,20,54.166532
-50114864.359375,27,54.213407
-50150824.529297,36,54.275638
-50096821.400879,23,54.3175
-50118298.686523,28,54.368395
-50081270.535156,19,54.403302
-50128174.334229,31,54.45816
-52145656.58374,621,55.820109
-50107457.09082,25,55.864274
-50100852.709473,24,56.227352
-50381427.246094,112,56.446972
-50109652.654297,26,56.492668
-50104941.320801,25,56.537188
-50114606.536621,27,56.587055
-50129662.287598,31,56.640542
-50133108.465332,32,56.698362
-50089895.627441,22,56.737512
-50124858.05957,29,56.787378
-50092511.041504,22,56.826274
-50111012.205566,26,56.872152
-50316030.7146,88,57.055632
-50067987.266602,16,57.085956
-50116310.623535,27,57.1358
-50100035.935547,23,57.448211
-50145545.361328,36,57.52501
-50103423.745605,24,57.574156
-50103648.007324,24,57.622028
-50089820.564453,21,57.65893
-50104056.361816,25,57.701815
-50147471.856934,35,57.763769
-50107227.82373,25,57.807652
-50110928.049805,26,57.853072
-50116611.269287,28,57.902939
-50130876.024414,36,57.967258
-50126597.484131,31,58.023679
-50093606.562012,22,58.062684
-50105236.450928,25,58.107962
-50207659.620361,56,58.206437
-50067838.68457,17,58.237583
-50106331.319092,26,58.284481
-50100772.149902,25,58.329691
-50108417.90625,25,58.703718
-50081033.370117,19,58.746109
-50144811.810547,36,58.81878
-50116184.522461,28,58.873087
-50094597.636963,23,58.914978
-50170588.540039,41,58.988015
-50132185.361572,32,59.046834
-51451381.147827,374,59.972543
-50057686.768066,14,60.003461
-50070367.625488,19,60.037912
-50092296.433594,22,60.076808
-50852120.953247,277,60.561257
-50108979.581543,26,60.607139
-50110586.014648,26,60.65302
-50107253.078613,25,60.69709
-50099706.184082,23,61.02255
-50138502.799805,34,61.09187
-50063440.990234,15,61.12179
-51192053.947754,380,61.794806
-50113173.390625,27,61.843232
-50095911.753662,23,61.884122
-50077926.031494,19,62.186498
-50175472.625488,42,62.272973
-50113019.463135,27,62.326644
-50200037.69165,59,62.43533
-50087164.550781,21,62.472144
-50131048.736572,32,62.527995
-50094866.734863,23,62.570883
-50074399.0625,18,62.601825
-50102190.926514,25,62.645713
-50079411.137207,19,62.679678
-50097726.785156,23,62.719462
-50185719.64917,46,62.799438
-50087576.987793,21,62.836827
-50069880.105469,17,62.866774
-50110041.512207,26,62.911678
-50072306.800781,17,62.942008
-50127618.830566,31,62.996682
-50108237.314941,25,63.042073
-50094211.111816,23,63.081968
-50360768.016602,113,63.58185
-50173162.362793,57,63.680916
-50104644.655273,25,63.724029
-50091954.236816,22,63.76193
-50120455.997559,28,63.811332
-50532787.619141,160,64.089886
-50149300.168945,38,64.157552
-50125361.206543,30,64.21021
-50111002.131836,26,64.256401
-50118681.744141,28,64.571182
-50080349.657715,19,64.610624
-50109376.2229,27,64.665478
-50108080.569824,26,64.716017
-50110198.603027,26,64.760785
-50091420.947266,22,64.800678
-50096823.177979,23,64.84008
-50091987.687744,22,64.878976
-50111933.686523,27,64.925865
-50082777.192383,20,64.96177
-50095701.619385,27,65.009642
-50101356.851074,24,65.052528
-50155294.223633,37,65.118098
-50111199.236816,27,65.165004
-50082515.689453,21,65.202903
-50107202.736328,25,65.248779
-50125200.73291,29,65.29865
-50119682.998779,29,65.35051
-50114271.945557,32,65.4069
-50079024.946289,19,65.680688
-50107001.362793,25,65.733576
-50158203.928711,39,65.811372
-50095752.162109,23,65.856251
-50084147.536133,20,65.892663
-50124433.890381,30,65.944068
-50099715.429688,23,65.985499
-50085477.022949,20,66.021371
-50082019.567383,20,66.05728
-50114101.864258,27,66.106148
-50091342.824219,22,66.144005
-50099566.481934,24,66.185893
-50093399.657471,22,66.225953
-50221017.776489,69,66.346729
-50107116.71875,26,66.392606
-50096160.516113,23,66.433258
-50088446.228516,21,66.470669
-50121514.039795,30,66.522899
-50144493.960449,36,66.86182
-50122693.64624,30,66.923654
-50075399.109131,18,66.960634
-50103116.011719,24,67.010501
-50124879.689453,29,67.065355
-50087698.932617,21,67.101217
-50063709.786377,16,67.129142
-50089467.599609,21,67.168038
-50146929.080566,37,67.233007
-50091718.908203,22,67.271903
-50104828.050781,25,67.315786
-50083953.955566,20,67.350881
-50084863.805176,20,67.38715
-50784484.390686,305,68.237944
-50134167.183105,32,68.293799
-50098146.59082,23,68.333249
-50110181.103027,26,68.379125
-50114424.492676,27,68.426998
-50101016.318848,24,68.469887
-50082297.35791,19,68.503798
-50094357.056641,22,68.542719
-50090931.09375,21,68.580622
-50131442.271973,31,68.635446
-50115484.876465,27,68.683619
-50083875.356445,20,68.721541
-50140368.339355,37,68.785854
-50115618.453613,27,68.832701
-50183474.054443,50,68.919988
-50080238.597168,19,69.24547
-50223100.650391,60,69.365655
-50176392.197021,44,69.450961
-50099191.649414,24,69.492512
-50101464.415771,25,69.536567
-50140614.166992,34,69.597089
-50193426.07373,46,69.678396
-50095538.274902,23,69.717904
-50115693.476074,27,69.767428
-50098937.078613,23,69.807867
-50114588.97876,28,69.857029
-51302512.109741,449,70.938384
-50051022.39624,13,70.961837
-50077456.025391,18,70.993727
-50110847.235352,26,71.041963
-50101498.220215,24,71.084849
-50078094.484375,19,71.118562
-50099619.334473,24,71.160064
-50108312.591309,26,71.206515
-50097840.216797,23,71.249099
-50105823.066406,25,71.29398
-50088232.563965,21,71.601535
-50070808.945312,17,71.636442
-50097302.353027,23,71.681248
-50074144.428711,18,71.716563
-50090353.340332,22,71.760427
-50103134.847656,24,71.806317
-50113935.945312,27,71.852818
-50085617.17334,20,71.887668
-50097911.973633,23,71.929241
-50111826.199219,26,71.975415
-50095408.354004,22,72.015108
-50095049.486816,23,72.055999
-50132020.815186,32,72.111851
-50142623.663086,34,72.171782
-50100902.094727,24,72.21517
-50115892.358398,27,72.262926
-50145798.654541,36,72.325734
-50102851.075684,25,72.369619
-50113632.285645,27,72.417492
-50098363.344238,23,72.458266
-50079161.714844,19,72.492174
-50161156.647705,40,72.831292
-50109857.71875,26,72.883153
-50123131.737793,29,72.941995
-50110219.786621,26,72.988354
-50092746.0,22,73.028785
-50111650.213379,26,73.073666
-50097048.777832,23,73.114556
-50082871.275391,20,73.149125
-50107174.751709,26,73.194856
-50072789.428711,17,73.224776
-50067926.98877,16,73.254538
-50063758.916016,15,73.280481
-50192949.490967,62,73.391728
-50098517.451172,23,73.432848
-50077991.348877,19,73.466757
-50129939.953125,33,73.525134
-50104769.565918,25,73.568019
-50105638.071289,25,73.612899
-50109707.080811,27,73.659691
-50097650.07666,23,73.964878
-50325335.720947,82,74.126903
-50384552.136597,154,74.399179
-50098172.649902,23,74.44003
-50151581.361328,37,74.505703
-50086231.562988,20,74.54061
-50078805.902344,19,74.57452
-50086421.239258,21,74.611939
-50993118.227173,345,75.487061
-50274268.314697,86,75.636964
-50082582.807617,20,75.671897
-50087546.754395,21,75.710766
-50126551.416016,31,75.764621
-50128767.692383,31,75.819475
-52438318.442139,531,77.022957
-50083124.756836,20,77.059024
-50103245.054199,24,77.100912
-50101858.453125,24,77.42791
-50106143.214355,25,77.478775
-50121379.528564,29,77.537758
-50137226.092285,33,77.605577
-50378140.964478,113,77.801462
-50110199.876221,28,77.84935
-50100500.804199,24,77.89173
-50103308.570312,25,77.935731
-50102360.386719,24,77.980585
-50089399.37793,21,78.018455
-50094716.447998,24,78.06085
-50085969.222656,26,78.10679
-50100847.003906,25,78.151692
-50303155.366943,78,78.288802
-50207892.972412,53,78.663835
-50124158.590576,30,78.725968
-58314425.601685,1215,81.517797
-50087789.22168,21,81.555695
-50127293.501465,30,81.60919
-50116272.611328,27,81.656622
-50400910.32959,124,81.873481
-50078112.748779,19,82.174984
-50104634.079102,25,82.227192
-50218723.590332,60,82.346499
-50114640.410156,27,82.396366
-50092093.440186,22,82.435262
-50088422.729004,21,82.471708
-50127325.049805,30,82.525012
-50142140.493408,37,82.589583
-50423118.652344,137,82.829459
-50088319.89502,21,82.865362
-50111450.269531,26,82.911268
-50210781.2229,86,83.061784
-50167223.457764,42,83.403548
-50071891.135498,17,83.439453
-50134209.816162,32,83.502284
-50180724.745117,44,83.581076
-50099218.649414,23,83.620969
-50060574.380859,15,83.6469
-50108155.675293,25,83.691105
-50113009.146484,27,83.739125
-50123303.647949,29,83.789211
-50080552.820801,19,83.823118
-50134743.732666,41,83.895297
-50085814.614746,20,83.931201
-50056614.145508,14,83.955705
-50113946.494629,35,84.016886
-50110936.125,26,84.062104
-50326559.097412,90,84.220683
-50281839.041992,149,84.790037
-50102350.664551,24,84.831778
-50090695.342773,21,84.869676
-50103798.540527,24,84.912125
-50075047.075195,18,84.944039
-50363247.578613,101,85.1208
-50104910.085938,25,85.167186
-50105275.675781,25,85.212697
-50303754.751465,100,85.388415
-50140388.530273,33,85.720891
-50088289.663574,21,85.762779
-50102624.697266,24,85.810654
-50098286.281738,23,85.858527
-50104952.034668,25,85.905909
-50092998.353027,22,85.943808
-50091416.826172,22,85.981708
-50119217.245117,29,86.033996
-50109404.177734,26,86.081891
-50111787.277832,26,86.127879
-50200503.506836,52,86.21864
-50133816.970215,32,86.275516
-50109807.34082,26,86.320673
-50095557.908203,23,86.36059
-50112832.409668,28,86.410652
-50075549.437744,18,86.441978
-50094608.549316,22,86.481377
-50117610.985352,28,86.531889
-50154873.249023,37,86.596711
-50076114.103516,18,86.902759
-50117320.507324,28,86.958709
-50105967.427734,25,87.010079
-50111994.012695,26,87.061942
-50308869.626465,90,87.224297
-50089546.532227,21,87.262199
-50100391.595215,24,87.306092
-50168186.656494,40,87.38927
-50126794.093018,30,87.459084
-50100708.419922,24,87.5013
-50110996.013184,26,87.548011
-50161258.569824,42,87.622785
-50124523.925293,30,87.675644
-50086618.729492,20,87.711547
-50097519.577637,23,87.752497
-50107664.660156,26,87.801583
-50122857.984863,29,88.129629
-50176657.209961,42,88.216572
-50076637.338867,19,88.25462
-50075284.723633,18,88.290526
-50080507.940918,19,88.323536
-50115482.163574,28,88.372406
-50077003.659668,18,88.404277
-50068690.901123,17,88.435803
-50200614.491974,136,88.674873
-50100162.936523,24,88.716881
-50166415.756348,40,88.787692
-50118066.963867,28,88.837685
-50076489.366943,19,88.870598
-50101781.224121,24,88.9138
-50182271.195312,44,88.991274
-50097105.717773,23,89.304446
-50425739.586426,125,89.541784
-50103652.541748,25,89.585667
-50196882.712158,50,89.672976
-50125491.30127,30,89.726896
-50094791.55835,23,89.767367
-50098971.893555,23,89.807262
-50107888.511475,28,89.85768
-50108069.359863,25,89.902191
-50117922.926514,28,89.951619
-50194784.746338,49,90.038628
-50124592.561035,31,90.093482
-50093816.486328,22,90.13291
-50061090.140137,15,90.159838
-50211060.775879,51,90.519052
-50104898.674805,25,90.569915
-50086523.967285,20,90.611117
-50141853.902588,34,90.671557
-50110222.213379,26,90.718014
-50089533.935547,22,90.758717
-50113299.200684,27,90.807588
-50089309.576172,21,90.843493
-50126350.325439,30,90.897348
-50103006.999023,24,90.939763
-50169805.732178,42,91.015958
-50092957.658691,22,91.053857
-50093641.206055,22,91.092753
-50109543.09668,26,91.137687
-50087800.827148,22,91.176556
-50091574.51123,22,91.214482
-50127565.621582,30,91.268735
-50094379.006836,23,91.310625
-50127357.832031,30,91.609509
-50145720.107422,34,91.681821
-50112290.362305,26,91.73421
-50116248.137695,27,91.787631
-50067829.249512,16,91.815566
-50084306.914551,20,91.851185
-50102676.98584,24,91.894047
-50129571.04248,31,91.948936
-50094821.48291,22,91.986897
-50099731.937988,23,92.028778
-50119871.422852,28,92.077648
-50101456.765137,24,92.119535
-50176450.37793,43,92.198629
-50073273.209717,18,92.230543
-50115814.172852,27,92.278416
-50075053.628418,18,92.311897
-50077324.360352,18,92.344547
-50100802.892578,24,92.394418
-50120580.222656,28,92.455525
-50058894.696045,15,92.488945
-50084985.08252,20,92.530833
-50135897.959473,34,92.947379
-50086892.512695,21,92.99875
-50122854.720703,29,93.065571
-50402815.609131,111,93.287504
-50094474.086914,22,93.332903
-50103023.157227,24,93.38277
-50090041.031738,21,93.425657
-50709659.240784,287,94.23366
-50178239.43457,43,94.324577
-50091041.467285,22,94.366466
-50109997.100098,26,94.413734
-50116957.140137,28,94.463604
-50121174.763916,29,94.519485
-50092947.745117,22,94.558385
-50114576.414795,28,94.610034
-50088185.495605,21,94.648094
-50096585.623535,23,94.68896
-50147661.96582,35,94.753321
-50084047.172852,20,94.789226
-50110392.423828,26,94.836144
-50101785.696777,24,94.881688
-50104750.718262,25,94.925596
-50111941.915283,28,94.976026
-50196033.195068,49,95.064789
-50099501.606934,24,95.417082
-50101338.736816,24,95.466081
-50102510.044922,24,95.513942
-50099044.166504,23,95.560326
-50095084.460449,23,95.603213
-50095873.505859,23,95.644194
-50099831.028564,24,95.68708
-50114385.562012,27,95.735955
-50093964.121094,22,95.775847
-50739438.063843,267,96.251484
-50104461.242188,25,96.592477
-50105205.927734,25,96.645838
-50096747.597656,23,96.69555
-50159042.094238,39,96.77433
-50086970.029785,21,96.812734
-50095367.277344,23,96.853632
-50076429.683105,18,96.886543
-50089009.691895,21,96.924445
-50079223.19043,19,96.959376
-50089950.301758,21,96.997283
-50514102.794678,265,97.471783
-50112356.373535,27,97.791724
-50091958.899414,22,97.837602
-50094093.508789,22,97.883635
-50352829.123535,121,98.109837
-50092399.518066,22,98.148733
-50104568.567871,24,98.192616
-50129552.910889,32,98.250672
-50143836.502441,34,98.312128
-50099703.37793,24,98.356658
-50099891.074219,23,98.399575
-50091128.791992,22,98.439665
-50100022.365234,23,98.482692
-50117728.129395,28,98.533494
-50166106.705811,41,98.609427
-50093894.765137,22,98.650472
-50145415.266602,35,98.71489
-50097261.592285,23,99.036916
-50309703.3125,103,99.251182
-50084799.658203,21,99.290105
-50085686.446045,21,99.330969
-50138346.323486,34,99.393737
-50082371.819336,20,99.43163
-50145943.937012,35,99.49652
-50081959.252441,19,99.531598
-50094479.908203,22,99.573492
-50139082.572998,33,99.6324
-50095828.429443,24,99.675287
-50110866.013672,29,99.727982
-51327149.084564,423,100.773945
-50200596.529785,50,100.862709
-50104504.551758,24,100.905604
-50139046.758057,34,100.965465
-50388451.93042,111,101.468479
-50077011.35791,18,101.50538
-50103345.063477,25,101.558841
-50101280.598145,24,101.608761
-50077122.946777,18,101.643177
-50079318.079102,19,101.676738
-50111949.012207,26,101.726233
-50116752.691895,28,101.777102
-50103379.392578,25,101.820502
-50085618.750977,20,101.856407
-50110123.996094,26,101.903282
-50187401.695312,46,101.985061
-50127297.651367,30,102.039916
-50108413.939941,26,102.085939
-50117093.831055,28,102.137527
-50064079.868896,16,102.166455
-50339856.040283,93,102.337126
-50097340.234375,23,102.657625
-50087161.796387,21,102.703502
-50142930.202637,34,102.772824
-50102882.325684,24,102.820609
-50091999.476074,22,102.859831
-50083037.444336,20,102.895735
-50138978.749512,36,102.960384
-50090228.103027,22,102.999335
-50119187.370605,28,103.053644
-50081409.383789,19,103.088552
-50111406.80127,26,103.135817
-50090536.548828,21,103.174273
-50194807.807617,48,103.264779
-50079434.727783,19,103.299263
-50111554.941895,27,103.347815
-50089906.861328,21,103.38569
-50102107.850098,24,103.429716
-50092192.207031,23,103.471114
-50116766.773926,28,103.523039
-50093049.703125,22,103.562932
-50081358.119873,20,103.890915
-50703345.909912,272,104.392162
-50128275.583984,30,104.446698
-50320407.251099,112,104.648806
-50094307.809082,23,104.690696
-50107814.396973,25,104.736511
-50093193.253418,22,105.04177
-50251653.056152,79,105.20234
-50067257.597656,16,105.235483
-50096039.408447,26,105.281361
-50099420.132812,23,105.323767
-50112183.978516,26,105.37296
-50114648.41748,27,105.422827
-50098058.714844,23,105.464715
-50100460.132324,24,105.509142
-50085794.715332,20,105.545951
-50604949.225586,196,105.898915
-50099962.908691,24,105.94164
-50766574.640137,256,106.715911
-50101427.292969,24,106.758788
-50427169.632263,244,107.477267
-50087845.361328,21,107.521658
-50108629.36377,27,107.578508
-50122111.694336,29,107.640342
-50243531.827148,66,107.75905
-50094539.545898,22,107.799942
-50090667.04541,21,107.83784
-50083832.29248,20,107.874326
-50113929.253906,27,107.923196
-75829525.244995,1617,111.658651
-50088894.81543,21,111.695552
-50088428.564941,21,111.733959
-50094097.683594,23,111.774848
-50083444.552246,20,111.810754
-50109833.575684,27,111.857628
-50099678.96875,23,111.899545
-50110835.858887,26,112.245345
-50101628.930664,24,112.293966
-50111352.439941,26,112.34637
-50119257.114746,28,112.402221
-50101827.50293,24,112.443661
-50085424.030762,20,112.47915
-50099602.791504,24,112.521047
-50081363.988281,20,112.556537
-50115991.861328,27,112.603411
-50181079.390625,43,112.67873
-50109807.463867,26,112.725605
-50115361.02832,27,112.774539
-50121032.177734,28,112.824405
-50107017.063965,25,112.867815
-50152873.038086,36,112.930674
-50106374.616211,25,112.973536
-50080196.276367,19,113.009279
-50121132.623047,29,113.05976
-50109977.26416,26,113.105637
-50091038.991699,22,113.433631
-50068716.145508,16,113.466265
-50100505.842041,25,113.519125
-50057460.14624,14,113.547049
-50093075.911133,22,113.591712
-50110041.912598,27,113.639585
-50087552.99707,21,113.677299
-50214020.775879,52,113.767231
-50221707.317139,58,113.871455
-50088641.018066,21,113.908358
-50079475.202637,19,113.943331
-50102710.211914,24,113.986217
-50098564.521484,23,114.027624
-50104430.069824,24,114.070522
-50644303.845581,273,114.840223
-50117742.282715,28,114.897071
-50490604.300476,257,115.346512
-50094487.452637,23,115.387403
-50106322.04248,25,115.431792
-50099488.631836,23,115.473709
-50105451.143066,25,115.800042
-50167484.268555,42,115.888311
-50103958.561523,25,115.941168
-50110077.308594,26,115.988044
-50105708.594727,25,116.031926
-50107466.166992,25,116.077283
-50103337.936035,24,116.118679
-50283456.432251,94,116.283416
-50078486.578613,19,116.317331
-50098372.47998,23,116.35822
-50138710.021729,33,116.420055
-50105905.016113,25,116.463938
-50097302.892578,23,116.505645
-50067140.004883,16,116.534374
-50088422.312988,21,116.570253
-50094840.533691,22,116.609699
-50217111.065186,53,116.982068
-50090017.523926,21,117.026953
-50080518.23877,19,117.066846
-50128668.609863,31,117.129678
-50087832.44043,21,117.167577
-50100972.285645,24,117.210461
-50111787.99707,27,117.257099
-50084571.894043,20,117.293003
-50100614.803711,24,117.334891
-50153705.845703,42,117.409141
-50135250.038086,32,117.464993
-50279892.828857,87,117.616593
-50120993.808105,29,117.668021
-50087122.950195,21,117.703898
-50184543.599365,48,117.789692
-50098718.391113,23,117.829562
-50101443.131348,24,118.158797
-50097997.043457,23,118.206177
-50107214.642578,25,118.257286
-50081346.205322,20,118.298369
-50092088.066406,22,118.341254
-50318593.961426,109,118.530421
-50103269.04541,25,118.573837
-50270230.453979,92,118.734466
-50096859.568359,23,118.774386
-50081090.106445,20,118.808898
-50132594.738281,31,118.863751
-50117033.834473,27,118.913363
-50111464.234375,27,118.961236
-50128183.213623,31,119.018111
-50103517.433594,24,119.327842
-50115382.14502,27,119.382695
-50107649.055664,26,119.435555
-50116672.779297,28,119.491405
-50296985.590698,139,119.734781
-50075379.189453,18,119.766695
-50108086.122559,25,119.811168
-50111265.672852,27,119.85904
-50098659.167969,23,119.899931
-50111338.458008,28,119.949798
-50088468.227295,22,119.988694
-50091396.06665,22,120.029244
-50100431.34668,24,120.071157
-50069144.52002,17,120.100503
-50106651.479248,26,120.146132
-50171555.993652,42,120.49521
-50152916.392578,37,120.573002
-50151830.578613,35,120.646581
-50120433.145996,29,120.702432
-50109668.900391,27,120.749189
-50075912.007324,18,120.780079
-50100572.924805,24,120.821582
-50096353.275391,23,120.861504
-50078678.980957,19,120.895407
-50139301.859863,33,120.952872
-50099869.765137,25,120.996782
-50103465.37207,28,121.048089
-50080394.489258,19,121.08302
-50106101.390625,27,121.130094
-50093955.055176,22,121.167992
-50113031.335938,30,121.221361
-50098900.222656,23,121.262251
-50116134.046387,27,121.309723
-53435401.705933,639,123.044052
-50336904.627197,94,123.210174
-50108694.746094,26,123.256216
-50085980.839355,21,123.293426
-50096190.938965,23,123.334008
-51888939.627075,545,124.573361
-50100804.870605,24,124.61579
-50135892.16626,33,124.673214
-50138461.922363,34,124.732768
-50250700.127686,61,124.839314
-50091297.815918,22,124.879162
-50097391.779297,23,124.919337
-50083321.106445,20,125.215981
-50101218.424316,24,125.265029
-50134671.192383,32,125.330462
-50099364.733887,24,125.378723
-50050993.914062,12,125.400759
-50283528.852295,77,125.536508
-50110352.091309,26,125.581921
-50127257.439453,30,125.634057
-50113333.373291,27,125.680959
-50094702.645508,23,125.721415
-50106786.959961,25,125.766296
-50111779.54834,26,125.812173
-50112305.794434,26,125.857054
-50088836.606934,21,125.894887
-50122489.495117,30,125.94823
-50099740.361572,24,125.990658
-50120646.361816,28,126.041523
-50097299.332764,24,126.083641
-50161287.054932,39,126.425893
-50102753.342773,24,126.475762
-50087590.51123,21,126.518648
-50085623.765137,20,126.559044
-50191460.939453,47,126.640648
-50108046.331299,26,126.68706
-50096083.649414,23,126.726809
-50177405.412354,44,126.803603
-50624910.586548,290,127.56492
-50110423.362793,26,127.617726
-50108167.793457,25,127.669589
-50100732.68457,24,127.718107
-50114746.302246,27,127.76436
-50087250.224609,21,127.802259
-50139266.107666,34,127.861759
-50114590.216309,27,127.90866
-50092848.488281,22,127.94809
-50089603.412109,21,127.984967
-50106729.82959,25,128.028883
-50086089.742676,20,128.064786
-50100258.939453,24,128.10773
-50104226.578857,28,128.156307
-50069424.830322,18,128.188222
-53543494.5177,609,129.572657
-50109180.881348,26,129.878195
-50092206.602051,22,129.923795
-50136254.265137,32,129.990794
-50098675.764893,25,130.042651
-50236867.608032,86,130.196841
-50101085.151611,24,130.240806
-50107496.662109,25,130.286678
-50131063.527832,31,130.341479
-50117064.630371,28,130.390373
-50087670.916504,21,130.426759
-50075970.727539,18,130.459671
-50383317.262451,107,130.645713
-50093203.855469,22,130.685607
-50105170.620361,25,130.730191
-50088902.670898,21,130.768079
-50197600.458496,49,131.143394
-50165205.162598,39,131.222718
-50155877.154297,38,131.294044
-50101030.420898,24,131.33693
-50098280.055664,24,131.379843
-50084398.367676,20,131.415054
-50083479.052734,20,131.451956
-50098015.299316,23,131.492238
-50090049.914062,21,131.52914
-50107511.349121,25,131.574019
-50118119.733887,28,131.624411
-50093827.744141,22,131.663307
-50114304.856934,27,131.710431
-50097308.471191,23,131.750323
-50104559.145996,25,131.793726
-50102849.523926,24,131.836612
-50420056.330017,199,132.491178
-50079783.212891,19,132.525089
-50119047.836426,29,132.576949
-50420715.255371,112,132.769434
-50102523.105957,24,132.814111
-50120167.53833,29,132.86498
-50067484.661621,16,132.893482
-50341461.994629,115,133.096467
-50752697.022095,328,133.982183
-50099914.960449,23,134.024988
-50082454.548828,20,134.059895
-50150128.995605,36,134.126527
-50082525.595703,20,134.162432
-50145695.618896,36,134.225804
-51244561.289062,354,135.1583
-50079992.066895,19,135.192208
-50103821.219482,26,135.239083
-50099539.354492,23,135.279975
-50445994.802124,150,135.787043
-50308276.916138,136,136.050719
-50104770.660645,25,136.095141
-50060498.167969,15,136.121587
-50089931.822754,21,136.158488
-50107342.867676,26,136.204381
-50087720.331543,21,136.242246
-50114689.577148,28,136.291091
-50220723.257568,60,136.397731
-50312749.291534,187,136.991891
-50098599.902832,24,137.04206
-50100736.977539,24,137.089947
-50091003.614746,21,137.133402
-50074555.493164,18,137.167311
-50044637.424072,11,137.187621
-50110606.679443,28,137.235474
-50117016.07959,29,137.28631
-50114779.867188,27,137.336177
-50103554.186523,24,137.379062
-50354282.688599,120,137.589392
-50114910.077148,27,137.637239
-50139262.368896,34,137.696109
-50112547.019043,27,137.744607
-50077367.323242,19,137.778516
-50399701.663208,126,138.275306
-50354693.274658,112,138.473998
-50103215.049805,25,138.518169
-50095697.869141,23,138.557066
-50090445.34375,21,138.595236
-50106065.040527,25,138.640141
-50078578.46582,19,138.673027
-50088042.527832,21,138.710751
-50132414.302002,32,138.766826
-50077968.930176,19,138.80062
-50090133.246094,21,138.837428
-50118421.333984,28,138.887148
-50095868.878418,22,138.92602
-50091400.403809,21,138.964916
-50076414.07666,18,138.99683
-50125024.025391,30,139.350111
-50088460.914551,21,139.392503
-50102150.917969,24,139.44139
-50153900.650635,37,139.516708
-50173710.125977,45,139.595006
-50071239.644043,17,139.625923
-50321910.26123,82,139.767092
-50098200.303711,23,139.808511
-50105698.473389,25,139.853392
-51260786.465454,368,140.830036
-50155167.322021,38,140.896858
-50098580.13916,23,140.937748
-50107355.954102,26,140.983237
-50095074.738037,24,141.026175
-50103071.509277,24,141.071083
-50123254.288086,29,141.12192
-50087631.106445,21,141.159998
-50111219.041992,26,141.205893
-50102966.572266,24,141.249025
-50217036.432129,55,141.344768
-50100384.351562,24,141.387105
-50084534.814941,20,141.423008
-50523823.388672,194,142.06605
-50087415.188965,21,142.102953
-50084727.370117,20,142.138856
-50093738.512207,22,142.177056
-50320901.240601,112,142.372554
-50085110.071777,20,142.408965
-50077257.018311,19,142.442281
-50081697.0896,20,142.477187
-50111407.628906,26,142.525059
-50087087.958984,21,142.562635
-50097131.918945,23,142.603912
-50103721.276855,26,142.923868
-50151526.267822,39,143.002166
-50288319.648926,81,143.155908
-50084557.138672,20,143.191812
-50100496.521973,24,143.233211
-50148265.927246,35,143.294578
-50102042.532471,25,143.339458
-50102557.578125,24,143.381346
-50096399.416992,23,143.423507
-50146561.518799,37,143.490329
-50085119.365967,21,143.527396
-50105192.551758,25,143.571306
-50105476.356445,26,143.618152
-50071902.371094,17,143.648072
-50107546.44873,25,143.691955
-50405918.084106,118,144.182145
-50099937.360352,24,144.232011
-50097277.891113,23,144.275893
-51084757.03125,369,144.924695
-50104278.171875,25,144.968773
-50362808.783936,98,145.441656
-50109393.947266,26,145.487536
-50111888.396484,27,145.537
-50089283.781982,21,145.573902
-50163307.664307,39,145.642233
-51604037.348022,359,146.588933
-50175205.061279,45,146.676259
-50140618.651123,34,146.736129
-50118528.178223,29,146.788015
-50155204.661621,38,146.85285
-50278926.451416,86,147.003871
-50088195.614746,21,147.040773
-50117692.34082,28,147.089951
-50111029.915527,26,147.134782
-50100877.233398,24,147.177452
-50100924.389648,24,147.220362
-50093293.834473,22,147.258235
-50109458.3479,27,147.307106
-50128883.805908,33,147.623747
-50080866.22998,20,147.665635
-50085762.916504,20,147.713313
-50110173.516602,26,147.769164
-50190480.665771,47,147.853937
-50176473.694824,42,147.92886
-50189372.955811,47,148.012428
-50098471.203125,23,148.053321
-50140400.697998,34,148.114189
-50069598.561523,17,148.144078
-50111689.318359,27,148.194637
-50088803.858887,21,148.233992
-50142138.156006,34,148.293829
-50331017.313843,116,148.496296
-50076821.086914,19,148.530205
-50105767.457031,25,148.833281
-50056501.081055,14,148.861207
-50063377.380859,15,148.893121
-50091075.342285,22,148.936006
-50075107.086426,18,148.972782
-50101033.136719,24,149.01619
-50239687.828003,86,149.166841
-50095189.944336,22,149.207025
-50073643.184082,17,149.236206
-50335074.23877,92,149.398015
-50086095.622803,21,149.435915
-50092576.68335,25,149.479044
-50282515.009277,76,149.612363
-50054673.631836,13,149.636274
-50542040.935303,178,150.257301
-50145678.879395,35,150.320136
-50094788.218262,22,150.359034
-50102702.409668,25,150.403893
-50088498.783203,22,150.44198
-50101119.733398,24,150.484873
-50106016.03418,25,150.529754
-50082433.161133,20,150.565377
-50144853.239258,35,150.62721
-50117415.203613,28,150.676109
-50093449.272461,22,150.713984
-50081198.746582,20,150.748902
-50091061.197266,22,150.789341
-50116121.386719,27,150.836274
-50107050.916992,25,150.880225
-50082654.477051,20,151.193935
-50103049.648193,25,151.246793
-50127515.116211,31,151.308147
-50100480.911621,24,151.356019
-50229476.162109,64,151.46872
-50158743.487549,38,151.536241
-50320191.375732,87,151.68642
-50086875.273438,20,151.722324
-50087502.226562,21,151.759242
-50090635.570801,22,151.799135
-50102228.063477,24,151.841574
-50084047.496338,20,151.877507
-50102558.487793,24,151.91837
-50116423.556396,28,151.968235
-50104052.442871,25,152.014227
-50605015.386963,178,152.616194
-50075346.931641,18,152.647913
-50097496.529785,23,152.688805
-50072595.192383,17,152.718777
-50348723.421997,141,152.965873
-50084795.435059,20,153.002799
-50211311.961182,52,153.092534
-50078782.134277,19,153.126121
-50087710.054443,22,153.164406
-50124399.119629,29,153.217121
-50103101.399414,24,153.549787
-50218639.042969,64,153.679687
-50239010.648438,64,153.794785
-50095928.552734,23,153.83567
-50104857.225098,25,153.880551
-50093855.026367,22,153.921442
-50062859.538086,15,153.95016
-50093337.755859,22,153.988995
-50092712.647461,22,154.030628
-50059141.960449,14,154.05699
-50110291.429199,27,154.104304
-50106025.175781,25,154.1477
-50094546.291504,23,154.189107
-50075942.005859,18,154.220754
-50123668.585449,29,154.272091
-50117762.521973,28,154.320963
-50107550.63623,25,154.366363
-50125083.772705,30,154.420213
-50092847.023438,22,154.732896
-50109495.169434,26,154.787476
-50120174.239258,30,154.847821
-50112441.168945,27,154.90318
-50093638.959961,22,154.94108
-50066226.227783,17,154.970999
-50101132.427734,24,155.013885
-50106044.256836,25,155.057767
-50075123.922852,18,155.089683
-50113870.102539,27,155.138578
-50106404.393555,26,155.1831
-50116841.951172,28,155.232872
-50080403.783691,19,155.266782
-50094577.518555,23,155.309667
-50187873.412109,46,155.390453
-50110867.073975,28,155.440471
-50100750.870117,24,155.482592
-50099192.510742,23,155.522969
-50077944.383789,19,155.555905
-50085586.134277,20,155.593397
-50131726.668457,31,155.934686
-50083635.19043,20,155.976579
-50135472.150146,36,156.048891
-50068218.981445,17,156.0824
-50068682.789795,17,156.114818
-50127094.860352,30,156.16619
-50106255.916016,25,156.212068
-50108942.912598,26,156.258265
-50136397.597656,34,156.317068
-50105675.956055,25,156.361656
-50167231.451904,41,156.433916
-50100474.60498,24,156.475968
-50072522.615234,17,156.506881
-50079415.777832,19,156.539794
-50256327.396606,129,156.763292
-50047412.579346,12,156.785233
-50066865.916016,16,157.07488
-50140416.718262,33,157.1437
-50085999.298828,21,157.186642
-50180687.35498,44,157.274798
-50094525.225586,22,157.313694
-50698491.70929,295,157.825894
-50113930.237793,27,157.873801
-50168434.010498,40,157.945155
-50105009.838379,25,158.298144
-50105831.908936,26,158.35084
-50085463.095215,20,158.390075
-50278955.787842,71,158.523687
-50120474.509033,30,158.576546
-50108369.456055,26,158.622423
-50078989.194336,19,158.656332
-50105310.708008,25,158.700215
-50292138.947388,128,158.922069
-50089184.166992,21,158.958972
-50118834.758789,28,159.00986
-50108151.548584,26,159.055751
-50103030.066406,24,159.098782
-50156980.343262,37,159.163637
-50141373.061768,36,159.517796
-50081434.597656,19,159.556693
-50098913.021973,23,159.601573
-50097987.818115,24,159.64945
-50080207.73877,19,159.683359
-50091321.615967,22,159.721798
-50163616.250732,42,159.794536
-50122662.099121,31,159.848392
-50100444.965332,24,159.89028
-50093823.350586,22,159.929999
-50071238.417969,17,159.95877
-50082394.087402,20,159.995102
-50107856.060059,25,160.040979
-50106539.193848,25,160.086427
-50083772.983887,21,160.122059
-50087520.670898,21,160.160604
-50117714.757812,28,160.210471
-50111823.578125,26,160.256391
-50292218.976318,86,160.67491
-50126493.240234,30,160.736735
-50096276.597412,24,160.786115
-50095343.813965,22,160.831027
-50150138.752686,36,160.893701
-50106179.882812,25,160.938915
-50104574.883301,25,160.982859
-50078587.993652,19,161.0179
-50066200.92749,16,161.046823
-50091737.689941,22,161.085719
-50134776.445801,32,161.1406
-50262809.890869,81,161.28167
-50119706.491211,28,161.331528
-50224696.204651,118,161.538446
-50316837.015289,148,162.102994
-50108599.381348,26,162.14877
-72999763.31665,1725,166.036243
-50274872.601074,71,166.160733
-50116774.859375,28,166.212593
-50106026.991211,25,166.539551
-50159573.37085,38,166.616346
-50065856.624023,16,166.64826
-50103734.972168,25,166.696146
-50099995.100586,23,166.736023
-50142281.766602,34,166.796443
-50085527.298828,20,166.831866
-50449845.23938,131,167.060911
-50082677.519531,20,167.096852
-50097402.402344,23,167.138401
-50120191.150879,28,167.187888
-50082181.271973,20,167.224788
-50107669.260254,25,167.269033
-50280529.412292,140,167.811638
-50100463.733887,24,167.85902
-50075383.505859,18,167.892832
-50103347.837891,26,167.93871
-50142057.046143,34,167.998326
-50090833.76123,22,168.038305
-50182430.77002,45,168.11728
-50128833.438721,32,168.172743
-50112550.178223,26,168.219642
-50090816.07373,21,168.25905
-50085980.726562,21,168.296279
-50115274.367676,27,168.344199
-50107222.581543,25,168.38862
-50149405.433594,38,168.455047
-50326028.138916,91,168.890018
-50132364.984131,37,168.964325
-50400266.007935,133,169.206049
-50137501.857422,32,169.262896
-50123725.678467,30,169.316752
-50094988.625488,23,169.357664
-50117863.583984,28,169.407051
-50105190.954102,25,169.451933
-50097246.934082,23,169.493115
-50146708.988281,55,169.590014
-50099522.017578,24,169.63091
-50091647.121094,22,169.669805
-50119186.744629,28,169.719702
-50146947.61084,35,170.054352
-50091985.861816,22,170.099808
-50062916.307129,15,170.129728
-50125554.563965,30,170.190823
-50099869.000977,24,170.239101
-50099795.115479,25,170.283381
-50100117.508789,23,170.325269
-50222225.469238,55,170.422473
-50050024.632324,12,170.443417
-50061272.516846,15,170.469877
-50095151.374023,23,170.509773
-50106480.909668,25,170.553388
-50069520.162109,17,170.584225
-50094548.595459,23,170.625243
-50103219.152344,24,170.668128
-50106965.827148,25,170.711174
-50089300.026367,21,170.748451
-50140005.230225,35,170.809603
-50117953.272461,28,170.859402
-50053918.399658,13,170.88234
-50090911.847168,21,170.920166
-50100206.644531,23,171.253434
-50098322.165527,23,171.302303
-50112874.663086,26,171.356161
-50057332.002441,14,171.386081
-50098475.644043,23,171.431464
-50094994.549805,23,171.471175
-50171337.636719,41,171.544308
-50110839.273926,26,171.590185
-50102533.330078,24,171.633071
-50117756.239746,28,171.682141
-50130448.299316,31,171.736615
-50128436.909668,30,171.788948
-50079759.987793,19,171.822859
-50106207.463623,26,171.86898
-50094858.426758,22,171.907854
-50091742.170654,23,171.948743
-50329490.197266,87,172.102327
-50109623.018066,26,172.411898
-50091955.069336,22,172.458259
-50084496.391113,20,172.498708
-50107018.496582,25,172.548577
-50078517.167969,19,172.586474
-50096926.016602,23,172.628362
-50087640.105469,21,172.664778
-50087107.955078,21,172.701447
-50115584.717773,27,172.74933
-50485963.453125,213,173.121004
-50134155.695801,32,173.177705
-50095674.561035,24,173.219944
-50096644.921875,24,173.262246
-50088001.166016,21,173.29941
-50324672.154297,83,173.71968
-50106742.519531,25,173.767552
-50078930.984375,19,173.800464
-50136219.033203,32,173.857745
-50083568.227539,20,173.893649
-50107363.441895,25,173.937873
-50106648.887207,25,173.981725
-50091365.605957,22,174.020643
-50086460.557617,21,174.058525
-50085923.328125,21,174.095705
-50078331.114258,19,174.128617
-50097774.536133,24,174.171864
-50338815.055664,93,174.335454
-50092380.11377,22,174.374856
-50103838.555176,24,174.41774
-50111577.731934,26,174.46397
-50108652.506348,26,174.782346
-50103203.118652,24,174.830975
-50090157.475586,22,174.87486
-50102794.095215,24,174.921733
-50155889.715088,38,174.990293
-50101453.852051,24,175.034072
-50107254.440674,26,175.079545
-50092040.731445,22,175.119398
-50202554.040039,49,175.205879
-50126090.470947,31,175.262222
-50060974.346924,15,175.288126
-50073383.018555,17,175.320041
-50084803.04126,21,175.357766
-50125677.915527,30,175.411623
-50099071.265137,23,175.452514
-50109469.868164,26,175.498312
-50122284.492676,29,175.549177
-50092031.424805,22,175.588077
-50091663.352783,22,175.625976
-50172153.44873,42,175.980641
-50182744.360107,46,176.072901
-50166119.864258,43,176.153102
-50119097.981201,29,176.204247
-50100524.553223,24,176.246191
-50104081.312012,25,176.2901
-50109694.756348,26,176.334981
-50175654.119385,43,176.409781
-50128589.381104,32,176.468633
-50124486.753418,29,176.519498
-50069486.334961,17,176.550416
-50082475.513672,20,176.586245
-50075607.145996,18,176.618136
-50085948.613525,21,176.654766
-50100110.766602,24,176.697458
-50099151.793945,23,176.737868
-50101386.630127,25,176.780862
-50090008.169922,21,176.817763
-50091395.829102,22,177.139422
-50112185.371094,28,177.197505
-50139144.070068,34,177.267043
-50104055.232422,24,177.313426
-50073537.271973,17,177.343346
-50096308.307373,23,177.383741
-50083823.34375,20,177.420671
-50254272.444336,67,177.53877
-50335372.70874,99,177.710564
-50100397.912598,24,177.753449
-50106407.524414,25,177.796936
-50243476.197266,67,177.913046
-50093658.578125,23,177.954498
-50100062.397461,24,177.998862
-50400953.971069,152,178.568043
-50120873.733398,30,178.620904
-50090748.717285,21,178.657561
-50093722.148926,22,178.696456
-50097571.872559,23,178.737375
-50150452.351562,36,178.799881
-50092972.10791,22,178.838778
-50113341.058594,27,178.886171
-50092095.753418,22,178.924069
-50108773.26001,26,178.970944
-50106009.763672,25,179.014953
-50087598.584961,21,179.052852
-50104325.551758,25,179.096735
-50196688.978027,54,179.192482
-50101462.914062,24,179.511112
-50091799.599609,22,179.556989
-50092131.725098,22,179.599874
-50091716.759766,22,179.64276
-50106392.212402,25,179.688637
-50201146.239014,49,179.77561
-50088062.82373,21,179.812511
-50167743.478027,43,179.889746
-50084481.838379,20,179.925649
-50089765.419434,22,179.964546
-50165835.68042,42,180.040534
-50098775.819824,24,180.083846
-50099579.281006,24,180.126393
-50106710.148926,25,180.170807
-50197394.35083,49,180.257695
-50082644.080566,20,180.295478
-50090241.614258,21,180.334906
-50081601.929688,19,180.369809
-50385509.617767,184,180.978351
-50118369.852051,28,181.028219
-50075385.900391,18,181.060336
-50069304.06543,17,181.090283
-50099903.424805,23,181.131147
-50083690.031738,20,181.167632
-50073835.329102,18,181.199554
-50090151.76416,21,181.236969
-50083834.262939,21,181.274203
-50118779.48584,31,181.32968
-50102757.451172,24,181.37155
-50103371.324219,24,181.414435
-50087976.402344,21,181.452333
-50145884.043945,37,181.517665
-50090257.631348,21,181.555596
-50102919.496582,25,181.862317
-50168617.153809,43,181.946598
-50153737.11377,36,182.016416
-50401443.108063,184,182.338351
-50214254.743408,53,182.430919
-50061245.412109,15,182.45753
-50233889.845093,77,182.59184
-50099747.151855,24,182.634726
-50126893.620117,30,182.687142
-50143138.227051,36,183.025619
-50095770.664551,23,183.074078
-50103098.736084,26,183.125941
-50105896.60791,25,183.175345
-50107290.647461,26,183.22222
-50093703.220215,22,183.260536
-50085370.954102,20,183.296015
-50080193.508301,19,183.328929
-50101980.608398,24,183.371608
-50097495.775391,23,183.411502
-50200181.513428,53,183.505464
-50109056.53125,26,183.550321
-50146244.698975,35,183.611779
-50126134.054932,30,183.666634
-50108223.275391,26,183.715519
-50099096.77832,23,183.756393
-50088981.066406,21,183.794302
-50152316.640869,37,183.859121
-50107635.333984,25,184.18546
-50080253.657715,19,184.225354
-50078348.874512,19,184.264266
-50083908.719238,20,184.304594
-50291169.859619,123,184.526502
-50082993.164062,20,184.562478
-50108084.175293,26,184.608355
-50311158.686279,86,184.759263
-50105639.075195,25,184.803126
-50099667.793457,24,184.845013
-50119779.661621,28,184.893904
-50110159.03125,27,184.940805
-50063892.915527,16,184.96876
-50114678.147461,28,185.019455
-50099839.123535,24,185.061823
-51009850.722778,380,186.015527
-50128430.507324,31,186.07038
-50069830.177734,17,186.1003
-50127570.767578,30,186.153317
-50088030.964844,21,186.19177
-50085461.816406,20,186.227673
-50105147.239746,25,186.555792
-50087170.536621,21,186.59768
-50098520.051758,23,186.643557
-50102632.477051,24,186.691791
-50080938.507324,19,186.729691
-50114935.812988,27,186.776527
-50096196.170898,23,186.81642
-50111149.867676,26,186.861816
-50114958.274414,27,186.910324
-50079467.016602,19,186.944232
-50080615.401855,19,186.977175
-50194140.661377,49,187.062412
-50101620.050781,25,187.107296
-50207938.181396,53,187.199054
-50113762.76416,27,187.246056
-50086842.479004,20,187.280988
-50110788.941895,26,187.327863
-50122524.411133,29,187.38014
-50105556.237793,25,187.424023
-50078486.227539,19,187.717336
-50128267.695312,30,187.782414
-50101577.622559,24,187.83328
-50334374.417236,85,187.990592
-50227419.948486,57,188.093554
-52910046.130981,595,189.460399
-50070454.804199,17,189.490867
-50085595.349121,20,189.52677
-50154045.173584,39,189.594707
-50096703.360352,23,189.634602
-50095452.263184,22,189.674119
-50103194.049805,24,189.716615
-50101058.372559,24,189.758531
-50092380.735107,22,189.798775
-50112705.435547,27,190.093068
-50100416.17041,24,190.141939
-50271864.312744,74,190.283368
-50098833.027344,24,190.327251
-50215692.253662,54,190.426916
-50404957.468933,218,190.81065
-50102986.071777,24,190.853533
-50094908.911133,22,190.893036
-50134243.091797,32,190.948912
-50081868.954102,20,191.247764
-50101954.242676,24,191.295687
-50107714.760986,27,191.349545
-50153076.351318,37,191.423346
-50132688.014648,32,191.47876
-50102393.915039,24,191.522251
-50196895.16217,107,191.708094
-50116847.844971,28,191.757537
-50161687.951904,41,191.829351
-50111289.849609,26,191.876226
-50096651.683594,23,191.917154
-50092170.191406,22,191.957093
-50077836.508789,18,191.988502
-50125810.911377,31,192.043333
-50207067.641602,50,192.407738
-50090475.952148,21,192.45162
-50120113.793701,29,192.511675
-50184620.86084,46,192.601547
-50076207.935547,18,192.633461
-50090128.612793,21,192.670913
-50103799.796875,24,192.713941
-50418932.509521,126,192.934402
-50112453.70459,26,192.980385
-50089664.280762,21,193.01849
-50096590.011475,23,193.060473
-50108578.73584,25,193.105353
-50161571.755615,39,193.173577
-50101767.716309,24,193.216467
-50106715.416504,25,193.261212
-50090136.083984,21,193.299143
-50090669.718262,21,193.627942
-50123662.285645,29,193.687811
-50108309.881104,26,193.74064
-50282499.920898,69,193.865387
-50084210.410156,20,193.902287
-50093242.587891,22,193.941183
-50094531.523926,22,193.980095
-50115928.121582,27,194.028773
-50067110.337891,17,194.059691
-50091899.874023,22,194.097589
-50119166.967285,28,194.148806
-50099189.501221,24,194.192689
-50171978.045898,41,194.266674
-50078781.26123,19,194.299586
-50123322.96875,30,194.352195
-50104483.060059,24,194.395794
-50114701.706543,27,194.445662
-50092148.490234,22,194.484587
-50155413.150879,39,194.812695
-50708102.627563,309,195.369307
-50085320.833496,20,195.404216
-50126167.342773,33,195.463595
-50158499.42041,39,195.532435
-50093415.839844,22,195.570432
-50107625.684814,26,195.616309
-50095038.360352,22,195.656037
-50536788.523438,171,196.228663
-50147767.389893,36,196.291809
-50088906.23877,21,196.330707
-50121170.7771,29,196.38245
-50094171.867676,22,196.420348
-50099777.925293,24,196.463233
-50070593.678223,17,196.494222
-50113221.965332,27,196.541455
-50118077.968262,28,196.590325
-50109633.219727,26,196.635206
-50155343.155518,38,196.705561
-50103099.45874,25,196.748471
-50114308.472656,27,196.796326
-50153627.741699,40,197.154762
-50100580.534668,24,197.203139
-50096776.193848,23,197.251011
-50114514.053711,27,197.303874
-50142113.288086,34,197.362757
-50124979.212402,31,197.416975
-50073417.29541,17,197.448425
-50186517.379395,47,197.530292
-50120695.726807,29,197.581154
-50089972.14209,21,197.618277
-50083728.745117,20,197.654706
-50102502.297363,24,197.696084
-50117786.720703,28,197.74551
-50085690.302246,20,197.780417
-50108025.910156,26,197.827799
-50077325.34375,19,197.861732
-53106517.16748,556,199.126217
-50102249.143066,25,199.170949
-50091983.992188,22,199.50493
-50130164.732178,31,199.570758
-50109954.821777,26,199.624138
-50094802.940918,24,199.668422
-50130346.51123,31,199.722282
-52695957.411621,640,201.145986
-50090219.988281,21,201.183887
-50156652.179199,46,201.267409
-50102968.342773,25,201.311242
-50097592.34375,23,201.352132
-50077785.395996,19,201.385836
-50103567.426758,25,201.429718
-50072746.906494,18,201.460663
-50195121.41748,50,201.549948
-50119125.72998,30,201.860185
-50230209.436279,56,201.976242
-50060497.64502,15,202.007213
-50132435.153809,37,202.070144
-50109495.631836,26,202.118016
-50114083.336426,27,202.165418
-50323061.699219,119,202.371918
-50199230.71167,51,202.461186
-50145607.362793,37,202.527208
-50104891.447754,25,202.57169
-50102734.445801,24,202.613829
-50115797.452637,28,202.662671
-50105506.221191,25,202.707128
-50207253.746338,53,203.078225
-50115329.298828,27,203.133077
-50103578.600586,24,203.180952
-50094302.638184,23,203.219848
-50094979.744141,23,203.260341
-50119793.694336,29,203.310867
-50110258.362793,26,203.356721
-50104347.15625,25,203.400993
-50114465.3125,27,203.449862
-50123417.435303,30,203.503236
-50105783.792725,26,203.548725
-50136877.057617,33,203.61559
-50104632.418457,25,203.658509
-50106506.789307,27,203.706686
-50058274.57251,14,203.731618
-50113612.52832,27,203.778507
-50087723.046875,21,203.816406
-50075995.998047,18,203.84832
-50077540.640137,18,203.879581
-50091434.574707,22,204.176793
-50106667.435059,25,204.227183
-50085189.758789,20,204.266659
-50103280.644531,24,204.315076
-50357389.292419,184,204.638387
-50176835.699707,44,204.720188
-50107128.684082,25,204.764237
-50121384.600098,29,204.815596
-50082497.455566,21,204.853495
-50102512.785156,24,204.896464
-50101986.827148,25,204.940346
-50091685.429199,22,204.978247
-50071315.446045,18,205.01236
-50746996.049622,372,205.96903
-50100694.601074,24,206.011469
-50093966.758301,22,206.050366
-50249861.484375,67,206.168309
-50085042.254395,20,206.206208
-50088063.81543,21,206.501991
-50282610.079346,72,206.648119
-50186799.014404,45,206.730899
-50114225.559326,27,206.77829
-50492686.459412,202,207.128332
-50114853.869629,27,207.177202
-50225842.742676,57,207.278644
-50127136.589844,30,207.3325
-50136631.980469,32,207.389093
-50166883.167969,42,207.802411
-50112498.950928,27,207.855269
-50104483.03418,25,207.904139
-50092256.967285,22,207.944032
-50123432.440918,29,207.996422
-50318643.395264,95,208.165619
-50094665.341309,22,208.206362
-50084951.279297,20,208.243262
-50087243.118164,21,208.280444
-50086092.969238,21,208.32516
-50161551.40918,39,208.413146
-50103226.764648,24,208.455253
-50088846.544922,21,208.493148
-50098610.514648,23,208.53353
-50129992.092285,31,208.588091
-50101740.170654,25,208.631042
-50088031.463135,21,208.940001
-50273712.942383,72,209.113634
-50081974.988281,19,209.148541
-50092244.326172,22,209.187436
-50090141.197266,21,209.225819
-50076704.501465,18,209.258451
-50086201.160645,21,209.296349
-50155173.476074,37,209.361775
-50148756.999268,36,209.426005
-50089523.858887,21,209.461908
-50110806.339844,27,209.51002
-52978176.203369,685,210.984
-50095546.254883,23,211.306895
-50077812.531738,19,211.347785
-50064335.614258,15,211.379669
-50083402.132568,21,211.42301
-50085344.442383,21,211.465895
-50090013.195801,22,211.507449
-50169220.835205,41,211.578165
-50140307.192871,35,211.638551
-50090977.769043,22,211.677738
-50106426.873047,25,211.722121
-50115906.480957,27,211.769993
-50337054.814941,86,211.92069
-50100716.743896,25,211.964572
-50104272.516602,25,212.008455
-50085194.878906,20,212.044359
-50101900.43335,27,212.093231
-50234320.091064,66,212.482599
-50127810.586426,31,212.545846
-50128424.752441,32,212.609674
-50080854.984863,19,212.64857
-50119216.433594,29,212.701429
-50230789.463867,59,212.804155
-50087096.868408,22,212.843052
-50090919.157471,23,212.883207
-50081537.622559,19,212.917117
-50080890.947754,19,212.952024
-50150721.970459,36,213.014469
-50185385.1521,47,213.09826
-50068565.251465,16,213.127183
-50099349.570068,24,213.168635
-50073859.063232,18,213.201549
-50117949.835938,28,213.250423
-50137257.742676,33,213.30793
-50101650.00293,24,213.352228
-50106732.914551,25,213.640859
-50075470.540527,18,213.676766
-50093743.286133,22,213.723641
-50176643.73877,44,213.813332
-50099966.905273,23,213.855219
-50111952.199707,26,213.901104
-50142783.305908,35,213.963305
-50124892.894287,31,214.01738
-50439203.034424,149,214.276462
-50200587.31958,48,214.360239
-50102383.208008,24,214.403105
-50128762.665527,31,214.458955
-50093836.823242,22,214.498856
-50107914.931641,26,214.827979
-50294303.248047,80,214.985227
-50145280.734619,35,215.049056
-50146320.177979,36,215.110892
-50101109.989258,24,215.154019
-50094343.611328,22,215.192973
-50128760.890137,31,215.24671
-50097467.630371,23,215.287599
-50166974.672363,43,215.36443
-50098946.948242,24,215.407311
-50101733.334961,24,215.450195
-50101574.428711,24,215.49549
-50146339.607666,35,215.557325
-50088305.803711,21,215.594362
-50090933.106445,21,215.632261
-50096241.39209,23,215.67415
-50084660.754395,20,215.709058
-50085898.317871,23,216.018429
-50102077.206055,24,216.067298
-50383177.863037,131,216.311882
-50089520.585205,22,216.351775
-50154990.351318,37,216.420432
-50079282.512695,19,216.453345
-50163201.801758,39,216.522189
-50101162.06543,24,216.565072
-50097974.839355,23,216.604965
-50178041.82373,41,216.677174
-50114971.826904,29,216.727101
-50092960.691406,22,216.766987
-50154000.557373,38,216.833784
-50096185.298584,23,216.874641
-50095541.084961,23,217.184644
-50173904.584473,41,217.268975
-50163271.105469,41,217.350755
-50091294.656738,22,217.389652
-50093071.580566,22,217.428548
-50086020.027832,21,217.46545
-50185715.210938,50,217.55206
-50118248.921387,30,217.604919
-50115955.861328,27,217.65301
-50087797.537354,21,217.690607
-50100833.571777,24,217.733041
-50080157.20459,19,217.76695
-50093076.322754,22,217.805846
-50111366.374512,27,217.852225
-50147033.730957,36,217.915059
-50324148.793213,91,218.352176
-50097250.594727,23,218.399159
-50130009.072754,31,218.462989
-50088447.19043,21,218.505963
-50098972.693359,23,218.550843
-50058388.50293,14,218.576719
-50119666.099609,28,218.625167
-50090244.906738,21,218.662477
-50110761.541504,26,218.709124
-50121135.131348,29,218.759474
-50090850.353027,21,218.797115
-50171642.074707,42,218.870168
-50103412.20459,24,218.913053
-50088721.911621,21,218.949689
-50104203.941895,25,218.992818
-50102873.875488,24,219.035843
-50101339.953125,24,219.078044
-50121532.446777,29,219.128967
-50083981.005371,20,219.16596
-50155986.354736,37,219.233774
-50078666.71875,19,219.568238
-50096503.350586,23,219.616108
-50057523.994141,14,219.645031
-50101354.634277,24,219.69461
-50108060.884766,25,219.744478
-50146891.496582,35,219.806562
-50060449.589355,15,219.832493
-50105807.208984,25,219.875459
-50112484.270508,26,219.922333
-50104638.225098,25,219.965194
-50130186.924805,31,220.020812
-50094464.015137,23,220.062217
-50107619.166504,25,220.1061
-50271449.899658,74,220.236751
-50085659.589355,20,220.271874
-50104323.722412,25,220.315756
-50088384.623535,21,220.353655
-50119903.379395,28,220.403525
-50109156.809082,26,220.450399
-50075632.54541,18,220.766947
-50191720.860596,54,220.876161
-50097595.007324,23,220.922038
-50098797.59668,23,220.965924
-50111604.284668,27,221.013798
-50119694.168457,28,221.062667
-50107722.650879,25,221.10655
-50117792.43457,28,221.155419
-50085613.632812,20,221.192847
-50077446.689941,19,221.225759
-50424888.216309,113,221.423979
-50101912.721191,24,221.466229
-50075634.298828,18,221.49857
-50100648.762695,24,221.541428
-51773710.781006,471,222.650059
-50090761.831543,21,222.687386
-50079743.806641,19,222.720298
-50111367.926758,26,222.766948
-50755478.125137,302,223.580315
-50106311.239258,26,223.626191
-50225537.094727,57,223.724985
-50113229.447266,27,223.772914
-50109341.01416,26,223.818274
-50378336.362549,129,224.331368
-50447501.152466,134,224.580309
-50095839.635986,23,224.621224
-50085257.572754,20,224.656108
-50104971.338867,25,224.699991
-50099038.461426,23,224.74088
-50090359.081055,22,224.781283
-50103680.259766,24,224.824872
-50082897.0,21,224.861284
-50112374.109863,27,224.908182
-50107516.168945,25,224.952041
-50092033.442871,22,224.990937
-50120910.272461,29,225.043412
-50750468.61499,308,225.87864
-50254586.140137,62,225.987169
-50096935.667969,23,226.02908
-50102802.709473,24,226.070501
-50070123.390625,17,226.100422
-50085110.211914,20,226.135329
-50082316.518066,20,226.172229
-50095719.158691,23,226.21215
-50095311.794434,23,226.254011
-50155069.416016,39,226.323825
-50136389.25708,35,226.666181
-50211273.909912,52,226.771939
-50093036.745117,22,226.814825
-50146285.59082,35,226.87981
-50073871.29834,18,226.912722
-50081179.136719,20,226.947219
-50081062.23291,19,226.982155
-50106881.982422,25,227.026009
-50093631.318359,22,227.06506
-50111357.47998,26,227.110937
-50092333.611816,22,227.150743
-50357107.807739,136,227.3902
-50106517.119141,25,227.434082
-50100468.938477,24,227.475995
-50184272.500244,47,227.826914
-50153259.185059,36,227.902711
-50118050.687988,28,227.960114
-50147665.46167,36,228.026935
-50127531.687988,30,228.079195
-50175159.492188,44,228.157194
-50093324.924805,24,228.200915
-50280755.106689,72,228.325968
-50106490.898438,26,228.371591
-50097196.578857,23,228.412456
-50105350.352539,26,228.460331
-50363651.320068,108,228.649548
-50097139.18457,23,228.690165
-50113059.867676,27,229.008175
-50132151.206055,31,229.071513
-50110112.635254,26,229.12318
-50132782.886719,32,229.182414
-50083366.580566,20,229.217433
-50171722.161621,48,229.302262
-50137522.222168,33,229.360539
-50086462.557129,20,229.396443
-50088361.395996,21,229.433347
-50101996.399658,25,229.47723
-50096602.837646,23,229.518927
-50105817.538086,25,229.56383
-50133585.654053,32,229.619197
-50096009.392578,23,229.659037
-50084614.623535,20,229.693986
-50077251.730225,19,229.728892
-50088414.955078,21,229.76482
-50194667.089355,52,229.856937
-50122251.233643,29,230.21539
-50094318.429688,22,230.261166
-50109202.213867,26,230.313022
-50104439.039551,25,230.364285
-50108402.785645,25,230.41116
-50096701.45166,23,230.451058
-50117422.024902,28,230.500148
-50085139.217285,20,230.535054
-50107519.099854,26,230.581928
-50317827.06543,122,230.796993
-50093815.71582,22,230.835475
-50123547.86792,29,230.888361
-50097864.606934,23,230.928165
-50104611.286133,24,230.972019
-50092161.883789,22,231.011932
-50120984.165039,29,231.061826
-50078198.367188,19,231.368166
-50125406.466309,30,231.431995
-50091891.31543,23,231.47887
-50054897.826904,14,231.506794
-50122426.918701,30,231.564153
-50100056.256348,24,231.605043
-50058456.669189,14,231.629977
-50081480.483398,20,231.666975
-50093713.463135,24,231.708863
-50088828.274414,21,231.746804
-50085972.880371,21,231.783892
-50098282.678711,23,231.824781
-50119890.727539,28,231.874194
-50292425.251709,77,232.010301
-50233178.546875,59,232.113026
-50091841.089355,22,232.150925
-50133319.343506,32,232.207773
-50097119.210938,23,232.248986
-50126827.521484,30,232.555455
-50085403.098633,20,232.59834
-50132910.107422,32,232.663167
-50115679.557617,28,232.717024
-50088138.520996,21,232.754706
-50097298.055176,23,232.796308
-50084823.172363,20,232.832719
-50098548.919434,23,232.872235
-50089193.844727,21,232.909137
-50155121.593994,39,232.977324
-50055425.555664,13,233.000291
-50072146.544434,17,233.030212
-50091387.918457,22,233.06964
-50079010.35498,19,233.102529
-50137627.270996,33,233.161371
-50235134.634766,57,233.261134
-50117355.103516,27,233.308979
-50108300.105957,26,233.354857
-50102170.753906,25,233.400765
-50091939.383057,23,233.742147
-50092955.951172,23,233.790909
-50083586.707031,20,233.830803
-50274164.557129,79,233.977816
-50083554.828125,20,234.01472
-50114441.422852,27,234.061598
-50094205.958496,22,234.101138
-50092226.343262,22,234.139037
-50108213.979004,26,234.183918
-50074786.696289,18,234.215832
-50112671.200684,27,234.264731
-50098721.680664,23,234.305623
-50101466.256836,24,234.34751
-50085738.014648,21,234.384963
-50100638.051758,24,234.426874
-50184194.961426,46,234.507658
-50072743.023926,17,234.537555
-50190622.396484,66,234.929876
-50066005.331055,16,234.963785
-50068449.030762,18,235.000686
-50103374.368408,25,235.051551
-50094640.44043,22,235.094443
-50129579.70459,30,235.146296
-50106645.878418,25,235.192174
-50091257.501465,22,235.231071
-50458479.5448,186,235.554914
-50128665.399414,30,235.607774
-50107135.793457,26,235.65365
-50178730.427246,46,235.733402
-50073717.29834,18,235.766527
-52239850.499634,613,237.411802
-50093879.147949,22,237.451696
-50283451.783936,77,237.586911
-50131596.133789,31,237.640748
-50105483.62085,26,237.685697
-50093285.143555,22,237.724593
-50143979.718994,35,237.786656
-50109270.695557,26,237.832562
-50066907.131592,16,237.860945
-50062550.84082,15,237.887872
-50401682.743286,171,238.458092
-50145483.66626,38,238.534755
-50086856.236816,21,238.576643
-50122269.503906,30,238.628361
-50108306.971191,25,238.673241
-50118301.700928,29,238.724108
-50084846.248535,20,238.760038
-50213673.515381,55,238.85504
-50212248.235168,96,239.026423
-50081795.296387,20,239.062359
-50088688.279297,21,239.099259
-50089933.703125,21,239.13619
-50121193.633789,29,239.187053
-50082267.767578,20,239.221715
-50090522.392578,21,239.261845
