#{"t_start": 1686088123.466044, "env_id": null}
r,l,t
-1.934256,47,0.36717
-1.695704,24,0.462536
-1.780773,26,0.564236
-1.753708,25,0.664706
-1.641883,22,0.752647
-1.720911,24,0.836403
-1.632232,21,0.914015
-1.847119,30,1.016132
-1.436618,15,1.067959
-1.602283,20,1.139971
-13.452117,263,2.045787
-1.604047,20,2.114443
-1.91607,30,2.21555
-1.664337,22,2.287559
-3.558898,134,2.739054
-1.846536,28,2.830742
-1.684481,23,2.905876
-1.732239,24,2.989769
-1.712823,24,3.067168
-1.515113,18,3.127158
-2.103231,37,3.249078
-1.724041,24,3.344715
-1.563962,19,3.407565
-1.560536,19,3.470018
-1.909354,30,3.569462
-1.791029,26,3.665058
-1.651388,22,3.755883
-1.786286,26,3.844739
-2.229208,44,3.986447
-1.962105,33,4.090131
-1.495292,17,4.146772
-1.662332,22,4.217806
-1.724652,24,4.368234
-1.630887,21,4.440751
-2.319018,45,4.589399
-1.647025,22,4.670219
-1.794795,26,4.764157
-1.443695,15,4.813767
-2.223415,41,4.945966
-1.643372,22,5.015996
-1.664093,22,5.093652
-1.727793,24,5.183258
-1.884209,31,5.292978
-1.532625,18,5.353064
-2.595908,56,5.535084
-2.222585,41,5.670706
-1.980284,33,5.778511
-1.641473,22,5.851547
-1.720929,24,5.929996
-1.424682,15,5.982255
-2.207556,44,6.120969
-1.789994,26,6.201841
-1.897529,30,6.302492
-2.803855,67,6.521555
-1.634476,21,6.591594
-1.764738,26,6.68314
-1.675453,23,6.757385
-1.664326,22,6.900335
-1.811002,27,6.985756
-1.66683,22,7.057141
-1.716365,24,7.136635
-1.665154,22,7.208408
-1.730518,24,7.284422
-1.817941,27,7.659267
-1.650822,22,7.732341
-1.699464,24,7.916687
-1.6343,21,7.985115
-3.359818,110,8.363279
-1.861604,29,8.456725
-1.968409,36,8.578499
-2.40714,48,8.750392
-1.684293,23,8.827188
-1.890488,30,8.922901
-1.696709,23,9.002248
-1.865427,29,9.097907
-1.659498,22,9.170582
-2.04607,37,9.295859
-1.506111,17,9.351273
-1.722127,24,9.428553
-1.561972,19,9.493293
-3.614623,129,10.043177
-1.529005,18,10.103725
-1.572191,19,10.179139
-1.887467,30,10.303609
-2.228922,42,10.503006
-1.841183,28,10.630251
-1.648953,22,10.716682
-5.062161,160,11.448038
-1.750648,25,11.580738
-1.690372,23,11.681562
-1.688192,23,11.773198
-1.6274,21,11.855039
-1.731357,24,11.947612
-1.851907,28,12.05742
-1.989991,33,12.186586
-1.880612,29,12.312038
-2.309967,50,12.531181
-1.685915,23,12.64261
-1.754403,26,12.771903
-1.69166,23,12.871856
-1.721324,24,12.968328
-1.758641,25,13.066387
-1.714967,25,13.166643
-1.602846,20,13.255339
-1.667757,22,13.348568
-1.535542,18,13.418696
-1.859012,29,13.580571
-1.746928,25,13.694938
-1.598557,20,13.77574
-2.606254,60,14.09215
-1.835057,28,14.209713
-1.682402,23,14.309418
-2.365284,47,14.502158
-1.815542,27,14.611908
-1.692658,23,14.71448
-1.723231,24,14.815807
-1.666243,22,14.91123
-1.742941,25,15.0385
-1.872863,29,15.155334
-1.809792,27,15.279595
-1.625094,21,15.365249
-1.571802,19,15.438796
-1.55273,20,15.516155
-1.651679,22,15.596169
-1.90291,30,15.709909
-1.776806,26,15.811334
-1.72535,24,15.910915
-1.923219,31,16.03686
-1.87558,29,16.385247
-1.804556,27,16.481925
-1.664555,22,16.55697
-1.661782,22,16.629211
-1.362232,13,16.680913
-1.379708,14,16.727633
-1.704841,24,16.810358
-1.63021,21,16.881742
-1.736878,25,16.966743
-1.621516,21,17.053098
-1.942212,31,17.188765
-1.910787,31,17.303653
-1.531989,18,17.371801
-1.666336,23,17.452896
-1.692974,23,17.534844
-80.199978,849,20.728779
-1.634432,21,20.804654
-1.33539,12,20.846634
-1.507793,18,20.910129
-1.599549,20,20.989383
-1.663566,22,21.064555
-1.694788,23,21.147489
-1.961298,32,21.269342
-1.625046,21,21.343292
-1.667217,22,21.414819
-1.694972,23,21.492948
-1.783195,26,21.581513
-1.594707,20,21.645375
-1.71977,24,21.734931
-1.485438,17,21.799745
-1.451795,16,21.855352
-1.706391,24,21.948182
-1.678912,23,22.034732
-1.342219,12,22.082019
-1.679747,23,22.159935
-2.322209,48,22.347578
-1.662903,22,22.428806
-1.700137,23,22.506628
-1.72113,24,22.591376
-1.72599,24,22.674655
-1.693187,23,22.762713
-1.775337,26,22.861969
-1.717809,24,22.948245
-1.587537,20,23.018584
-1.865575,29,23.128123
-1.632133,21,23.202905
-1.865349,30,23.320927
-1.653962,22,23.410143
-1.407087,14,23.45983
-2.12127,51,23.641286
-5.727113,206,24.709359
-19.811057,454,26.473781
-1.69136,23,26.553512
-1.633312,21,26.63081
-1.656068,22,26.703674
-1.770258,26,26.786693
-1.695273,23,26.865283
-1.938226,32,26.984388
-1.602522,20,27.063057
-2.033217,35,27.181694
-1.720797,24,27.263237
-1.702135,23,27.338626
-1.69023,23,27.412015
-1.694129,23,27.502147
-1.694202,23,27.593164
-1.682968,23,27.668727
-1.56655,19,27.73197
-1.537839,18,27.793112
-1.631155,21,27.867706
-1.712744,24,27.946041
-1.627891,21,28.015225
-1.652233,23,28.088505
-1.905357,30,28.186726
-1.719165,24,28.263318
-1.687898,23,28.336256
-1.603184,20,28.400906
-1.678396,23,28.479712
-1.564387,19,28.547469
-1.536698,18,28.611961
-1.900308,30,28.715231
-1.52561,18,28.778717
-1.790335,26,28.861001
-1.819544,28,28.954079
-1.697612,23,29.029055
-1.750005,25,29.114455
-1.782524,26,29.198501
-1.979229,33,29.301587
-1.664761,22,29.373411
-1.664023,22,29.443706
-1.731153,24,29.520353
-2.835567,90,29.816148
-1.866056,29,29.908757
-2.095443,37,30.032202
-1.724381,24,30.112295
-1.840977,31,30.21779
-1.67979,23,30.296349
-1.621747,21,30.366924
-1.471442,16,30.418088
-1.727708,25,30.499675
-1.664821,22,30.574349
-1.693508,23,30.66586
-1.763672,26,30.775208
-1.651894,22,30.856488
-1.534897,18,30.916096
-1.570303,19,31.033346
-1.579446,20,31.125429
-2.039726,36,31.25853
-1.696455,23,31.39863
-1.65703,22,31.47293
-1.727928,24,31.819985
-1.599777,20,31.886692
-1.597049,20,32.002981
-1.624878,21,32.148012
-1.473695,16,32.219906
-1.597783,20,32.285155
-1.694919,23,32.364422
-1.871039,29,32.457597
-1.81774,27,32.553542
-1.657195,22,32.635334
-1.700293,23,32.720247
-1.665214,22,32.794996
-1.507056,17,32.853493
-1.625693,21,32.927095
-1.776668,26,33.022665
-1.694404,23,33.098468
-1.665291,22,33.177967
-1.722838,24,33.260992
-1.598846,20,33.326412
-1.693062,23,33.41205
-1.758496,25,33.493844
-1.728841,24,33.582259
-1.650284,22,33.657387
-1.612976,21,33.737497
-1.338351,12,33.780002
-1.634001,21,33.857919
-1.569926,19,33.922392
-1.631107,21,33.992669
-1.624877,21,34.066405
-1.729414,24,34.149894
-1.691623,23,34.235145
-1.597896,20,34.306255
-1.40836,14,34.352064
-1.630023,21,34.421643
-1.565271,19,34.485898
-1.726235,24,34.57016
-1.63355,21,34.641008
-1.854688,29,34.73892
-1.565001,19,34.811149
-1.567553,19,34.87317
-1.667825,22,34.956499
-1.379636,13,35.006691
-1.661455,22,35.097351
-1.668588,22,35.173642
-1.65879,22,35.257561
-1.482418,17,35.329627
-1.664947,22,35.421419
-1.913798,30,35.535174
-1.720992,24,35.623632
-1.628391,21,35.7258
-1.537019,18,35.796999
-1.526885,18,35.891533
-1.694522,23,36.027751
-1.63345,21,36.197662
-1.567388,19,36.288578
-1.557507,19,36.376439
-1.7279,24,36.478384
-1.728552,24,36.578573
-1.618351,21,36.669658
-1.686305,23,36.769182
-1.667051,22,36.864223
-1.66773,22,37.062339
-1.627887,21,37.198503
-1.731751,24,37.289626
-1.623039,21,37.36021
-1.685153,23,37.441917
-1.69662,23,37.533231
-1.885543,30,37.655822
-1.598997,20,37.755231
-1.634069,21,37.855032
-1.566791,19,37.934786
-1.533972,18,38.030476
-1.731427,24,38.134772
-1.716235,24,38.223008
-1.635645,21,38.29663
-1.687539,23,38.380936
-1.690749,23,38.466049
-1.593729,20,38.541554
-1.730633,24,38.665206
-1.816691,27,38.801479
-1.650179,22,38.899682
-1.666592,22,38.990459
-1.567765,19,39.065654
-1.852962,29,39.18349
-1.600606,20,39.269257
-1.636155,21,39.343492
-1.309238,11,39.384536
-1.504365,17,39.442374
-1.555474,19,39.512848
-1.508807,17,39.581447
-1.467231,16,39.637606
-1.730789,29,39.742951
-1.536997,18,39.818433
-1.547208,19,39.890972
-1.684294,23,39.975045
-1.759983,25,40.062563
-1.470492,16,40.361753
-1.694589,23,40.446226
-1.533843,18,40.505892
-1.603602,20,40.579378
-1.540665,19,40.649092
-1.663818,22,40.732211
-1.599994,20,40.810468
-1.596334,20,40.880843
-1.538658,18,40.944034
-1.792961,26,41.033276
-1.75586,25,41.123737
-1.755103,25,41.246331
-1.572403,19,41.31096
-1.629542,21,41.387357
-1.623903,21,41.456708
-1.373347,13,41.503319
-1.555634,19,41.567835
-1.698014,24,41.723596
-1.75294,25,41.833749
-1.441311,15,41.882144
-1.567218,19,41.949123
-1.50601,17,42.005832
-1.499404,17,42.064404
-1.918909,31,42.164622
-1.664173,22,42.250032
-1.472145,16,42.306169
-1.603756,20,42.369981
-1.6313,21,42.437944
-1.570367,19,42.5017
-1.55491,19,42.572484
-1.66299,22,42.664006
-1.524848,18,42.738574
-1.503302,17,42.797888
-1.697977,23,42.880379
-1.315148,11,42.917542
-1.615082,21,42.987739
-1.600966,20,43.058652
-1.730213,24,43.139381
-1.839539,30,43.260691
-1.596014,20,43.335118
-1.654932,22,43.428732
-1.6841,23,43.522041
-1.631263,21,43.628651
-1.633357,21,43.719841
-1.596719,20,43.803673
-1.687688,23,43.886629
-1.750326,25,43.986269
-1.396938,14,44.053182
-1.598841,20,44.127773
-1.729257,24,44.215003
-1.660422,22,44.319381
-1.530688,18,44.413664
-1.375721,13,44.474524
-1.7488,25,44.602387
-1.540464,18,44.692952
-1.411213,14,44.752191
-1.529256,18,44.832013
-1.732685,24,44.936771
-1.696293,23,45.099037
-1.68853,23,45.201349
-1.702145,23,45.285459
-1.53529,18,45.347369
-1.666943,22,45.421223
-1.585439,20,45.495004
-1.535022,18,45.5624
-1.646333,22,45.666556
-1.428302,15,45.725977
-1.587095,20,45.857724
-1.426555,15,45.954336
-1.62171,21,46.074394
-1.73205,24,46.201258
-1.695098,23,46.331068
-1.665161,23,46.422484
-1.604047,20,46.506286
-1.560505,19,46.591405
-1.567346,19,46.668019
-1.538546,18,46.742092
-1.630973,21,46.829223
-1.443532,15,46.895224
-1.504799,17,46.960185
-1.660475,22,47.039118
-1.783189,26,47.12835
-1.590285,20,47.20324
-1.569162,19,47.279207
-1.561326,19,47.362073
-1.44169,16,47.418209
-1.787704,26,47.508254
-1.557493,19,47.577013
-1.541612,18,47.642933
-1.537136,18,47.718805
-1.427748,15,47.777076
-1.501241,17,47.838091
-1.661515,22,47.925676
-1.604042,22,48.008803
-1.698174,23,48.107284
-1.568579,19,48.184868
-1.636987,21,48.270882
-1.595976,20,48.350785
-1.541403,18,48.422042
-1.595549,20,48.506496
-1.747645,25,48.60346
-1.573219,19,48.902671
-1.528102,18,48.964283
-1.698664,23,49.04064
-1.461326,16,49.09596
-1.506868,17,49.155461
-1.592262,21,49.223315
-1.730531,24,49.306778
-1.760901,25,49.401461
-1.654495,22,49.481259
-1.685123,23,49.569425
-1.573081,19,49.638924
-1.559597,19,49.71422
-1.42577,15,49.776794
-1.656732,22,49.85059
-1.5649,19,49.923077
-1.570833,19,50.003139
-1.696538,23,50.090268
-1.665037,22,50.164738
-1.664228,22,50.241516
-1.562789,19,50.305267
-1.534684,18,50.369369
-1.699847,23,50.45002
-1.664234,22,50.541306
-1.599669,20,50.617044
-1.592478,20,50.692676
-1.585827,20,50.758913
-1.589064,20,50.824865
-1.666505,22,50.896232
-1.760889,25,50.976066
-1.537859,18,51.033867
-1.69787,23,51.107953
-1.473442,16,51.162189
-1.567089,19,51.230071
-1.667453,22,51.309496
-1.779884,26,51.398029
-1.600929,20,51.466604
-1.63443,21,51.533592
-1.547598,19,51.600696
-1.502489,17,51.660907
-1.727552,24,51.754807
-1.716032,24,51.832287
-1.496123,17,51.890284
-1.585475,20,51.956602
-1.625351,21,52.030596
-1.474403,16,52.08727
-1.537676,18,52.160797
-1.563109,19,52.227445
-1.689132,23,52.300557
-1.843237,28,52.391406
-1.527261,18,52.452267
-1.665546,22,52.526051
-1.443569,15,52.575298
-1.502009,19,52.707087
-1.600193,20,52.985594
-1.570662,19,53.093703
-1.377008,13,53.146648
-1.474001,17,53.270602
-1.531854,18,53.345845
-1.570877,19,53.417749
-1.801234,27,53.50942
-1.689299,23,53.584852
-1.535632,18,53.659324
-1.692441,23,53.890963
-1.668344,22,54.041986
-1.507396,17,54.283915
-1.536963,18,54.373853
-1.596835,20,54.440559
-1.439451,15,54.494876
-1.72361,24,54.586694
-1.755424,25,54.692097
-1.645823,22,54.784105
-1.564747,19,54.86539
-1.700063,23,54.964019
-1.600457,20,55.042047
-1.539076,18,55.132812
-1.534075,18,55.202057
-1.526906,18,55.271929
-1.335545,12,55.31978
-1.724436,24,55.405434
-1.568747,19,55.475352
-1.661957,22,55.561151
-1.592218,20,55.630459
-1.423159,15,55.683301
-1.707793,24,55.77325
-1.57002,19,55.841472
-1.597779,20,55.911975
-1.635902,21,55.988425
-1.726009,24,56.076982
-1.569088,19,56.142035
-1.586175,20,56.214921
-1.697529,23,56.295776
-1.529555,18,56.360798
-1.532686,18,56.460843
-1.72134,24,56.538742
-1.634938,21,56.604694
-1.655847,23,56.681256
-1.344697,12,56.721362
-1.517021,19,56.786111
-1.572464,19,56.866547
-1.567613,19,56.934347
-1.397349,14,56.98711
-1.563832,19,57.052118
-1.477252,16,57.328488
-1.724407,24,57.411525
-1.535393,18,57.477822
-1.631003,21,57.560109
-1.719281,24,57.649602
-1.728755,24,57.741266
-1.693285,23,57.82639
-1.56532,19,57.898989
-1.571325,19,57.971278
-1.633405,21,58.05143
-1.792088,26,58.195795
-1.630251,21,58.317241
-1.626417,21,58.421778
-1.730269,24,58.532257
-1.651577,22,58.621878
-1.611868,21,58.721955
-1.633623,21,58.808242
-1.880853,30,59.031522
-1.779727,26,59.156663
-1.440331,15,59.252043
-1.632483,21,59.388851
-1.693285,23,59.810108
-1.663493,22,59.954127
-1.632241,21,60.048486
-1.60046,20,60.126216
-1.596189,20,60.215985
-1.72978,24,60.317631
-1.695486,23,60.395693
-1.724517,24,60.477132
-1.575121,20,60.569305
-1.473986,16,60.627349
-1.460224,16,60.713572
-1.624541,21,60.80938
-1.534848,18,60.873829
-1.539182,18,60.93325
-1.43672,15,60.986334
-1.71958,24,61.062326
-1.762007,25,61.145387
-1.474788,16,61.201415
-1.630363,21,61.269537
-1.410475,14,61.313416
-1.601945,20,61.380786
-1.66025,22,61.455163
-1.470508,16,61.512839
-1.560578,19,61.582553
-1.605067,20,61.662757
-1.595452,20,61.730161
-1.78936,26,61.818675
-1.50347,17,61.87335
-1.664442,22,61.94541
-1.566054,19,62.011856
-1.622595,21,62.080235
-1.466033,16,62.133177
-1.600602,20,62.199224
-1.590923,20,62.266444
-1.4989,17,62.329588
-1.623831,21,62.401204
-1.561833,19,62.470329
-1.565971,19,62.534277
-1.404312,14,62.582673
-1.720035,24,62.673063
-1.528684,18,62.733173
-1.623886,21,62.801872
-1.470762,16,62.851974
-1.602117,20,62.915369
-1.461842,16,62.969445
-1.605708,20,63.037748
-1.483642,17,63.09277
-1.623657,21,63.172172
-1.503577,17,63.237158
-1.448687,16,63.301634
-1.752558,25,63.394431
-1.402313,14,63.442517
-1.505777,17,63.500167
-1.562944,19,63.568715
-1.569711,19,63.641967
-1.729451,24,63.732573
-1.571373,19,63.815714
-1.593276,20,63.919031
-1.568833,19,63.996937
-1.506062,17,64.055489
-1.531106,18,64.116129
-1.537273,18,64.178498
-1.509113,18,64.240172
-1.730228,24,64.324942
-1.556593,20,64.394498
-1.634847,21,64.471955
-1.471077,16,64.527041
-1.411473,14,64.579313
-1.701692,23,64.66152
-1.628483,21,64.745405
-1.632572,21,64.839124
-1.629989,21,64.912538
-1.603756,20,64.980129
-1.592944,20,65.048463
-1.63275,21,65.120516
-1.409636,14,65.245973
-1.6028,20,65.312737
-1.532944,18,65.377404
-1.462532,16,65.430585
-1.621324,21,65.495776
-1.66293,22,65.565582
-1.409141,14,65.612015
-1.403219,14,65.922988
-1.520918,18,65.982688
-1.665513,22,66.052841
-1.426383,15,66.100569
-1.536994,18,66.162938
-1.537756,18,66.220382
-1.683822,23,66.299954
-1.629237,21,66.374055
-1.442001,15,66.428941
-1.529252,18,66.491515
-1.661387,22,66.571759
-1.399647,14,66.617324
-1.472945,16,66.680427
-1.470206,16,66.744826
-1.665581,22,66.824693
-1.443446,15,66.876432
-1.244502,9,66.908684
-1.646315,22,66.98231
-1.443811,15,67.031804
-1.599774,20,67.095406
-1.34868,12,67.135795
-1.692904,23,67.230126
-1.442363,15,67.278799
-1.568477,19,67.344791
-1.602153,20,67.414838
-1.537875,18,67.480059
-1.475104,16,67.533596
-1.600152,20,67.607228
-1.566177,19,67.677604
-1.572054,19,67.747495
-1.373043,13,67.794845
-1.631611,21,67.865294
-1.653582,22,67.938385
-1.45979,16,67.991802
-1.562857,19,68.053085
-1.56199,19,68.116732
-1.571647,19,68.178869
-1.656354,22,68.248196
-1.563598,19,68.307301
-1.429961,15,68.35908
-1.462443,16,68.415457
-1.508098,17,68.47313
-1.498229,17,68.530148
-1.476968,16,68.583779
-1.440591,15,68.635815
-1.599147,20,68.70268
-1.441988,15,68.75224
-1.534575,18,68.80934
-1.592259,20,68.874487
-1.637078,22,68.947908
-1.697726,23,69.023694
-1.500721,17,69.076915
-1.503613,17,69.131343
-1.776736,26,69.21405
-1.534772,18,69.276965
-1.540884,18,69.342924
-1.583474,20,69.413687
-1.644117,22,69.498686
-1.596067,20,69.578316
-1.692681,23,69.659362
-1.527005,18,69.720861
-1.691884,23,69.809357
-1.568639,19,69.897208
-1.499157,17,69.958308
-1.59885,20,70.026778
-1.567714,19,70.08978
-1.605703,20,70.163103
-1.722881,24,70.243518
-1.530801,18,70.30386
-1.334701,12,70.345213
-1.555774,19,70.409066
-1.534934,18,70.468515
-1.540574,18,70.52943
-1.692086,23,70.60802
-1.484288,17,70.670177
-1.506477,17,70.730862
-1.534634,18,70.795983
-1.666247,22,70.869277
-1.631174,21,70.93893
-1.622532,21,71.01246
-1.637014,21,71.087189
-1.377939,13,71.134091
-1.374139,13,71.179385
-1.727003,24,71.262961
-1.641307,22,71.340643
-1.563659,19,71.406173
-1.442436,15,71.455109
-1.373497,13,71.496542
-1.342187,12,71.535501
-1.46385,16,71.586851
-1.62684,21,71.66022
-1.566059,19,71.725285
-1.533483,18,71.808199
-1.437797,15,71.888101
-1.659475,22,72.009284
-1.535677,18,72.068431
-1.832842,28,72.158681
-1.541826,19,72.22191
-1.598468,20,72.295929
-1.567776,19,72.375505
-1.532013,18,72.440314
-1.411748,14,72.491612
-1.55757,21,72.572596
-1.47045,16,72.628017
-1.649388,22,72.709107
-1.540678,18,72.769521
-1.405279,14,72.820232
-1.654768,22,72.894737
-1.602415,20,72.95935
-1.597443,20,73.024822
-1.515809,18,73.08619
-1.636028,21,73.379729
-1.499764,17,73.440585
-1.570318,19,73.505795
-1.3689,13,73.548844
-1.590575,20,73.615207
-1.341741,12,73.667665
-1.696974,23,73.750788
-1.526815,18,73.817862
-1.429922,15,73.872578
-1.403098,14,73.917605
-1.565387,19,73.980056
-1.530245,18,74.041283
-1.605231,20,74.108684
-1.62204,21,74.18115
-1.472814,16,74.237413
-1.460779,16,74.291498
-1.539844,18,74.359808
-1.475081,16,74.418036
-1.369501,13,74.463137
-1.613635,21,74.535603
-1.615551,21,74.60478
-1.56781,19,74.669411
-1.541717,18,74.727503
-1.600776,20,74.792209
-1.664806,22,74.867061
-1.435624,15,74.92152
-1.474702,16,74.980427
-1.665549,22,75.052676
-1.635435,21,75.125842
-1.667972,22,75.199161
-1.403898,14,75.249625
-1.442755,15,75.301776
-1.648233,22,75.376999
-1.699632,23,75.457541
-1.556355,19,75.523184
-1.661127,22,75.598334
-1.65209,22,75.674833
-1.535587,18,75.737119
-1.599595,20,75.922514
-1.56926,19,76.066295
-1.278436,10,76.1096
-1.577349,20,76.191884
-1.563903,19,76.274336
-1.628112,21,76.367062
-1.632202,21,76.459445
-1.632512,21,76.546744
-1.410877,14,76.609576
-1.560914,19,76.688695
-1.467493,16,76.758359
-1.60256,20,76.889812
-1.312561,11,76.937975
-1.55582,19,77.033572
-1.539314,18,77.124485
-1.699668,23,77.22478
-1.68954,23,77.330709
-1.568249,19,77.405084
-1.567384,19,77.478433
-1.604097,20,77.561638
-1.540013,18,77.63469
-1.433383,15,77.697729
-1.635486,21,77.772772
-1.567341,19,77.839959
-1.469884,16,77.902272
-1.565894,19,77.975458
-1.650337,23,78.058401
-1.603781,20,78.1272
-1.941821,36,78.25678
-1.50149,17,78.318647
-1.587764,20,78.390337
-1.540485,18,78.454152
-1.598123,20,78.525144
-1.507862,17,78.592069
-1.562853,19,78.66669
-1.402036,14,78.723647
-1.587496,21,78.798685
-1.373088,13,78.84527
-1.5468,19,78.914907
-1.635048,21,78.993821
-1.564151,19,79.067556
-1.545277,19,79.158487
-1.599911,20,79.262009
-1.63014,21,79.348834
-1.535824,18,79.42022
-1.600628,20,79.496116
-1.617674,21,79.571074
-1.600487,20,79.65399
-1.474163,16,79.715906
-1.282105,10,79.756769
-1.427076,15,79.813206
-1.568291,19,79.880404
-1.658877,22,79.962654
-1.631546,21,80.038055
-1.602945,20,80.111217
-1.541824,18,80.174921
-1.600018,20,80.247129
-1.539102,18,80.312882
-1.509119,17,80.374769
-1.598306,20,80.446982
-1.631076,21,80.519305
-1.390523,14,80.56873
-1.400425,14,80.618387
-1.540436,18,80.686154
-1.364385,13,80.733623
-1.539731,18,80.798744
-1.758773,25,80.883888
-1.571473,19,80.952727
-1.632886,21,81.024715
-1.436753,15,81.07817
-1.369135,13,81.126403
-1.534469,18,81.192247
-1.539395,18,81.483785
-1.370215,13,81.530855
-1.667223,22,81.616775
-1.406901,14,81.665082
-1.554807,19,81.728069
-1.467595,16,81.784202
-1.437893,15,81.841097
-1.507338,17,81.905597
-1.571345,20,81.977537
-1.346085,12,82.017024
-1.601174,20,82.0831
-1.625101,21,82.156934
-1.27998,10,82.191112
-1.470617,16,82.24493
-1.531601,18,82.308481
-1.633876,21,82.387746
-1.433447,15,82.448143
-1.38046,13,82.494229
-1.530842,18,82.558437
-1.568506,19,82.626748
-1.441463,15,82.683236
-1.366532,13,82.759581
-1.403333,14,82.816005
-1.660826,22,82.897071
-1.585455,20,82.984639
-1.380354,13,83.030076
-1.453162,16,83.085602
-1.370756,13,83.134264
-1.380374,13,83.179431
-1.357592,13,83.230383
-1.568244,19,83.300444
-1.507887,17,83.377862
-1.437835,15,83.435008
-1.594485,20,83.505294
-1.49953,17,83.563716
-1.471024,16,83.625267
-1.46542,16,83.689961
-1.467101,16,83.744175
-1.56162,19,83.819762
-1.440441,15,83.874268
-1.372826,13,83.921377
-1.27562,10,83.964082
-1.305913,11,84.018635
-1.659123,22,84.095938
-1.474356,16,84.15817
-1.600394,20,84.229185
-1.632404,21,84.310574
-1.474106,16,84.367532
-1.436215,15,84.418195
-1.570754,19,84.483013
-1.585121,20,84.566817
-1.631485,21,84.645728
-1.441417,15,84.709296
-1.279438,10,84.743304
-1.585749,20,84.813171
-1.398587,14,84.866452
-1.569827,19,84.938222
-1.41034,14,84.98839
-1.442047,15,85.049024
-1.442732,15,85.102492
-1.562649,19,85.172299
-1.401241,14,85.225582
-1.569673,19,85.289272
-1.442824,15,85.34005
-1.347421,12,85.383138
-1.577339,20,85.465169
-1.426966,15,85.520446
-1.599418,20,85.588336
-1.631537,21,85.66348
-1.440313,15,85.714693
-1.437616,15,85.768193
-1.27747,10,85.808792
-1.513793,18,85.866358
-1.627792,21,85.94135
-1.44098,15,85.993782
-1.470027,16,86.061834
-1.50724,17,86.127132
-1.567774,19,86.196032
-1.439614,15,86.246735
-1.475071,16,86.309518
-1.629865,21,86.391636
-1.411222,14,86.445883
-1.460056,16,86.531459
-1.470966,16,86.585177
-1.36089,13,86.630735
-1.442807,15,86.68291
-1.404423,14,86.73105
-1.602997,20,86.803512
-1.636115,21,86.877471
-1.437513,15,86.929776
-1.414484,15,86.988952
-1.628208,21,87.065475
-1.405124,14,87.115636
-1.657293,22,87.186777
-1.660984,22,87.261044
-1.569465,19,87.322845
-1.442652,15,87.374707
-1.453764,16,87.428575
-1.569716,19,87.49719
-1.628505,21,87.574942
-1.570121,19,87.639965
-1.596988,20,87.706071
-1.307605,11,87.743072
-1.434971,15,87.791936
-1.562711,19,87.860381
-1.535546,18,87.918383
-1.596652,20,87.982665
-1.636221,21,88.053202
-1.599624,20,88.129283
-1.425857,15,88.194356
-1.295312,11,88.235241
-1.425438,15,88.28523
-1.424129,15,88.334015
-1.440215,15,88.382861
-1.410738,14,88.437363
-1.474295,16,88.496222
-1.467472,16,88.56354
-1.315127,11,88.610832
-1.442067,16,88.664285
-1.633077,21,88.73406
-1.408231,14,88.783117
-1.402564,14,88.829507
-1.399901,14,88.875253
-1.471231,16,88.932301
-1.507557,17,89.237375
-1.310511,11,89.27393
-1.305481,11,89.310502
-1.455381,16,89.365421
-1.66954,23,89.446314
-1.471781,16,89.498486
-1.466022,16,89.554239
-1.443831,15,89.607092
-1.403722,14,89.654661
-1.471461,16,89.711245
-1.378825,13,89.752633
-1.600071,20,89.826305
-1.602033,20,89.894497
-1.623995,21,89.96665
-1.336387,12,90.010298
-1.271635,10,90.044761
-1.467582,16,90.110968
-1.377474,13,90.159506
-1.438986,15,90.211611
-1.311116,11,90.251781
-1.476583,16,90.305335
-1.410122,15,90.355869
-1.506554,17,90.413235
-1.552451,19,90.478323
-1.388981,14,90.525009
-1.374711,13,90.571812
-1.311709,11,90.610925
-1.294485,11,90.652827
-1.261986,10,90.691789
-1.306681,11,90.728575
-1.397434,14,90.776303
-1.508539,17,90.835705
-1.656,22,90.909835
-1.530791,18,90.96842
-1.458784,16,91.021647
-1.503583,17,91.078481
-1.535541,18,91.141695
-1.466205,16,91.200112
-1.462116,16,91.255049
-1.634891,21,91.330401
-1.504668,17,91.386556
-1.344457,12,91.42646
-1.628883,21,91.494329
-1.499023,17,91.552799
-1.312586,11,91.588583
-1.556285,19,91.655073
-1.467891,16,91.709243
-1.429926,15,91.760479
-1.43815,15,91.809758
-1.338853,12,91.848603
-1.306747,11,91.885232
-1.311428,11,91.921583
-1.463569,16,91.975028
-1.441335,15,92.024961
-1.280191,10,92.061376
-1.402642,14,92.109454
-1.476396,16,92.161289
-1.480013,17,92.219753
-1.43864,15,92.267795
-1.334219,12,92.310943
-1.502867,17,92.370069
-1.437374,15,92.418873
-1.501275,17,92.474843
-1.546687,19,92.536146
-1.471765,16,92.589518
-1.369015,13,92.636681
-1.562714,19,92.700428
-1.496536,17,92.755505
-1.51144,18,92.815629
-1.4739,16,92.869376
-1.492179,17,92.927019
-1.376822,13,92.972404
-1.310775,11,93.009092
-1.270517,10,93.041769
-1.42469,15,93.091873
-1.469241,16,93.145807
-1.454973,16,93.199682
-1.535529,18,93.265134
-1.633864,21,93.333264
-1.629395,21,93.405044
-1.475412,16,93.456924
-1.428396,15,93.50607
-1.443956,15,93.555938
-1.245945,9,93.58556
-1.507151,17,93.641994
-1.530676,18,93.700986
-1.529706,18,93.763161
-1.537675,18,93.82299
-1.474355,16,93.879742
-1.699304,23,93.953975
-1.442147,15,94.003835
-1.599243,20,94.080891
-1.602246,20,94.14775
-1.505034,17,94.209422
-1.5703,19,94.270631
-1.281812,10,94.30487
-1.395851,14,94.352592
-1.593322,20,94.42025
-1.476472,16,94.480567
-1.534065,18,94.54029
-1.442785,15,94.590584
-1.532359,18,94.649496
-1.409025,14,94.694903
-1.380473,13,94.74044
-1.407769,14,94.787914
-1.367361,13,94.83156
-1.570289,19,94.892169
-1.468694,16,94.945496
-1.335337,12,94.983515
-1.243691,9,95.014442
-1.399667,14,95.063315
-1.626467,21,95.131818
-1.310367,11,95.169543
-1.535782,18,95.23215
-1.563354,19,95.294625
-1.571578,19,95.362376
-1.470098,16,95.416349
-1.551159,19,95.48034
-1.365252,13,95.52372
-1.306165,11,95.560727
-1.600748,20,95.629182
-1.40657,14,95.67933
-1.399166,14,95.728768
-1.50687,17,95.78706
-1.439808,15,95.838217
-1.532222,18,95.899256
-1.44158,15,95.956486
-1.52,18,96.023553
-1.507234,17,96.085726
-1.509194,18,96.150216
-1.562989,19,96.450331
-1.310351,11,96.489128
-1.277326,10,96.525072
-1.520598,18,96.589885
-1.433566,15,96.678275
-1.439883,15,96.777535
-1.633992,22,96.872432
-1.373236,13,96.927837
-1.375743,13,96.985692
-1.559473,19,97.090181
-1.57139,19,97.170164
-1.309449,11,97.216565
-1.297592,11,97.272691
-1.408438,15,97.363693
-1.533314,18,97.4637
-1.379529,13,97.521413
-1.302929,11,97.580168
-1.534506,18,97.663465
-1.372576,13,97.719679
-1.302584,11,97.763415
-1.611538,22,97.849117
-1.501472,17,97.915953
-1.508077,17,97.984521
-1.4421,15,98.046035
-1.333244,12,98.09481
-1.409522,14,98.152122
-1.464519,16,98.222012
-1.393539,14,98.290945
-1.461554,16,98.366634
-1.380224,13,98.4263
-1.276168,10,98.474303
-1.502135,19,98.568457
-1.571399,19,98.656985
-1.461057,16,98.735354
-1.562123,19,98.823635
-1.430081,15,98.910653
-1.370691,13,98.964513
-1.538688,18,99.038044
-1.498348,17,99.10857
-1.377645,13,99.163096
-1.390757,14,99.227218
-1.615469,21,99.322718
-1.669391,23,99.44032
-1.441037,15,99.509579
-1.308287,11,99.577266
-1.507266,17,99.666399
-1.302748,11,99.726228
-1.302197,11,99.779268
-1.524744,18,99.870656
-1.497393,17,99.951662
-1.438303,15,100.022725
-1.440888,15,100.098419
-1.409255,14,100.161447
-1.37245,13,100.216989
-1.530827,18,100.3017
-1.37544,13,100.377137
-1.442228,15,100.464013
-1.438292,15,100.529004
-1.467768,16,100.593847
-1.314242,11,100.640054
-1.490707,17,100.717749
-1.612073,21,100.808265
-1.493335,17,100.878673
-1.634962,21,100.966322
-1.340247,12,101.018042
-1.280083,10,101.061364
-1.430234,15,101.123112
-1.467596,16,101.187549
-1.439836,15,101.252408
-1.314105,11,101.295937
-1.311321,11,101.340173
-1.339965,12,101.388926
-1.402175,14,101.448535
-1.633821,21,101.541878
-1.439784,15,101.614779
-1.299718,11,101.676761
-1.301716,11,101.732617
-1.5151,18,101.817667
-1.47635,16,101.892787
-1.37204,13,101.944202
-1.568621,19,102.050545
-1.37435,13,102.140564
-1.473938,16,102.231894
-1.310803,11,102.273949
-1.568801,19,102.354565
-1.306374,11,102.400533
-1.463189,16,102.465293
-1.596875,20,102.545773
-1.277888,10,102.58766
-1.405172,14,102.647181
-1.468534,16,102.720676
-1.463924,16,102.781156
-1.538477,18,102.843384
-1.409459,14,102.894832
-1.301452,11,102.937757
-1.372294,13,102.989618
-1.371429,13,103.041919
-1.371194,13,103.088912
-1.304483,11,103.129334
-1.472606,16,103.193956
-1.496076,17,103.253596
-1.342057,12,103.295627
-1.497312,17,103.357137
-1.340547,12,103.400168
-1.562024,19,103.474478
-1.37195,13,103.524616
-1.456412,16,103.581959
-1.478102,17,103.646223
-1.395957,14,103.701954
-1.409212,14,103.752888
-1.494386,17,103.81624
-1.540112,18,103.882442
-1.436528,15,103.93438
-1.401667,14,103.988479
-1.270447,10,104.026035
-1.466705,16,104.089773
-1.666344,22,104.176714
-1.440427,15,104.237568
-1.662092,22,104.322481
-1.346635,12,104.368473
-1.272577,10,104.417679
-1.375037,13,104.4851
-1.402753,14,104.551489
-1.441421,15,104.614542
-1.560092,19,104.696899
-1.469259,16,104.753144
-1.420185,15,104.812634
-1.526823,18,104.875292
-1.600504,20,104.947336
-1.41506,15,105.007226
-1.537375,18,105.071115
-1.594637,20,105.146271
-1.567959,19,105.219321
-1.66309,22,105.302213
-1.40254,14,105.352429
-1.272888,10,105.629495
-1.274448,10,105.672053
-1.461956,16,105.732151
-1.52983,18,105.795926
-1.307489,11,105.83592
-1.462114,16,105.892657
-1.630399,22,105.981715
-1.506525,17,106.046987
-1.502165,17,106.109698
-1.275906,10,106.143038
-1.46325,17,106.225863
-1.373112,13,106.277902
-1.495056,17,106.336489
-1.492192,17,106.408819
-1.564668,19,106.483725
-1.445113,15,106.553607
-1.345557,12,106.595912
-1.574753,20,106.672276
-1.439184,15,106.723725
-1.500795,17,106.782566
-1.565328,19,106.845544
-1.468418,16,106.907466
-1.541205,20,106.98636
-1.410439,14,107.037686
-1.270788,10,107.07587
-1.303017,11,107.117069
-1.274547,10,107.159301
-1.525286,18,107.227175
-1.503975,17,107.291105
-1.307491,11,107.335665
-1.533535,18,107.413922
-1.439087,15,107.470205
-1.46717,16,107.530704
-1.457256,17,107.596125
-1.307031,11,107.646353
-1.488541,17,107.709362
-1.439704,15,107.766563
-1.408797,14,107.82057
-1.459084,16,107.880741
-1.474472,16,107.941251
-1.404951,14,107.997963
-1.438296,15,108.075276
-1.423623,15,108.145336
-1.440103,15,108.227467
-1.531357,18,108.31233
-1.539034,18,108.388965
-1.27879,10,108.43551
-1.375757,13,108.49052
-1.500126,17,108.561486
-1.56812,20,108.647019
-1.369181,13,108.709393
-1.440484,15,108.770785
-1.566608,19,108.851889
-1.486177,17,108.924645
-1.474352,16,108.99066
-1.410719,14,109.049403
-1.409252,14,109.10785
-1.410993,14,109.165235
-1.464288,16,109.226121
-1.407185,14,109.281078
-1.567226,19,109.360615
-1.500243,17,109.426963
-1.37501,13,109.476326
-1.551363,19,109.55237
-1.562391,19,109.639981
-1.302103,11,109.693861
-1.237788,9,109.732406
-1.27328,10,109.773004
-1.335232,12,109.819193
-1.47124,16,109.878659
-1.410567,14,109.930403
-1.368913,13,109.980101
-1.504719,17,110.04118
-1.3714,13,110.085673
-1.357301,13,110.210072
-1.470789,16,110.314552
-1.565979,19,110.403347
-1.438666,15,110.466027
-1.404973,14,110.520555
-1.436209,15,110.578459
-1.402942,14,110.631685
-1.567732,20,110.721947
-1.346674,12,110.767399
-1.431821,15,110.82013
-1.503633,17,110.879568
-1.486569,17,110.942032
-1.572985,19,111.009884
-1.533581,18,111.071874
-1.338192,12,111.114777
-1.365381,13,111.162501
-1.525183,18,111.237672
-1.378993,14,111.293911
-1.612923,21,111.388529
-1.535706,18,111.468528
-1.637015,21,111.558034
-1.339188,12,111.615255
-1.396613,14,111.717154
-1.472807,16,111.805219
-1.305762,11,111.867278
-1.335795,12,111.923152
-1.556093,19,112.004625
-1.566344,19,112.081522
-1.472909,16,112.158866
-1.565528,19,112.245386
-1.249446,9,112.287275
-1.336187,12,112.413251
-1.504966,17,112.540353
-1.563099,19,112.614186
-1.531318,18,112.927651
-1.434108,15,113.020544
-1.401799,14,113.110512
-1.471432,16,113.189214
-1.31093,11,113.244389
-1.500011,17,113.323403
-1.497182,17,113.499272
-1.531805,18,113.614377
-1.467652,16,113.681758
-1.428578,15,113.740502
-1.301555,11,113.783302
-1.392893,14,113.837283
-1.335846,12,113.876931
-1.467804,16,113.931302
-1.636516,21,114.004386
-1.397031,14,114.065538
-1.460942,16,114.118237
-1.46252,16,114.173264
-1.443135,15,114.231914
-1.248528,9,114.268907
-1.593434,20,114.345083
-1.438407,15,114.409872
-1.403764,14,114.462093
-1.537793,18,114.526109
-1.598875,20,114.619884
-1.507238,17,114.952291
-1.504491,17,115.012437
-1.249624,9,115.043074
-1.326772,12,115.083753
-1.474541,17,115.144574
-1.554594,19,115.219809
-1.407604,14,115.26814
-1.402155,14,115.316362
-1.42819,15,115.377475
-1.431965,15,115.463949
-1.332601,12,115.512219
-1.464959,16,115.575543
-1.531892,18,115.678673
-1.436292,15,115.881981
-1.607716,22,116.068273
-1.494542,17,116.138445
-1.374675,13,116.186631
-1.452056,16,116.26016
-1.369444,13,116.309644
-1.307138,11,116.366168
-1.26915,10,116.41357
-1.242114,9,116.453535
-1.379134,14,116.536785
-1.565953,19,116.664733
-1.468476,16,116.729423
-1.33511,12,116.781887
-1.563395,19,116.871725
-1.602605,21,116.972084
-1.46534,16,117.037076
-1.519974,18,117.11148
-1.275154,10,117.148912
-1.588168,21,117.227979
-1.562265,19,117.309824
-1.43124,15,117.363457
-1.52557,18,117.434347
-1.497216,17,117.507188
-1.533721,18,117.597751
-1.492563,17,117.669916
-1.470014,16,117.731483
-1.565463,19,117.819667
-1.473988,16,117.89226
-1.737989,26,117.992823
-1.501656,17,118.060173
-1.467564,16,118.116997
-1.561046,19,118.193267
-1.458809,16,118.261724
-1.275521,10,118.310669
-1.242861,9,118.347358
-1.273051,10,118.391342
-1.366468,14,118.545735
-1.377987,13,118.599878
-1.442806,15,118.671505
-1.434856,15,118.75197
-1.364707,13,118.813359
-1.429602,15,118.880919
-1.431147,15,118.946876
-1.403515,14,119.012324
-1.337805,12,119.064222
-1.300553,11,119.107418
-1.471744,16,119.166254
-1.330314,12,119.210486
-1.459189,16,119.269806
-1.301852,11,119.31497
-1.490161,17,119.383978
-1.430315,15,119.442915
-1.458135,16,119.509634
-1.559839,19,119.576873
-1.472193,16,119.655571
-1.467714,16,119.720824
-1.557434,19,119.803915
-1.595544,20,119.892447
-1.379198,13,119.944547
-1.472771,16,120.008475
-1.249729,9,120.057221
-1.241473,9,120.087492
-1.409663,15,120.142126
-1.3026,11,120.185345
-1.373586,14,120.239107
-1.620529,21,120.329183
-1.502512,17,120.396444
-1.627233,21,120.479976
-1.401539,14,120.544471
-1.27748,10,120.595191
-1.576488,20,120.713031
-1.366317,13,120.770345
-1.424085,15,120.828484
-1.567882,19,120.925227
-1.503871,17,120.999555
-1.503979,17,121.075957
-1.498523,17,121.150735
-1.3143,11,121.1914
-1.343874,12,121.241966
-1.374279,13,121.293725
-1.429741,15,121.35752
-1.478104,17,121.425761
-1.308629,11,121.473804
-1.432897,15,121.530282
-1.41556,15,121.585636
-1.440661,15,121.655819
-1.43956,15,121.71958
-1.452747,16,121.798428
-1.622045,22,121.887024
-1.277923,10,121.927848
-1.384215,14,122.001123
-1.455552,16,122.069437
-1.43845,15,122.136052
-1.475597,16,122.230809
-1.366652,13,122.468956
-1.418427,15,122.608315
-1.525213,18,122.725236
-1.466455,16,122.863727
-1.496277,17,123.006868
-1.496218,17,123.112164
-1.537509,18,123.218655
-1.499085,17,123.374821
-1.539575,18,123.520275
-1.596293,20,123.63446
-1.306185,11,123.707624
-1.304129,11,123.765091
-1.342897,12,123.834385
-1.335538,12,123.913442
-1.481958,17,124.004793
-1.399165,14,124.071783
-1.382141,14,124.192383
-1.337471,12,124.275638
-1.477596,17,124.362166
-1.472002,16,124.432655
-1.444409,15,124.495193
-1.310688,11,124.541687
-1.307419,11,124.584566
-1.516101,19,124.658705
-1.562788,19,124.730917
-1.407902,14,124.788878
-1.438037,15,124.847985
-1.496012,17,124.916023
-1.378466,13,125.217139
-1.333592,12,125.263191
-1.361142,13,125.309773
-1.377816,13,125.3611
-1.350632,13,125.408875
-1.24272,9,125.438641
-1.349595,13,125.482871
-1.363192,13,125.527891
-1.301005,11,125.565009
-1.278208,10,125.600983
-1.402809,14,125.659585
-1.409687,14,125.709723
-1.247361,9,125.739751
-1.213314,8,125.770637
-1.237496,9,125.813161
-1.211638,8,125.843303
-1.30843,11,125.885776
-1.461173,16,125.945499
-1.366862,13,126.001612
-1.24558,9,126.037202
-1.300919,11,126.08056
-1.274115,10,126.118682
-1.332245,12,126.16364
-1.244329,9,126.194726
-1.49731,17,126.25695
-1.472845,16,126.314782
-1.551754,19,126.38033
-1.249815,9,126.415497
-1.333279,12,126.457035
-1.475108,16,126.511585
-1.308478,11,126.551805
-1.276027,10,126.586467
-1.333704,12,126.628699
-1.306719,11,126.682575
-1.276455,10,126.725335
-1.510197,18,126.805241
-1.367976,13,126.86473
-1.303674,11,126.911355
-1.245393,9,126.946778
-1.279405,10,126.983667
-1.428433,15,127.037374
-1.246226,9,127.069238
-1.272551,10,127.108406
-1.21209,8,127.137422
-1.312369,12,127.183681
-1.242684,9,127.219167
-1.372162,13,127.269156
-1.273395,10,127.310602
-1.240566,9,127.363577
-1.2686,10,127.409457
-1.212982,8,127.444615
-1.209394,8,127.489382
-1.240733,9,127.529288
-1.385537,14,127.584975
-1.343424,12,127.635093
-1.360267,13,127.685407
-1.475782,16,127.755196
-1.404718,14,127.864749
-1.303639,11,127.916639
-1.214159,8,127.951224
-1.436804,15,128.014624
-1.529003,18,128.087595
-1.456766,16,128.15277
-1.376896,13,128.203503
-1.339971,12,128.251809
-1.471484,16,128.313921
-1.304574,11,128.353131
-1.244857,9,128.386707
-1.214238,8,128.421366
-1.290351,11,128.462618
-1.209809,8,128.492744
-1.239647,9,128.525583
-1.400521,14,128.577069
-1.428969,15,128.641599
-1.380229,13,128.69583
-1.492911,17,128.760049
-1.422192,15,128.814373
-1.405882,14,128.866417
-1.333789,12,128.910597
-1.408263,14,128.971318
-1.514422,18,129.051129
-1.312668,11,129.100528
-1.273091,10,129.14078
-1.24095,9,129.173151
-1.240281,9,129.212632
-1.274374,10,129.255845
-1.601325,20,129.343621
-1.538096,18,129.414693
-1.539778,18,129.476898
-1.30764,11,129.518079
-1.30456,11,129.563468
-1.303931,11,129.60442
-1.273563,10,129.640546
-1.266613,10,129.676529
-1.241902,9,129.711334
-1.38938,14,129.764177
-1.442211,15,129.824265
-1.312257,11,129.866825
-1.2689,10,129.901333
-1.297994,11,129.940341
-1.500631,17,130.0033
-1.375832,13,130.052282
-1.342143,12,130.099811
-1.405367,14,130.15657
-1.400286,14,130.212525
-1.342675,12,130.256043
-1.276053,10,130.291038
-1.364723,13,130.335298
-1.37762,13,130.37954
-1.273774,10,130.414851
-1.393591,14,130.466056
-1.47093,16,130.521201
-1.50642,17,130.58198
-1.398628,14,130.628187
-1.560841,19,130.689454
-1.367777,13,130.734638
-1.566677,19,130.80727
-1.379275,13,130.867838
-1.310196,11,130.910913
-1.381044,14,130.963337
-1.503508,17,131.033822
-1.563994,19,131.11087
-1.495124,17,131.171544
-1.342685,12,131.215176
-1.303049,11,131.257128
-1.335296,12,131.300562
-1.242491,9,131.334314
-1.237962,9,131.368456
-1.26864,10,131.402634
-1.306152,11,131.439685
-1.302189,11,131.477787
-1.427406,15,131.532288
-1.54671,19,131.600026
-1.314532,11,131.657208
-1.339393,12,131.700964
-1.383644,14,131.751552
-1.365819,13,131.795136
-1.277187,10,131.851827
-1.276851,10,131.888915
-1.342317,12,131.934514
-1.241902,9,131.969886
-1.243102,9,132.003389
-1.304741,11,132.042286
-1.5319,18,132.108778
-1.305468,11,132.146595
-1.311886,11,132.184859
-1.634155,23,132.331419
-1.408964,14,132.417201
-1.338956,12,132.458622
-1.473554,16,132.513709
-1.531915,18,132.581569
-1.399205,14,132.64046
-1.247035,9,132.681046
-1.522849,18,132.747242
-1.469544,16,132.804521
-1.37184,13,132.854676
-1.373348,13,132.900659
-1.429009,15,132.952613
-1.376758,13,132.997796
-1.271969,10,133.033844
-1.3035,11,133.071404
-1.24204,9,133.105192
-1.303647,11,133.147802
-1.373309,13,133.435243
-1.370422,13,133.481869
-1.395104,14,133.533243
-1.395969,15,133.586134
-1.241699,9,133.619004
-1.532285,18,133.682311
-1.426536,15,133.741375
-1.49042,17,133.804963
-1.529334,18,133.868927
-1.279012,10,133.905261
-1.336879,12,133.946059
-1.246116,9,133.97813
-1.21402,8,134.006114
-1.182513,7,134.031041
-1.324751,13,134.077362
-1.212609,8,134.111134
-1.273189,10,134.142354
-1.240369,9,134.176027
-1.387515,16,134.238855
-1.245294,9,134.274129
-1.318698,12,134.323406
-1.274702,10,134.367538
-1.340629,12,134.416589
-1.309615,11,134.455057
-1.566233,19,134.525025
-1.396604,14,134.577277
-1.404109,14,134.639731
-1.338064,12,134.691821
-1.346795,12,134.735792
-1.429043,15,134.790295
-1.470961,16,134.848743
-1.305648,11,134.886781
-1.280785,10,134.924641
-1.273382,10,134.993644
-1.382298,14,135.096537
-1.274211,10,135.151278
-1.295362,11,135.215966
-1.281826,10,135.281754
-1.310462,11,135.335829
-1.272609,10,135.384259
-1.434661,16,135.45945
-1.440241,15,135.516712
-1.415484,15,135.578765
-1.448858,16,135.657485
-1.529293,18,135.744997
-1.34458,12,135.796769
-1.432001,15,135.857362
-1.371046,13,135.907603
-1.247431,9,135.939077
-1.212452,8,135.97098
-1.243632,9,136.006998
-1.303257,11,136.042982
-1.466744,16,136.101959
-1.372833,13,136.149465
-1.345809,12,136.19329
-1.34653,12,136.235094
-1.269965,10,136.274666
-1.305219,11,136.311666
-1.301978,11,136.350256
-1.33231,12,136.393815
-1.21343,8,136.42674
-1.327756,12,136.470827
-1.498987,17,136.526535
-1.418568,15,136.583162
-1.342716,12,136.632756
-1.534951,18,136.702137
-1.280181,10,136.741947
-1.276922,10,136.784044
-1.433495,15,136.849916
-1.6093,21,136.923955
-1.439949,15,136.981213
-1.431679,15,137.034285
-1.397096,14,137.087236
-1.238875,9,137.119515
-1.429663,17,137.178869
-1.213458,8,137.207626
-1.260476,10,137.241408
-1.2578,10,137.27788
-1.239188,9,137.31107
-1.246347,9,137.34939
-1.211966,8,137.383505
-1.235703,9,137.418188
-1.247696,9,137.454758
-1.298914,11,137.493606
-1.244211,9,137.526358
-1.213356,8,137.559627
-1.308471,11,137.598969
-1.467583,16,137.658596
-1.243614,9,137.693773
-1.24348,9,137.726724
-1.303858,11,137.765602
-1.333508,12,137.81071
-1.247829,9,137.841142
-1.244276,9,137.875488
-1.432965,15,137.928551
-1.342959,12,137.972652
-1.244604,9,138.006289
-1.242433,9,138.037559
-1.238692,9,138.070234
-1.208357,8,138.10044
-1.204208,8,138.131058
-1.178013,7,138.156411
-1.200642,8,138.187801
-1.206372,8,138.234927
-1.281718,11,138.27987
-1.236466,9,138.315392
-1.308529,12,138.357769
-1.31457,12,138.400177
-1.239812,9,138.430816
-1.325482,12,138.473625
-1.212253,8,138.502075
-1.210334,8,138.574311
-1.238869,9,138.649972
-1.240944,9,138.711337
-1.240135,9,138.757872
-1.270227,10,138.798086
-1.518352,18,138.877236
-1.596199,20,138.957268
-1.530227,18,139.024799
-1.53682,18,139.093477
-1.409856,14,139.152372
-1.345228,12,139.198637
-1.389509,14,139.257627
-1.372477,13,139.312792
-1.333766,12,139.358284
-1.299898,11,139.401614
-1.27117,10,139.441365
-1.246302,9,139.480667
-1.276728,10,139.582438
-1.246228,9,139.632668
-1.269463,10,139.674821
-1.295099,11,139.715685
-1.270754,10,139.768468
-1.275423,10,139.814634
-1.304006,11,139.861059
-1.214825,8,139.889385
-1.534422,18,139.969215
-1.496415,17,140.032974
-1.334343,12,140.076215
-1.242538,9,140.10852
-1.264409,10,140.144177
-1.269379,10,140.179699
-1.237861,9,140.213016
-1.337909,13,140.257265
-1.246801,9,140.289489
-1.214203,8,140.318124
-1.266613,10,140.356438
-1.297993,11,140.396815
-1.337588,12,140.438713
-1.28146,10,140.472799
-1.24336,9,140.506189
-1.2719,10,140.541581
-1.494604,17,140.604006
-1.344373,12,140.648257
-1.552115,19,140.715103
-1.740746,29,140.814699
-1.338988,12,140.857249
-1.297364,11,140.895352
-1.213862,8,140.92687
-1.240971,9,140.964604
-1.213036,8,141.005022
-1.272704,10,141.040954
-1.423179,16,141.098249
-1.275277,10,141.13266
-1.276747,10,141.167162
-1.329604,12,141.209132
-1.396462,14,141.259703
-1.334684,12,141.302352
-1.537077,18,141.365463
-1.504755,17,141.425095
-1.342342,12,141.469392
-1.367948,13,141.520862
-1.373852,13,141.574645
-1.274379,10,141.851838
-1.271245,10,141.888828
-1.292289,11,141.925547
-1.211256,8,141.953127
-1.21477,8,141.981088
-1.21003,8,142.011232
-1.20962,8,142.038028
-1.243722,9,142.071265
-1.240484,9,142.10573
-1.241941,9,142.139008
-1.29812,11,142.180021
-1.36701,13,142.226828
-1.272961,10,142.262419
-1.246965,9,142.293561
-1.370305,13,142.338684
-1.306249,11,142.375697
-1.340229,12,142.415008
-1.378905,13,142.460905
-1.380924,14,142.507022
-1.305816,11,142.542645
-1.360933,13,142.590765
-1.281278,10,142.628915
-1.275791,10,142.671408
-1.245269,9,142.709515
-1.242718,9,142.752433
-1.28582,11,142.794472
-1.207694,8,142.823267
-1.181039,7,142.86373
-1.182219,7,142.888323
-1.284322,11,142.927993
-1.181634,7,142.952092
-1.20727,8,142.97844
-1.179165,7,143.004304
-1.200677,8,143.032704
-1.174597,7,143.058244
-1.205886,8,143.086166
-1.210677,8,143.117132
-1.211946,8,143.143936
-1.214499,8,143.173918
-1.211545,8,143.202504
-1.212093,8,143.23554
-1.208989,8,143.267938
-1.237714,9,143.303126
-1.293104,11,143.348837
-1.342367,12,143.437743
-1.244426,9,143.469784
-1.272296,10,143.505753
-1.336195,12,143.547393
-1.303236,11,143.586547
-1.246861,9,143.621047
-1.379195,14,143.679715
-1.364588,13,143.735167
-1.336382,12,143.781296
-1.499364,17,143.840786
-1.535264,18,143.904659
-1.339619,12,143.955879
-1.305468,11,143.996401
-1.304804,11,144.037888
-1.214538,8,144.069317
-1.266454,10,144.109911
-1.407158,14,144.160516
-1.277207,10,144.196083
-1.333591,12,144.239326
-1.365158,13,144.289138
-1.245707,9,144.328562
-1.276338,10,144.367436
-1.268886,10,144.404735
-1.2345,9,144.435836
-1.292763,12,144.484744
-1.238023,9,144.52319
-1.242195,9,144.56481
-1.2389,9,144.604091
-1.20873,8,144.641225
-1.241983,9,144.68806
-1.210466,8,144.723183
-1.182343,7,144.750605
-1.237339,9,144.785484
-1.238027,9,144.824553
-1.240048,9,144.863052
-1.412178,15,144.933278
-1.21269,8,144.969175
-1.237088,9,145.010188
-1.211091,8,145.03743
-1.240529,9,145.07368
-1.270885,10,145.110366
-1.420568,15,145.172111
-1.279893,10,145.218867
-1.265208,10,145.26633
-1.236456,9,145.298116
-1.237621,9,145.330529
-1.213228,8,145.365131
-1.334615,12,145.412488
-1.374381,13,145.460032
-1.3052,11,145.497241
-1.392574,14,145.545068
-1.249576,9,145.576236
-1.486959,17,145.652696
-1.271803,10,145.687766
-1.259323,10,145.731355
-1.208696,8,145.762633
-1.306032,11,145.802816
-1.27363,10,145.841928
-1.269315,10,145.879401
-1.270204,10,145.91897
-1.273664,10,145.953779
-1.368401,13,145.996402
-1.3945,14,146.04629
-1.40536,14,146.107559
-1.504263,17,146.172681
-1.388899,14,146.225659
-1.512138,18,146.296079
-1.461999,16,146.362811
-1.538401,18,146.433703
-1.375976,13,146.483196
-1.395319,14,146.534956
-1.465855,16,146.604299
-1.315722,11,146.666756
-1.443743,16,146.728537
-1.405669,14,146.780872
-1.4896,17,146.840563
-1.338176,12,146.882275
-1.405645,14,146.93098
-1.440567,15,146.989799
-1.436749,15,147.046236
-1.215228,8,147.075049
-1.268315,10,147.113035
-1.301664,11,147.150246
-1.243899,9,147.183136
-1.243032,9,147.218344
-1.211635,8,147.24813
-1.253937,10,147.282368
-1.206658,8,147.315678
-1.272015,10,147.349963
-1.297767,11,147.385484
-1.272021,10,147.423192
-1.389554,14,147.468897
-1.436836,16,147.522365
-1.340998,12,147.564936
-1.245572,9,147.595005
-1.244499,9,147.627614
-1.212571,8,147.661932
-1.293688,11,147.697044
-1.210657,8,147.724011
-1.266327,10,147.759871
-1.274511,10,147.793067
-1.301757,11,147.837379
-1.273831,10,147.880314
-1.213581,8,147.911553
-1.208791,8,147.938595
-1.210361,8,147.969548
-1.271938,10,148.005875
-1.366565,13,148.048611
-1.275306,10,148.081581
-1.329401,12,148.121713
-1.468281,16,148.178494
-1.27093,10,148.217241
-1.268441,10,148.251618
-1.274058,10,148.285769
-1.24745,9,148.319943
-1.583689,26,148.410792
-1.23666,9,148.442446
-1.331338,12,148.484456
-1.246988,9,148.515804
-1.246949,9,148.544725
-1.212527,8,148.572541
-1.307584,11,148.612015
-1.375167,13,148.657063
-1.269391,10,148.691564
-1.334319,12,148.735624
-1.27811,10,148.772418
-1.304431,11,148.811994
-1.338451,12,148.85614
-1.309935,11,148.899803
-1.303147,11,148.940554
-1.243456,9,148.982809
-1.294593,11,149.035236
-1.310784,12,149.083819
-1.261604,10,149.12114
-1.459635,16,149.178926
-1.373729,13,149.227513
-1.372886,13,149.271631
-1.365602,13,149.315892
-1.308022,11,149.356106
-1.183704,7,149.3825
-1.238911,9,149.414534
-1.240416,9,149.443801
-1.209967,8,149.47098
-1.265796,10,149.503718
-1.242406,9,149.533567
-1.309439,11,149.568995
-1.339106,12,149.843165
-1.332799,12,149.886269
-1.305212,11,149.940041
-1.338263,12,149.992244
-1.307758,11,150.035602
-1.272157,10,150.069171
-1.271832,10,150.110378
-1.275816,10,150.14253
-1.273755,10,150.174674
-1.303589,11,150.211196
-1.372101,13,150.257433
-1.273335,10,150.2901
-1.272128,10,150.323677
-1.459869,16,150.379181
-1.441861,15,150.441148
-1.277375,10,150.478349
-1.215633,8,150.506108
-1.244293,9,150.537309
-1.335182,12,150.578437
-1.216656,8,150.605273
-1.276625,10,150.64506
-1.50433,17,150.731598
-1.458524,16,150.794101
-1.407591,14,150.848094
-1.437601,15,150.901565
-1.409434,14,150.956691
-1.375168,13,151.003949
-1.330843,12,151.047052
-1.492641,17,151.116234
-1.341016,12,151.163059
-1.331243,12,151.205666
-1.339014,12,151.247561
-1.2781,10,151.281519
-1.308357,11,151.318743
-1.244132,9,151.355775
-1.269854,10,151.389722
-1.302808,11,151.437258
-1.272073,10,151.478091
-1.303799,11,151.515013
-1.294262,11,151.558085
-1.264873,10,151.591015
-1.208593,8,151.618714
-1.238936,9,151.666108
-1.264396,10,151.699565
-1.416776,16,151.754815
-1.279359,10,151.787669
-1.242203,9,151.821281
-1.213476,8,151.847125
-1.242853,9,151.87729
-1.430874,15,151.925784
-1.41311,14,151.972142
-1.50134,17,152.032361
-1.342228,12,152.078146
-1.277343,10,152.112976
-1.366972,13,152.160206
-1.312557,11,152.196311
-1.272862,10,152.230229
-1.276394,10,152.267414
-1.307716,11,152.305158
-1.214801,8,152.336263
-1.271602,10,152.371834
-1.280741,10,152.406799
-1.32898,12,152.444628
-1.214882,8,152.4729
-1.350308,13,152.517034
-1.341726,12,152.556427
-1.308874,11,152.592278
-1.248299,9,152.624273
-1.302505,11,152.662177
-1.277055,10,152.69469
-1.243718,9,152.724241
-1.429119,16,152.775513
-1.276911,10,152.808572
-1.271134,10,152.839505
-1.276276,10,152.873447
-1.27853,10,152.905852
-1.272574,10,152.938354
-1.244273,9,152.970337
-1.213959,8,152.996834
-1.268836,10,153.03082
-1.275058,10,153.066839
-1.302783,11,153.107171
-1.277142,10,153.145287
-1.247056,9,153.180173
-1.333069,12,153.225787
-1.334038,12,153.269605
-1.342329,12,153.313016
-1.324308,12,153.354123
-1.247105,9,153.402139
-1.275316,10,153.43372
-1.275253,10,153.467366
-1.298669,11,153.506991
-1.24434,9,153.546789
-1.27333,10,153.584182
-1.239666,9,153.616635
-1.184207,7,153.642285
-1.269709,10,153.676676
-1.267415,10,153.712265
-1.243176,9,153.745505
-1.328549,12,153.787976
-1.248696,9,153.822149
-1.391031,14,153.876289
-1.409501,14,153.923778
-1.326957,12,154.013359
-1.244582,9,154.092904
-1.241888,9,154.159645
-1.244893,9,154.205704
-1.334311,12,154.256898
-1.309095,11,154.302748
-1.303476,11,154.345918
-1.45985,16,154.405394
-1.343938,12,154.448586
-1.371824,13,154.494617
-1.363171,13,154.540025
-1.497474,17,154.604447
-1.431545,15,154.663768
-1.306746,11,154.706897
-1.274631,10,154.744912
-1.268143,10,154.782273
-1.35481,13,154.827926
-1.460036,17,154.891409
-1.276278,10,154.92682
-1.214643,8,154.955073
-1.239132,9,155.005491
-1.211727,8,155.042673
-1.211347,8,155.090532
-1.40723,15,155.167291
-1.445154,15,155.231932
-1.27913,10,155.277198
-1.306674,11,155.330207
-1.332707,12,155.380641
-1.306979,11,155.421591
-1.243742,9,155.454582
-1.241313,9,155.487447
-1.210588,8,155.518084
-1.266375,10,155.557283
-1.317545,12,155.602921
-1.237423,9,155.6399
-1.243241,9,155.675046
-1.329998,12,155.719695
-1.270358,10,155.759635
-1.379301,15,155.813733
-1.210884,8,155.842992
-1.207708,8,155.872181
-1.180297,7,155.898075
-1.206071,8,155.926131
-1.259523,10,155.964199
-1.181211,7,155.992068
-1.300382,11,156.03327
-1.331949,12,156.078625
-1.421938,15,156.132266
-1.473788,16,156.18969
-1.311269,11,156.240523
-1.340816,12,156.29652
-1.277861,10,156.334936
-1.500792,17,156.400119
-1.304032,11,156.437556
-1.311193,12,156.477889
-1.208846,8,156.506931
-1.20755,8,156.537102
-1.208717,8,156.56791
-1.208571,8,156.595296
-1.265312,10,156.630345
-1.273587,10,156.671954
-1.452769,16,156.7386
-1.440516,15,156.795156
-1.339155,12,156.840748
-1.278381,10,156.881902
-1.40443,15,156.941159
-1.280045,10,156.977123
-1.241303,9,157.010748
-1.237751,9,157.042188
-1.326245,12,157.085202
-1.310003,11,157.122784
-1.238744,9,157.159142
-1.26038,10,157.193754
-1.265842,10,157.2304
-1.183939,7,157.25842
-1.209787,8,157.286651
-1.231552,9,157.319347
-1.182385,7,157.344958
-1.183122,7,157.372996
-1.212326,8,157.402945
-1.181202,7,157.429603
-1.275866,11,157.469203
-1.264392,10,157.510828
-1.40752,16,157.569838
-1.274074,10,157.604811
-1.473877,16,157.893682
-1.276822,10,157.927232
-1.27305,10,157.960086
-1.266825,10,157.993959
-1.405338,14,158.041686
-1.396425,14,158.08802
-1.369484,13,158.131368
-1.275089,10,158.165109
-1.337584,12,158.2064
-1.301831,11,158.244237
-1.30459,11,158.281586
-1.298357,11,158.329154
-1.301856,11,158.386572
-1.244233,9,158.438967
-1.211528,8,158.475375
-1.182191,7,158.507181
-1.279925,11,158.550791
-1.256599,10,158.590814
-1.211616,8,158.624834
-1.295263,11,158.668859
-1.262368,10,158.70663
-1.23428,9,158.740284
-1.263895,10,158.782092
-1.21156,8,158.817573
-1.213404,8,158.853015
-1.275014,10,158.895825
-1.368441,13,158.963527
-1.297302,11,159.007868
-1.445845,16,159.06297
-1.297395,11,159.100235
-1.438258,15,159.151407
-1.407659,14,159.198913
-1.475538,16,159.272207
-1.33628,12,159.314545
-1.303767,11,159.354744
-1.30152,11,159.391957
-1.361737,13,159.439547
-1.359606,14,159.492145
-1.236849,9,159.527243
-1.272808,10,159.567631
-1.273701,10,159.602171
-1.210815,8,159.629063
-1.182737,7,159.653033
-1.239293,9,159.682147
-1.181122,7,159.711431
-1.180348,7,159.735311
-1.18204,7,159.766937
-1.210057,8,159.792089
-1.331567,12,159.839552
-1.307325,11,159.884039
-1.271542,10,159.923775
-1.272756,10,159.96297
-1.246134,9,160.000056
-1.240396,9,160.03734
-1.210052,8,160.067843
-1.244471,9,160.097795
-1.270354,10,160.133671
-1.475878,18,160.205391
-1.215453,8,160.237142
-1.240558,9,160.279361
-1.294387,11,160.319926
-1.270964,10,160.356206
-1.344529,12,160.401781
-1.308931,11,160.452709
-1.407036,14,160.507859
-1.277766,10,160.551613
-1.414657,15,160.614017
-1.272312,10,160.656815
-1.240386,9,160.691275
-1.266934,10,160.736511
-1.264719,10,160.781527
-1.321322,13,160.830672
-1.205585,8,160.864755
-1.177701,7,160.890289
-1.17742,7,160.925999
-1.204115,8,160.959639
-1.212155,8,160.988945
-1.213783,8,161.018574
-1.271661,10,161.059095
-1.353763,13,161.109419
-1.376682,13,161.160448
-1.492502,17,161.219771
-1.30899,11,161.259577
-1.335182,12,161.304816
-1.429292,15,161.363364
-1.33616,12,161.407596
-1.243466,9,161.440661
-1.306843,11,161.482772
-1.214077,8,161.516101
-1.211306,8,161.548086
-1.21002,8,161.584234
-1.243719,9,161.623006
-1.246741,9,161.659303
-1.243088,9,161.691698
-1.243229,9,161.728615
-1.213392,8,161.764466
-1.236034,9,161.800128
-1.273244,10,161.837716
-1.242583,9,161.872931
-1.270073,10,161.910258
-1.389519,15,161.971007
-1.374256,13,162.01926
-1.307993,11,162.061597
-1.245028,9,162.092329
-1.450259,16,162.148223
-1.439796,15,162.204994
-1.245645,9,162.240234
-1.212422,8,162.278148
-1.354214,13,162.327242
-1.243267,9,162.367663
-1.290061,11,162.416848
-1.27557,10,162.501007
-1.301348,11,162.586544
-1.339354,12,162.656264
-1.405515,14,162.717198
-1.396284,14,162.772115
-1.30499,11,162.816465
-1.248181,9,162.854832
-1.27139,10,162.902802
-1.388701,14,162.967018
-1.273204,10,163.008226
-1.21048,8,163.038441
-1.182612,7,163.068499
-1.209887,8,163.102362
-1.181495,7,163.127043
-1.280885,11,163.166401
-1.206169,8,163.190961
-1.234136,9,163.223073
-1.183247,7,163.246841
-1.237788,9,163.276887
-1.208531,8,163.307374
-1.266363,10,163.341969
-1.238378,9,163.378033
-1.273915,10,163.41278
-1.245237,9,163.445815
-1.341451,12,163.490939
-1.551928,19,163.567613
-1.566731,19,163.64436
-1.340739,12,163.68807
-1.268547,10,163.729899
-1.297578,11,163.770703
-1.268893,10,163.80787
-1.267081,10,163.843267
-1.271678,10,163.879476
-1.279706,10,163.919855
-1.303553,11,163.960271
-1.27161,10,163.995961
-1.296231,11,164.041057
-1.305881,11,164.081639
-1.242613,9,164.118071
-1.268837,10,164.155929
-1.363653,13,164.207596
-1.376314,13,164.265626
-1.496365,17,164.326969
-1.366288,13,164.373178
-1.470914,16,164.424577
-1.24613,9,164.454808
-1.271268,10,164.488793
-1.313616,11,164.525884
-1.244453,9,164.555787
-1.241792,9,164.588338
-1.239065,9,164.618284
-1.24143,9,164.650987
-1.239501,9,164.682372
-1.212602,8,164.71204
-1.213085,8,164.737581
-1.209628,8,164.764612
-1.23224,9,164.792914
-1.207811,8,164.82663
-1.1814,7,164.850998
-1.152964,6,164.872905
-1.179747,7,164.900671
-1.225613,9,164.932749
-1.17857,7,164.960848
-1.207604,8,164.997056
-1.180786,7,165.027873
-1.181575,7,165.056821
-1.20769,8,165.082699
-1.27228,11,165.118866
-1.207201,8,165.152686
-1.309309,11,165.194965
-1.306328,11,165.238289
-1.338669,12,165.28825
-1.427293,15,165.338572
-1.441265,15,165.390374
-1.465802,16,165.44163
-1.336549,12,165.482231
-1.311976,11,165.521698
-1.304843,11,165.560729
-1.237184,9,165.599942
-1.245919,9,165.637212
-1.266709,10,165.673208
-1.400368,14,165.736294
-1.338155,12,165.781911
-1.378355,13,165.838158
-1.281315,10,166.124092
-1.270901,10,166.159179
-1.27401,10,166.189902
-1.307876,11,166.234864
-1.246137,9,166.266083
-1.332661,12,166.305806
-1.216044,8,166.333111
-1.240603,9,166.369774
-1.210799,8,166.395374
-1.206512,8,166.42729
-1.207894,8,166.455452
-1.237922,9,166.486771
-1.182594,7,166.51616
-1.208303,8,166.54542
-1.210485,8,166.572619
-1.182364,7,166.597399
-1.20799,8,166.634051
-1.210549,8,166.680568
-1.207224,8,166.709895
-1.207912,8,166.738119
-1.208485,8,166.774268
-1.212323,8,166.803549
-1.245854,9,166.836975
-1.243418,9,166.874176
-1.210136,8,166.904578
-1.210238,8,166.932921
-1.289683,11,166.979109
-1.275182,10,167.016818
-1.376022,13,167.066315
-1.272772,10,167.100847
-1.240063,9,167.130186
-1.268202,10,167.169473
-1.270327,10,167.202913
-1.182597,7,167.227578
-1.241497,9,167.268385
-1.214848,8,167.299444
-1.184288,7,167.328344
-1.211316,8,167.357951
-1.184483,7,167.387605
-1.20893,8,167.415977
-1.208161,8,167.441802
-1.181497,7,167.465106
-1.178837,7,167.488607
-1.176701,7,167.516437
-1.15095,6,167.537603
-1.205243,8,167.571218
-1.181036,7,167.595339
-1.180797,7,167.619894
-1.261847,10,167.65629
-1.21185,8,167.68702
-1.208578,8,167.719207
-1.239054,9,167.750001
-1.238543,9,167.778472
-1.235783,9,167.81654
-1.241113,9,167.848128
-1.240628,9,167.880106
-1.183745,7,167.907658
-1.20766,8,167.937406
-1.261593,10,167.973272
-1.272564,10,168.007254
-1.27301,10,168.040491
-1.299399,11,168.081386
-1.369108,13,168.130534
-1.312338,11,168.1695
-1.373094,13,168.213688
-1.408904,14,168.264121
-1.309379,11,168.301293
-1.274047,10,168.336692
-1.395293,14,168.386348
-1.276106,10,168.423241
-1.246637,9,168.471794
-1.241862,9,168.501853
-1.244933,9,168.53425
-1.244923,9,168.569086
-1.24666,9,168.604661
-1.242039,9,168.636538
-1.361,13,168.686484
-1.332848,12,168.729243
-1.275454,10,168.765647
-1.243049,9,168.799018
-1.243426,9,168.834064
-1.242501,9,168.873775
-1.266554,10,168.910827
-1.267872,10,168.94959
-1.274956,10,168.99265
-1.242485,9,169.028594
-1.298323,11,169.067993
-1.269462,10,169.103159
-1.21076,8,169.13167
-1.180226,7,169.157653
-1.179682,7,169.182105
-1.203627,8,169.210594
-1.176697,7,169.2396
-1.178444,7,169.267336
-1.180625,7,169.293798
-1.208227,8,169.324647
-1.212102,8,169.35511
-1.212147,8,169.385387
-1.236172,9,169.41789
-1.236496,9,169.454851
-1.214259,8,169.484017
-1.241342,9,169.51542
-1.308995,11,169.561671
-1.2165,8,169.59724
-1.211041,8,169.637254
-1.23241,9,169.675323
-1.262597,10,169.728559
-1.233613,9,169.788785
-1.21156,8,169.840681
-1.210904,8,169.87908
-1.211764,8,169.929325
-1.180809,7,169.966661
-1.151436,6,169.997895
-1.1505,6,170.025064
-1.178241,7,170.052465
-1.182426,7,170.07876
-1.209784,8,170.107657
-1.300935,11,170.152563
-1.275735,10,170.189916
-1.274853,10,170.227838
-1.214504,8,170.26044
-1.215791,8,170.293791
-1.21012,8,170.328254
-1.241179,9,170.363308
-1.258973,10,170.400234
-1.182848,7,170.429406
-1.213725,8,170.461346
-1.2132,8,170.488465
-1.296973,11,170.539785
-1.273927,10,170.580775
-1.27886,10,170.622083
-1.212418,8,170.65365
-1.235581,9,170.689135
-1.21237,8,170.718727
-1.209413,8,170.747783
-1.208861,8,170.777843
-1.211933,8,170.808534
-1.27714,10,170.847623
-1.278809,10,170.887418
-1.247482,9,170.925497
-1.327262,12,170.974895
-1.407948,14,171.027869
-1.275663,10,171.075641
-1.30799,11,171.118193
-1.277821,10,171.155083
-1.27725,10,171.188913
-1.275093,10,171.226695
-1.311429,11,171.272923
-1.21499,8,171.303032
-1.211012,8,171.330684
-1.215079,8,171.363439
-1.213113,8,171.392547
-1.239701,9,171.426595
-1.277989,10,171.463836
-1.382823,14,171.515219
-1.275836,10,171.553775
-1.246415,9,171.588726
-1.274023,10,171.628884
-1.276135,10,171.666029
-1.310024,11,171.706767
-1.313049,11,171.74594
-1.276751,10,171.78162
-1.242724,9,171.813413
-1.268948,10,171.850718
-1.279065,10,171.889085
-1.333142,12,171.931699
-1.248741,9,171.965073
-1.213495,8,171.995846
-1.184635,7,172.023106
-1.183292,7,172.05072
-1.213348,8,172.084164
-1.183497,7,172.112009
-1.182119,7,172.138716
-1.20718,8,172.16862
-1.240706,9,172.199484
-1.277094,10,172.23402
-1.332022,12,172.274316
-1.409003,14,172.322563
-1.217943,8,172.350934
-1.277323,10,172.385353
-1.277886,10,172.42509
-1.307705,11,172.46914
-1.414063,14,172.520321
-1.247627,9,172.553149
-1.324423,12,172.59626
-1.242786,9,172.677409
-1.330409,13,172.764673
-1.211081,8,172.846243
-1.213214,8,172.884428
-1.210373,8,172.923751
-1.235791,9,172.96385
-1.212814,8,173.000564
-1.210507,8,173.031382
-1.181594,7,173.061007
-1.21058,8,173.095341
-1.268537,10,173.148055
-1.238691,9,173.183415
-1.210151,8,173.212858
-1.210542,8,173.240703
-1.271598,10,173.277255
-1.274438,10,173.313363
-1.247421,9,173.348245
-1.299431,11,173.391383
-1.398578,14,173.446456
-1.306859,11,173.490146
-1.301426,11,173.535553
-1.243979,9,173.575376
-1.339345,12,173.632714
-1.272534,10,173.681445
-1.329229,12,173.731975
-1.275823,10,173.779959
-1.347351,12,173.83159
-1.439335,15,173.903391
-1.278372,10,173.957587
-1.27336,10,174.013607
-1.240237,9,174.094546
-1.213573,8,174.141534
-1.183707,7,174.181264
-1.231856,9,174.229213
-1.238508,9,174.27567
-1.264453,10,174.318967
-1.213185,8,174.35024
-1.270445,10,174.630761
-1.275736,10,174.67356
-1.377157,13,174.725321
-1.215504,8,174.757141
-1.21441,8,174.785276
-1.237716,9,174.828307
-1.214456,8,174.864298
-1.398046,14,174.92071
-1.278908,10,174.963891
-1.214633,8,174.994661
-1.212296,8,175.025971
-1.240556,9,175.061844
-1.274238,10,175.097879
-1.400516,14,175.150265
-1.312578,11,175.199894
-1.2754,10,175.240166
-1.335518,12,175.282114
-1.24379,9,175.315589
-1.212913,8,175.343617
-1.182099,7,175.371059
-1.239629,9,175.403527
-1.211858,8,175.439414
-1.210416,8,175.476792
-1.240495,9,175.513828
-1.301874,11,175.558023
-1.211575,8,175.589185
-1.213149,8,175.621388
-1.37685,13,175.673545
-1.30035,11,175.717964
-1.245146,9,175.753458
-1.307613,11,175.79269
-1.24623,9,175.826156
-1.245132,9,175.860074
-1.356974,13,175.908164
-1.270974,10,175.945193
-1.31149,11,175.989134
-1.273114,10,176.028682
-1.247032,9,176.065378
-1.244077,9,176.101877
-1.278576,10,176.140119
-1.243348,9,176.175537
-1.241035,9,176.21041
-1.303428,11,176.253429
-1.243454,9,176.288917
-1.273698,10,176.330809
-1.266529,10,176.373737
-1.242335,9,176.410261
-1.30603,11,176.449999
-1.274576,10,176.487124
-1.242525,9,176.522156
-1.278407,10,176.562974
-1.395553,14,176.622122
-1.406041,14,176.682376
-1.2467,9,176.718439
-1.242075,9,176.750944
-1.299609,11,176.792325
-1.470602,16,176.856405
-1.308771,11,176.905098
-1.272815,10,176.960891
-1.280299,10,177.014816
-1.2145,8,177.064874
-1.21362,8,177.115545
-1.211717,8,177.168594
-1.209408,8,177.223121
-1.215616,8,177.275573
-1.183762,7,177.307505
-1.209932,8,177.340735
-1.213474,8,177.375182
-1.244062,9,177.410947
-1.312653,11,177.451708
-1.278432,10,177.485017
-1.243856,9,177.518804
-1.215598,8,177.550041
-1.241373,9,177.586532
-1.21449,8,177.618513
-1.269999,10,177.656781
-1.277466,10,177.706971
-1.309429,11,177.752304
-1.305956,11,177.793917
-1.528776,18,177.863317
-1.296335,11,177.904519
-1.215579,8,177.931435
-1.182864,7,177.966912
-1.237517,9,177.999544
-1.209234,8,178.027559
-1.182277,7,178.053574
-1.211225,8,178.082175
-1.270494,10,178.118916
-1.212343,8,178.149699
-1.297781,11,178.190877
-1.370207,13,178.246472
-1.337712,12,178.29113
-1.242157,9,178.327428
-1.212542,8,178.359835
-1.291055,11,178.39932
-1.239111,9,178.437464
-1.2111,8,178.470016
-1.235505,9,178.505213
-1.212011,8,178.534057
-1.238912,9,178.569392
-1.210293,8,178.597128
-1.211058,8,178.627943
-1.266831,10,178.665701
-1.323933,12,178.713016
-1.310905,11,178.7636
-1.240512,9,178.80092
-1.26247,10,178.839486
-1.275087,10,178.877427
-1.272277,10,178.915761
-1.241125,9,178.949721
-1.265944,10,178.987204
-1.24272,9,179.021928
-1.214566,8,179.051992
-1.267972,10,179.088083
-1.272364,10,179.123759
-1.379377,13,179.171463
-1.301641,11,179.21121
-1.247831,9,179.245228
-1.242322,9,179.282532
-1.268918,10,179.322585
-1.24413,9,179.36067
-1.2976,11,179.404154
-1.240972,9,179.437614
-1.24346,9,179.470172
-1.243245,9,179.501752
-1.288788,11,179.540564
-1.242554,9,179.573961
-1.292081,11,179.61532
-1.213688,8,179.646016
-1.237317,9,179.680149
-1.209678,8,179.710048
-1.23999,9,179.743856
-1.183814,7,179.775434
-1.234208,9,179.810129
-1.212598,8,179.841485
-1.238913,9,179.882295
-1.213729,8,179.920936
-1.213825,8,179.95533
-1.241567,9,179.989013
-1.242671,9,180.027111
-1.21371,8,180.061644
-1.276221,10,180.10286
-1.338948,12,180.148288
-1.245859,9,180.183836
-1.270446,10,180.22017
-1.302922,11,180.260319
-1.373663,14,180.313178
-1.463731,16,180.378499
-1.305277,11,180.428106
-1.407298,14,180.484954
-1.305601,11,180.527986
-1.399724,14,180.582054
-1.377999,13,180.631047
-1.376875,13,180.692828
-1.392745,14,180.749576
-1.276273,10,180.788294
-1.278362,10,180.829895
-1.243686,9,180.867761
-1.215273,8,180.899306
-1.214466,8,180.930871
-1.211143,8,180.962563
-1.242859,9,180.998343
-1.343595,13,181.049703
-1.404371,14,181.103374
-1.24617,9,181.141421
-1.246124,9,181.178462
-1.243656,9,181.213097
-1.244168,9,181.247652
-1.353232,13,181.296811
-1.334251,12,181.345186
-1.247097,9,181.381419
-1.266592,10,181.423216
-1.182116,7,181.451523
-1.233078,9,181.487364
-1.206633,8,181.517021
-1.236707,9,181.550254
-1.211132,8,181.578998
-1.212357,8,181.608586
-1.182063,7,181.633901
-1.21158,8,181.664211
-1.244523,9,181.697068
-1.184423,7,181.726823
-1.210846,8,181.75581
-1.215832,8,181.785036
-1.43589,15,181.834328
-1.373891,13,181.877786
-1.308105,11,181.914495
-1.274829,10,181.945494
-1.274677,10,181.978678
-1.272559,10,182.012431
-1.278332,10,182.047193
-1.244774,9,182.082208
-1.243108,9,182.114181
-1.303361,11,182.152158
-1.367202,13,182.193697
-1.310595,11,182.228983
-1.24526,9,182.259707
-1.293488,11,182.294426
-1.242125,9,182.325452
-1.268387,10,182.361438
-1.247652,9,182.392034
-1.245178,9,182.425527
-1.247892,9,182.45741
-1.246846,9,182.492485
-1.21375,8,182.523965
-1.213603,8,182.553378
-1.237754,9,182.583983
-1.231155,9,182.614819
-1.256649,10,182.652335
-1.269562,10,182.687168
-1.209688,8,182.944817
-1.241175,9,182.980473
-1.233188,9,183.013397
-1.209891,8,183.041599
-1.23107,9,183.075102
-1.182494,7,183.100085
-1.181156,7,183.125491
-1.181794,7,183.151529
-1.207582,8,183.199
-1.183053,7,183.226435
-1.211317,8,183.258492
-1.240405,9,183.290254
-1.215223,8,183.322141
-1.238214,9,183.355938
-1.183317,7,183.379187
-1.183021,7,183.405335
-1.183647,7,183.433216
-1.180484,7,183.468381
-1.151819,6,183.497027
-1.181245,7,183.527547
-1.210133,8,183.560931
-1.208567,8,183.59007
-1.1813,7,183.617482
-1.18095,7,183.641362
-1.23375,9,183.672806
-1.23671,9,183.702817
-1.206539,8,183.729937
-1.294833,11,183.770499
-1.278209,10,183.807942
-1.270604,10,183.848782
-1.215293,8,183.876983
-1.243664,9,183.908258
-1.243317,9,183.939185
-1.215648,8,183.968375
-1.210553,8,183.994641
-1.212604,8,184.023139
-1.183371,7,184.046657
-1.209437,8,184.081643
-1.231048,9,184.112823
-1.210524,8,184.140349
-1.211795,8,184.16907
-1.240044,9,184.200218
-1.209257,8,184.227222
-1.207566,8,184.259286
-1.207329,8,184.285047
-1.180346,7,184.309539
-1.182819,7,184.333176
-1.207433,8,184.361156
-1.180572,7,184.383824
-1.180045,7,184.407462
-1.17983,7,184.431115
-1.181366,7,184.456039
-1.181262,7,184.481353
-1.182393,7,184.507092
-1.237136,9,184.539184
-1.213271,8,184.568963
-1.210067,8,184.604879
-1.270355,10,184.63884
-1.216814,8,184.673661
-1.243181,9,184.706259
-1.215151,8,184.734547
-1.21251,8,184.762584
-1.213274,8,184.790179
-1.181704,7,184.818444
-1.181413,7,184.84507
-1.235967,9,184.875096
-1.208799,8,184.908188
-1.268877,10,184.94022
-1.213808,8,184.972628
-1.240943,9,185.002551
-1.241353,9,185.035777
-1.184288,7,185.062427
-1.210108,8,185.095489
-1.23592,9,185.12498
-1.213517,8,185.157483
-1.303311,11,185.192514
-1.245513,9,185.222235
-1.214765,8,185.24972
-1.238653,9,185.284409
-1.382766,14,185.338283
-1.247453,9,185.376881
-1.21084,8,185.406749
-1.209416,8,185.433828
-1.181601,7,185.457053
-1.181254,7,185.479209
-1.23471,9,185.509971
-1.206746,8,185.535819
-1.180277,7,185.561966
-1.18018,7,185.588404
-1.180085,7,185.614187
-1.152183,6,185.639817
-1.177148,7,185.666743
-1.150576,6,185.69046
-1.201158,8,185.720044
-1.177751,7,185.744282
-1.180619,7,185.770908
-1.233879,9,185.801562
-1.178904,7,185.827321
-1.178729,7,185.855302
-1.202664,8,185.88333
-1.199547,8,185.912991
-1.17757,7,185.94121
-1.209265,8,185.971301
-1.209328,8,185.999859
-1.210513,8,186.027063
-1.239258,9,186.059565
-1.182579,7,186.086048
-1.181889,7,186.112188
-1.182961,7,186.140266
-1.182228,7,186.165843
-1.183648,7,186.189943
-1.183113,7,186.218584
-1.28779,11,186.279344
-1.211137,8,186.31635
-1.243691,9,186.369705
-1.184861,7,186.406666
-1.210536,8,186.441305
-1.180371,7,186.47395
-1.151493,6,186.508256
-1.181201,7,186.548776
-1.237333,9,186.595034
-1.234493,9,186.679093
-1.179934,7,186.722059
-1.180107,7,186.750302
-1.179387,7,186.775658
-1.179858,7,186.803693
-1.180223,7,186.833191
-1.241424,9,186.879479
-1.278467,10,186.923819
-1.349013,12,186.974524
-1.277635,10,187.026681
-1.214466,8,187.065692
-1.373945,15,187.131773
-1.240069,9,187.171285
-1.208857,8,187.204339
-1.21301,8,187.233484
-1.21348,8,187.265484
-1.181927,7,187.291093
-1.179457,7,187.317183
-1.151811,6,187.340005
-1.177044,7,187.371905
-1.176439,7,187.401245
-1.175195,7,187.427952
-1.176218,7,187.456918
-1.205359,8,187.485236
-1.258356,10,187.522771
-1.210936,8,187.552747
-1.241678,9,187.585527
-1.183421,7,187.611383
-1.180844,7,187.640486
-1.205874,8,187.671682
-1.206563,8,187.70332
-1.182512,7,187.729366
-1.207975,8,187.764996
-1.179724,7,187.79192
-1.210016,8,187.821967
-1.27209,10,187.859088
-1.217501,8,187.891616
-1.212859,8,187.931122
-1.237851,9,187.972878
-1.212075,8,188.008413
-1.234756,9,188.043158
-1.18315,7,188.074229
-1.207301,8,188.107566
-1.210892,8,188.141883
-1.210891,8,188.182994
-1.268843,10,188.228147
-1.215292,8,188.264137
-1.363027,13,188.31829
-1.216322,8,188.356456
-1.212177,8,188.392308
-1.214713,8,188.427003
-1.211797,8,188.461302
-1.409467,14,188.523411
-1.432276,15,188.580543
-1.27686,10,188.62128
-1.339063,12,188.66917
-1.212863,8,188.701084
-1.215161,8,188.734594
-1.243003,9,188.771467
-1.296808,11,188.816334
-1.241664,9,188.85896
-1.241245,9,188.902999
-1.244469,9,188.957855
-1.21374,8,189.000418
-1.213213,8,189.042623
-1.245952,9,189.086341
-1.213219,8,189.121444
-1.210386,8,189.155116
-1.21535,8,189.186672
-1.241082,9,189.225715
-1.242478,9,189.269162
-1.212874,8,189.305438
-1.183692,7,189.33439
-1.212648,8,189.366202
-1.243869,9,189.403351
-1.24478,9,189.439342
-1.242149,9,189.513928
-1.21513,8,189.545627
-1.2411,9,189.583052
-1.213265,8,189.613554
-1.275503,10,189.650738
-1.269311,10,189.68636
-1.243827,9,189.720041
-1.185391,7,189.750197
-1.210704,8,189.787807
-1.242565,9,189.832612
-1.246196,9,189.882341
-1.275395,10,189.939876
-1.215854,8,189.986627
-1.246001,9,190.049737
-1.243929,9,190.092573
-1.183064,7,190.130882
-1.180316,7,190.169482
-1.181072,7,190.199137
-1.262808,10,190.240519
-1.212317,8,190.276131
-1.181825,7,190.312779
-1.181363,7,190.347813
-1.208179,8,190.378858
-1.180464,7,190.406055
-1.179246,7,190.432813
-1.17949,7,190.463453
-1.237603,9,190.49872
-1.242704,9,190.5319
-1.210819,8,190.563207
-1.183257,7,190.590982
-1.182886,7,190.622389
